Copyright 1986-2022 Xilinx, Inc. All Rights Reserved. Copyright 2022-2026 Advanced Micro Devices, Inc. All Rights Reserved.
-----------------------------------------------------------------------------------------------------------------------------------------------------------------------------------------------------------------------------------------------------------------------------------------------
| Tool Version      : Vivado v.2026.1 (win64) Build 6511674 Tue Jun 16 11:02:23 MDT 2026
| Date              : Sun Sep 20 23:36:47 2026
| Host              : Dani running 64-bit major release  (build 9200)
| Command           : report_timing_summary -max_paths 10 -routable_nets -report_unconstrained -file dp_matched_filter_pipeline_timing_summary_routed.rpt -pb dp_matched_filter_pipeline_timing_summary_routed.pb -rpx dp_matched_filter_pipeline_timing_summary_routed.rpx -warn_on_violation
| Design            : dp_matched_filter_pipeline
| Device            : xck26-sfvc784
| Speed File        : -2LV  PRODUCTION 1.31 12-08-2025
| Design State      : Routed
| Temperature Grade : C
-----------------------------------------------------------------------------------------------------------------------------------------------------------------------------------------------------------------------------------------------------------------------------------------------

Timing Summary Report

------------------------------------------------------------------------------------------------
| Timer Settings
| --------------
------------------------------------------------------------------------------------------------

  Enable Multi Corner Analysis               :  Yes
  Enable Pessimism Removal                   :  Yes
  Pessimism Removal Resolution               :  Nearest Common Node
  Enable Input Delay Default Clock           :  No
  Enable Preset / Clear Arcs                 :  No
  Disable Flight Delays                      :  No
  Ignore I/O Paths                           :  No
  Timing Early Launch at Borrowing Latches   :  No
  Borrow Time for Max Delay Exceptions       :  Yes
  Merge Timing Exceptions                    :  Yes
  Inter-SLR Compensation                     :  Conservative

  Corner  Analyze    Analyze    
  Name    Max Paths  Min Paths  
  ------  ---------  ---------  
  Slow    Yes        Yes        
  Fast    Yes        Yes        


------------------------------------------------------------------------------------------------
| Report Methodology
| ------------------
------------------------------------------------------------------------------------------------

Rule       Severity  Description                    Violations  
---------  --------  -----------------------------  ----------  
TIMING-18  Warning   Missing input or output delay  107         

Note: This report is based on the most recent report_methodology run and may not be up-to-date. Run report_methodology on the current design for the latest report.



check_timing report

Table of Contents
-----------------
1. checking no_clock (0)
2. checking constant_clock (0)
3. checking pulse_width_clock (0)
4. checking unconstrained_internal_endpoints (0)
5. checking no_input_delay (34)
6. checking no_output_delay (73)
7. checking multiple_clock (0)
8. checking generated_clocks (0)
9. checking loops (0)
10. checking partial_input_delay (0)
11. checking partial_output_delay (0)
12. checking latch_loops (0)

1. checking no_clock (0)
------------------------
 There are 0 register/latch pins with no clock.


2. checking constant_clock (0)
------------------------------
 There are 0 register/latch pins with constant_clock.


3. checking pulse_width_clock (0)
---------------------------------
 There are 0 register/latch pins which need pulse_width check


4. checking unconstrained_internal_endpoints (0)
------------------------------------------------
 There are 0 pins that are not constrained for maximum delay.

 There are 0 pins that are not constrained for maximum delay due to constant clock.


5. checking no_input_delay (34)
-------------------------------
 There are 34 input ports with no input delay specified. (HIGH)

 There are 0 input ports with no input delay but user has a false path constraint.


6. checking no_output_delay (73)
--------------------------------
 There are 73 ports with no output delay specified. (HIGH)

 There are 0 ports with no output delay but user has a false path constraint

 There are 0 ports with no output delay but with a timing clock defined on it or propagating through it


7. checking multiple_clock (0)
------------------------------
 There are 0 register/latch pins with multiple clocks.


8. checking generated_clocks (0)
--------------------------------
 There are 0 generated clocks that are not connected to a clock source.


9. checking loops (0)
---------------------
 There are 0 combinational loops in the design.


10. checking partial_input_delay (0)
------------------------------------
 There are 0 input ports with partial input delay specified.


11. checking partial_output_delay (0)
-------------------------------------
 There are 0 ports with partial output delay specified.


12. checking latch_loops (0)
----------------------------
 There are 0 combinational latch loops in the design through latch input



------------------------------------------------------------------------------------------------
| Design Timing Summary
| ---------------------
------------------------------------------------------------------------------------------------

    WNS(ns)      TNS(ns)  TNS Failing Endpoints  TNS Total Endpoints      WHS(ns)      THS(ns)  THS Failing Endpoints  THS Total Endpoints     WPWS(ns)     TPWS(ns)  TPWS Failing Endpoints  TPWS Total Endpoints  
    -------      -------  ---------------------  -------------------      -------      -------  ---------------------  -------------------     --------     --------  ----------------------  --------------------  
      0.241        0.000                      0                 7220        0.035        0.000                      0                 7220        1.725        0.000                       0                   646  


All user specified timing constraints are met.


------------------------------------------------------------------------------------------------
| Clock Summary
| -------------
------------------------------------------------------------------------------------------------

Clock  Waveform(ns)         Period(ns)      Frequency(MHz)
-----  ------------         ----------      --------------
clk    {0.000 2.000}        4.000           250.000         


------------------------------------------------------------------------------------------------
| Intra Clock Table
| -----------------
------------------------------------------------------------------------------------------------

Clock             WNS(ns)      TNS(ns)  TNS Failing Endpoints  TNS Total Endpoints      WHS(ns)      THS(ns)  THS Failing Endpoints  THS Total Endpoints     WPWS(ns)     TPWS(ns)  TPWS Failing Endpoints  TPWS Total Endpoints  
-----             -------      -------  ---------------------  -------------------      -------      -------  ---------------------  -------------------     --------     --------  ----------------------  --------------------  
clk                 0.241        0.000                      0                 7220        0.035        0.000                      0                 7220        1.725        0.000                       0                   646  


------------------------------------------------------------------------------------------------
| Inter Clock Table
| -----------------
------------------------------------------------------------------------------------------------

From Clock    To Clock          WNS(ns)      TNS(ns)  TNS Failing Endpoints  TNS Total Endpoints      WHS(ns)      THS(ns)  THS Failing Endpoints  THS Total Endpoints  
----------    --------          -------      -------  ---------------------  -------------------      -------      -------  ---------------------  -------------------  


------------------------------------------------------------------------------------------------
| Other Path Groups Table
| -----------------------
------------------------------------------------------------------------------------------------

Path Group    From Clock    To Clock          WNS(ns)      TNS(ns)  TNS Failing Endpoints  TNS Total Endpoints      WHS(ns)      THS(ns)  THS Failing Endpoints  THS Total Endpoints  
----------    ----------    --------          -------      -------  ---------------------  -------------------      -------      -------  ---------------------  -------------------  


------------------------------------------------------------------------------------------------
| User Ignored Path Table
| -----------------------
------------------------------------------------------------------------------------------------

Path Group    From Clock    To Clock    
----------    ----------    --------    


------------------------------------------------------------------------------------------------
| Unconstrained Path Table
| ------------------------
------------------------------------------------------------------------------------------------

Path Group    From Clock    To Clock    
----------    ----------    --------    
(none)        clk                         
(none)                      clk           


------------------------------------------------------------------------------------------------
| Timing Details
| --------------
------------------------------------------------------------------------------------------------


---------------------------------------------------------------------------------------------------
From Clock:  clk
  To Clock:  clk

Setup :            0  Failing Endpoints,  Worst Slack        0.241ns,  Total Violation        0.000ns
Hold  :            0  Failing Endpoints,  Worst Slack        0.035ns,  Total Violation        0.000ns
PW    :            0  Failing Endpoints,  Worst Slack        1.725ns,  Total Violation        0.000ns
---------------------------------------------------------------------------------------------------


Max Delay Paths
--------------------------------------------------------------------------------------
Slack (MET) :             0.241ns  (required time - arrival time)
  Source:                 fir_Qx/partial_sum_reg[0]/DSP_OUTPUT_INST/CLK
                            (rising edge-triggered cell DSP_OUTPUT clocked by clk  {rise@0.000ns fall@2.000ns period=4.000ns})
  Destination:            fir_Qx/accumulator_reg_reg/DSP_OUTPUT_INST/ALU_OUT[46]
                            (rising edge-triggered cell DSP_OUTPUT clocked by clk  {rise@0.000ns fall@2.000ns period=4.000ns})
  Path Group:             clk
  Path Type:              Setup (Max at Slow Process Corner)
  Requirement:            4.000ns  (clk rise@4.000ns - clk rise@0.000ns)
  Data Path Delay:        3.603ns  (logic 2.432ns (67.493%)  route 1.171ns (32.507%))
  Logic Levels:           5  (DSP_A_B_DATA=2 DSP_ALU=2 DSP_OUTPUT=1)
  Clock Path Skew:        -0.134ns (DCD - SCD + CPR)
    Destination Clock Delay (DCD):    2.814ns = ( 6.814 - 4.000 ) 
    Source Clock Delay      (SCD):    3.433ns
    Clock Pessimism Removal (CPR):    0.485ns
  Clock Uncertainty:      0.035ns  ((TSJ^2 + TIJ^2)^1/2 + DJ) / 2 + PE
    Total System Jitter     (TSJ):    0.071ns
    Total Input Jitter      (TIJ):    0.000ns
    Discrete Jitter          (DJ):    0.000ns
    Phase Error              (PE):    0.000ns
  Clock Net Delay (Source):      2.405ns (routing 1.131ns, distribution 1.274ns)
  Clock Net Delay (Destination): 2.141ns (routing 1.039ns, distribution 1.102ns)

    Location             Delay type                Incr(ns)  Path(ns)    Netlist Resource(s)
  -------------------------------------------------------------------    -------------------
                         (clock clk rise edge)        0.000     0.000 r  <hidden>
    E5                                                0.000     0.000 r  clk
                         net (fo=0)                   0.000     0.000    clk_IBUF_inst/I
    E5                   INBUF (Prop_INBUF_HPIOB_M_PAD_O)
                                                      0.524     0.524 r  clk_IBUF_inst/INBUF_INST/O
                         net (fo=1, routed)           0.000     0.524    clk_IBUF_inst/OUT
    E5                   IBUFCTRL (Prop_IBUFCTRL_HPIOB_M_I_O)
                                                      0.000     0.524 r  clk_IBUF_inst/IBUFCTRL_INST/O
                         net (fo=1, routed)           0.460     0.984    clk_IBUF
    BUFGCE_X0Y93         BUFGCE (Prop_BUFCE_BUFGCE_I_O)
                                                      0.044     1.028 r  clk_IBUF_BUFG_inst/O
    X0Y2 (CLOCK_ROOT)    net (fo=941, routed)         2.405     3.433    fir_Qx/partial_sum_reg[0]/CLK
    DSP48E2_X9Y56        DSP_OUTPUT                                   r  fir_Qx/partial_sum_reg[0]/DSP_OUTPUT_INST/CLK
  -------------------------------------------------------------------    -------------------
    DSP48E2_X9Y56        DSP_OUTPUT (Prop_DSP_OUTPUT_DSP48E2_CLK_P[21])
                                                      0.304     3.737 f  fir_Qx/partial_sum_reg[0]/DSP_OUTPUT_INST/P[21]
                         net (fo=1, routed)           0.460     4.197    fir_Qx/accumulator_reg0/A[3]
    DSP48E2_X10Y56       DSP_A_B_DATA (Prop_DSP_A_B_DATA_DSP48E2_A[3]_A_ALU[3])
                                                      0.265     4.462 r  fir_Qx/accumulator_reg0/DSP_A_B_DATA_INST/A_ALU[3]
                         net (fo=1, routed)           0.000     4.462    fir_Qx/accumulator_reg0/DSP_A_B_DATA.A_ALU<3>
    DSP48E2_X10Y56       DSP_ALU (Prop_DSP_ALU_DSP48E2_A_ALU[3]_ALU_OUT[23])
                                                      0.726     5.188 r  fir_Qx/accumulator_reg0/DSP_ALU_INST/ALU_OUT[23]
                         net (fo=1, routed)           0.000     5.188    fir_Qx/accumulator_reg0/DSP_ALU.ALU_OUT<23>
    DSP48E2_X10Y56       DSP_OUTPUT (Prop_DSP_OUTPUT_DSP48E2_ALU_OUT[23]_P[23])
                                                      0.146     5.334 f  fir_Qx/accumulator_reg0/DSP_OUTPUT_INST/P[23]
                         net (fo=25, routed)          0.711     6.045    fir_Qx/accumulator_reg_reg/A[28]
    DSP48E2_X8Y56        DSP_A_B_DATA (Prop_DSP_A_B_DATA_DSP48E2_A[28]_A_ALU[28])
                                                      0.265     6.310 r  fir_Qx/accumulator_reg_reg/DSP_A_B_DATA_INST/A_ALU[28]
                         net (fo=1, routed)           0.000     6.310    fir_Qx/accumulator_reg_reg/DSP_A_B_DATA.A_ALU<28>
    DSP48E2_X8Y56        DSP_ALU (Prop_DSP_ALU_DSP48E2_A_ALU[28]_ALU_OUT[46])
                                                      0.726     7.036 r  fir_Qx/accumulator_reg_reg/DSP_ALU_INST/ALU_OUT[46]
                         net (fo=1, routed)           0.000     7.036    fir_Qx/accumulator_reg_reg/DSP_ALU.ALU_OUT<46>
    DSP48E2_X8Y56        DSP_OUTPUT                                   r  fir_Qx/accumulator_reg_reg/DSP_OUTPUT_INST/ALU_OUT[46]
  -------------------------------------------------------------------    -------------------

                         (clock clk rise edge)        4.000     4.000 r  <hidden>
    E5                                                0.000     4.000 r  clk
                         net (fo=0)                   0.000     4.000    clk_IBUF_inst/I
    E5                   INBUF (Prop_INBUF_HPIOB_M_PAD_O)
                                                      0.274     4.274 r  clk_IBUF_inst/INBUF_INST/O
                         net (fo=1, routed)           0.000     4.274    clk_IBUF_inst/OUT
    E5                   IBUFCTRL (Prop_IBUFCTRL_HPIOB_M_I_O)
                                                      0.000     4.274 r  clk_IBUF_inst/IBUFCTRL_INST/O
                         net (fo=1, routed)           0.360     4.634    clk_IBUF
    BUFGCE_X0Y93         BUFGCE (Prop_BUFCE_BUFGCE_I_O)
                                                      0.039     4.673 r  clk_IBUF_BUFG_inst/O
    X0Y2 (CLOCK_ROOT)    net (fo=941, routed)         2.141     6.814    fir_Qx/accumulator_reg_reg/CLK
    DSP48E2_X8Y56        DSP_OUTPUT                                   r  fir_Qx/accumulator_reg_reg/DSP_OUTPUT_INST/CLK
                         clock pessimism              0.485     7.299    <hidden>
                         clock uncertainty           -0.035     7.263    <hidden>
    DSP48E2_X8Y56        DSP_OUTPUT (Setup_DSP_OUTPUT_DSP48E2_CLK_ALU_OUT[46])
                                                      0.014     7.277    fir_Qx/accumulator_reg_reg/DSP_OUTPUT_INST
  -------------------------------------------------------------------
                         required time                          7.277    <hidden>
                         arrival time                          -7.036    <hidden>
  -------------------------------------------------------------------
                         slack                                  0.241    <hidden>

Slack (MET) :             0.241ns  (required time - arrival time)
  Source:                 fir_Qx/partial_sum_reg[0]/DSP_OUTPUT_INST/CLK
                            (rising edge-triggered cell DSP_OUTPUT clocked by clk  {rise@0.000ns fall@2.000ns period=4.000ns})
  Destination:            fir_Qx/accumulator_reg_reg/DSP_OUTPUT_INST/ALU_OUT[47]
                            (rising edge-triggered cell DSP_OUTPUT clocked by clk  {rise@0.000ns fall@2.000ns period=4.000ns})
  Path Group:             clk
  Path Type:              Setup (Max at Slow Process Corner)
  Requirement:            4.000ns  (clk rise@4.000ns - clk rise@0.000ns)
  Data Path Delay:        3.603ns  (logic 2.432ns (67.493%)  route 1.171ns (32.507%))
  Logic Levels:           5  (DSP_A_B_DATA=2 DSP_ALU=2 DSP_OUTPUT=1)
  Clock Path Skew:        -0.134ns (DCD - SCD + CPR)
    Destination Clock Delay (DCD):    2.814ns = ( 6.814 - 4.000 ) 
    Source Clock Delay      (SCD):    3.433ns
    Clock Pessimism Removal (CPR):    0.485ns
  Clock Uncertainty:      0.035ns  ((TSJ^2 + TIJ^2)^1/2 + DJ) / 2 + PE
    Total System Jitter     (TSJ):    0.071ns
    Total Input Jitter      (TIJ):    0.000ns
    Discrete Jitter          (DJ):    0.000ns
    Phase Error              (PE):    0.000ns
  Clock Net Delay (Source):      2.405ns (routing 1.131ns, distribution 1.274ns)
  Clock Net Delay (Destination): 2.141ns (routing 1.039ns, distribution 1.102ns)

    Location             Delay type                Incr(ns)  Path(ns)    Netlist Resource(s)
  -------------------------------------------------------------------    -------------------
                         (clock clk rise edge)        0.000     0.000 r  <hidden>
    E5                                                0.000     0.000 r  clk
                         net (fo=0)                   0.000     0.000    clk_IBUF_inst/I
    E5                   INBUF (Prop_INBUF_HPIOB_M_PAD_O)
                                                      0.524     0.524 r  clk_IBUF_inst/INBUF_INST/O
                         net (fo=1, routed)           0.000     0.524    clk_IBUF_inst/OUT
    E5                   IBUFCTRL (Prop_IBUFCTRL_HPIOB_M_I_O)
                                                      0.000     0.524 r  clk_IBUF_inst/IBUFCTRL_INST/O
                         net (fo=1, routed)           0.460     0.984    clk_IBUF
    BUFGCE_X0Y93         BUFGCE (Prop_BUFCE_BUFGCE_I_O)
                                                      0.044     1.028 r  clk_IBUF_BUFG_inst/O
    X0Y2 (CLOCK_ROOT)    net (fo=941, routed)         2.405     3.433    fir_Qx/partial_sum_reg[0]/CLK
    DSP48E2_X9Y56        DSP_OUTPUT                                   r  fir_Qx/partial_sum_reg[0]/DSP_OUTPUT_INST/CLK
  -------------------------------------------------------------------    -------------------
    DSP48E2_X9Y56        DSP_OUTPUT (Prop_DSP_OUTPUT_DSP48E2_CLK_P[21])
                                                      0.304     3.737 f  fir_Qx/partial_sum_reg[0]/DSP_OUTPUT_INST/P[21]
                         net (fo=1, routed)           0.460     4.197    fir_Qx/accumulator_reg0/A[3]
    DSP48E2_X10Y56       DSP_A_B_DATA (Prop_DSP_A_B_DATA_DSP48E2_A[3]_A_ALU[3])
                                                      0.265     4.462 r  fir_Qx/accumulator_reg0/DSP_A_B_DATA_INST/A_ALU[3]
                         net (fo=1, routed)           0.000     4.462    fir_Qx/accumulator_reg0/DSP_A_B_DATA.A_ALU<3>
    DSP48E2_X10Y56       DSP_ALU (Prop_DSP_ALU_DSP48E2_A_ALU[3]_ALU_OUT[23])
                                                      0.726     5.188 r  fir_Qx/accumulator_reg0/DSP_ALU_INST/ALU_OUT[23]
                         net (fo=1, routed)           0.000     5.188    fir_Qx/accumulator_reg0/DSP_ALU.ALU_OUT<23>
    DSP48E2_X10Y56       DSP_OUTPUT (Prop_DSP_OUTPUT_DSP48E2_ALU_OUT[23]_P[23])
                                                      0.146     5.334 f  fir_Qx/accumulator_reg0/DSP_OUTPUT_INST/P[23]
                         net (fo=25, routed)          0.711     6.045    fir_Qx/accumulator_reg_reg/A[28]
    DSP48E2_X8Y56        DSP_A_B_DATA (Prop_DSP_A_B_DATA_DSP48E2_A[28]_A_ALU[28])
                                                      0.265     6.310 r  fir_Qx/accumulator_reg_reg/DSP_A_B_DATA_INST/A_ALU[28]
                         net (fo=1, routed)           0.000     6.310    fir_Qx/accumulator_reg_reg/DSP_A_B_DATA.A_ALU<28>
    DSP48E2_X8Y56        DSP_ALU (Prop_DSP_ALU_DSP48E2_A_ALU[28]_ALU_OUT[47])
                                                      0.726     7.036 r  fir_Qx/accumulator_reg_reg/DSP_ALU_INST/ALU_OUT[47]
                         net (fo=1, routed)           0.000     7.036    fir_Qx/accumulator_reg_reg/DSP_ALU.ALU_OUT<47>
    DSP48E2_X8Y56        DSP_OUTPUT                                   r  fir_Qx/accumulator_reg_reg/DSP_OUTPUT_INST/ALU_OUT[47]
  -------------------------------------------------------------------    -------------------

                         (clock clk rise edge)        4.000     4.000 r  <hidden>
    E5                                                0.000     4.000 r  clk
                         net (fo=0)                   0.000     4.000    clk_IBUF_inst/I
    E5                   INBUF (Prop_INBUF_HPIOB_M_PAD_O)
                                                      0.274     4.274 r  clk_IBUF_inst/INBUF_INST/O
                         net (fo=1, routed)           0.000     4.274    clk_IBUF_inst/OUT
    E5                   IBUFCTRL (Prop_IBUFCTRL_HPIOB_M_I_O)
                                                      0.000     4.274 r  clk_IBUF_inst/IBUFCTRL_INST/O
                         net (fo=1, routed)           0.360     4.634    clk_IBUF
    BUFGCE_X0Y93         BUFGCE (Prop_BUFCE_BUFGCE_I_O)
                                                      0.039     4.673 r  clk_IBUF_BUFG_inst/O
    X0Y2 (CLOCK_ROOT)    net (fo=941, routed)         2.141     6.814    fir_Qx/accumulator_reg_reg/CLK
    DSP48E2_X8Y56        DSP_OUTPUT                                   r  fir_Qx/accumulator_reg_reg/DSP_OUTPUT_INST/CLK
                         clock pessimism              0.485     7.299    <hidden>
                         clock uncertainty           -0.035     7.263    <hidden>
    DSP48E2_X8Y56        DSP_OUTPUT (Setup_DSP_OUTPUT_DSP48E2_CLK_ALU_OUT[47])
                                                      0.014     7.277    fir_Qx/accumulator_reg_reg/DSP_OUTPUT_INST
  -------------------------------------------------------------------
                         required time                          7.277    <hidden>
                         arrival time                          -7.036    <hidden>
  -------------------------------------------------------------------
                         slack                                  0.241    <hidden>

Slack (MET) :             0.255ns  (required time - arrival time)
  Source:                 fir_Qx/partial_sum_reg[0]/DSP_OUTPUT_INST/CLK
                            (rising edge-triggered cell DSP_OUTPUT clocked by clk  {rise@0.000ns fall@2.000ns period=4.000ns})
  Destination:            fir_Qx/accumulator_reg_reg/DSP_OUTPUT_INST/ALU_OUT[41]
                            (rising edge-triggered cell DSP_OUTPUT clocked by clk  {rise@0.000ns fall@2.000ns period=4.000ns})
  Path Group:             clk
  Path Type:              Setup (Max at Slow Process Corner)
  Requirement:            4.000ns  (clk rise@4.000ns - clk rise@0.000ns)
  Data Path Delay:        3.589ns  (logic 2.432ns (67.758%)  route 1.157ns (32.242%))
  Logic Levels:           5  (DSP_A_B_DATA=2 DSP_ALU=2 DSP_OUTPUT=1)
  Clock Path Skew:        -0.134ns (DCD - SCD + CPR)
    Destination Clock Delay (DCD):    2.814ns = ( 6.814 - 4.000 ) 
    Source Clock Delay      (SCD):    3.433ns
    Clock Pessimism Removal (CPR):    0.485ns
  Clock Uncertainty:      0.035ns  ((TSJ^2 + TIJ^2)^1/2 + DJ) / 2 + PE
    Total System Jitter     (TSJ):    0.071ns
    Total Input Jitter      (TIJ):    0.000ns
    Discrete Jitter          (DJ):    0.000ns
    Phase Error              (PE):    0.000ns
  Clock Net Delay (Source):      2.405ns (routing 1.131ns, distribution 1.274ns)
  Clock Net Delay (Destination): 2.141ns (routing 1.039ns, distribution 1.102ns)

    Location             Delay type                Incr(ns)  Path(ns)    Netlist Resource(s)
  -------------------------------------------------------------------    -------------------
                         (clock clk rise edge)        0.000     0.000 r  <hidden>
    E5                                                0.000     0.000 r  clk
                         net (fo=0)                   0.000     0.000    clk_IBUF_inst/I
    E5                   INBUF (Prop_INBUF_HPIOB_M_PAD_O)
                                                      0.524     0.524 r  clk_IBUF_inst/INBUF_INST/O
                         net (fo=1, routed)           0.000     0.524    clk_IBUF_inst/OUT
    E5                   IBUFCTRL (Prop_IBUFCTRL_HPIOB_M_I_O)
                                                      0.000     0.524 r  clk_IBUF_inst/IBUFCTRL_INST/O
                         net (fo=1, routed)           0.460     0.984    clk_IBUF
    BUFGCE_X0Y93         BUFGCE (Prop_BUFCE_BUFGCE_I_O)
                                                      0.044     1.028 r  clk_IBUF_BUFG_inst/O
    X0Y2 (CLOCK_ROOT)    net (fo=941, routed)         2.405     3.433    fir_Qx/partial_sum_reg[0]/CLK
    DSP48E2_X9Y56        DSP_OUTPUT                                   r  fir_Qx/partial_sum_reg[0]/DSP_OUTPUT_INST/CLK
  -------------------------------------------------------------------    -------------------
    DSP48E2_X9Y56        DSP_OUTPUT (Prop_DSP_OUTPUT_DSP48E2_CLK_P[21])
                                                      0.304     3.737 f  fir_Qx/partial_sum_reg[0]/DSP_OUTPUT_INST/P[21]
                         net (fo=1, routed)           0.460     4.197    fir_Qx/accumulator_reg0/A[3]
    DSP48E2_X10Y56       DSP_A_B_DATA (Prop_DSP_A_B_DATA_DSP48E2_A[3]_A_ALU[3])
                                                      0.265     4.462 r  fir_Qx/accumulator_reg0/DSP_A_B_DATA_INST/A_ALU[3]
                         net (fo=1, routed)           0.000     4.462    fir_Qx/accumulator_reg0/DSP_A_B_DATA.A_ALU<3>
    DSP48E2_X10Y56       DSP_ALU (Prop_DSP_ALU_DSP48E2_A_ALU[3]_ALU_OUT[23])
                                                      0.726     5.188 r  fir_Qx/accumulator_reg0/DSP_ALU_INST/ALU_OUT[23]
                         net (fo=1, routed)           0.000     5.188    fir_Qx/accumulator_reg0/DSP_ALU.ALU_OUT<23>
    DSP48E2_X10Y56       DSP_OUTPUT (Prop_DSP_OUTPUT_DSP48E2_ALU_OUT[23]_P[23])
                                                      0.146     5.334 f  fir_Qx/accumulator_reg0/DSP_OUTPUT_INST/P[23]
                         net (fo=25, routed)          0.697     6.031    fir_Qx/accumulator_reg_reg/A[23]
    DSP48E2_X8Y56        DSP_A_B_DATA (Prop_DSP_A_B_DATA_DSP48E2_A[23]_A_ALU[23])
                                                      0.265     6.296 r  fir_Qx/accumulator_reg_reg/DSP_A_B_DATA_INST/A_ALU[23]
                         net (fo=1, routed)           0.000     6.296    fir_Qx/accumulator_reg_reg/DSP_A_B_DATA.A_ALU<23>
    DSP48E2_X8Y56        DSP_ALU (Prop_DSP_ALU_DSP48E2_A_ALU[23]_ALU_OUT[41])
                                                      0.726     7.022 r  fir_Qx/accumulator_reg_reg/DSP_ALU_INST/ALU_OUT[41]
                         net (fo=1, routed)           0.000     7.022    fir_Qx/accumulator_reg_reg/DSP_ALU.ALU_OUT<41>
    DSP48E2_X8Y56        DSP_OUTPUT                                   r  fir_Qx/accumulator_reg_reg/DSP_OUTPUT_INST/ALU_OUT[41]
  -------------------------------------------------------------------    -------------------

                         (clock clk rise edge)        4.000     4.000 r  <hidden>
    E5                                                0.000     4.000 r  clk
                         net (fo=0)                   0.000     4.000    clk_IBUF_inst/I
    E5                   INBUF (Prop_INBUF_HPIOB_M_PAD_O)
                                                      0.274     4.274 r  clk_IBUF_inst/INBUF_INST/O
                         net (fo=1, routed)           0.000     4.274    clk_IBUF_inst/OUT
    E5                   IBUFCTRL (Prop_IBUFCTRL_HPIOB_M_I_O)
                                                      0.000     4.274 r  clk_IBUF_inst/IBUFCTRL_INST/O
                         net (fo=1, routed)           0.360     4.634    clk_IBUF
    BUFGCE_X0Y93         BUFGCE (Prop_BUFCE_BUFGCE_I_O)
                                                      0.039     4.673 r  clk_IBUF_BUFG_inst/O
    X0Y2 (CLOCK_ROOT)    net (fo=941, routed)         2.141     6.814    fir_Qx/accumulator_reg_reg/CLK
    DSP48E2_X8Y56        DSP_OUTPUT                                   r  fir_Qx/accumulator_reg_reg/DSP_OUTPUT_INST/CLK
                         clock pessimism              0.485     7.299    <hidden>
                         clock uncertainty           -0.035     7.263    <hidden>
    DSP48E2_X8Y56        DSP_OUTPUT (Setup_DSP_OUTPUT_DSP48E2_CLK_ALU_OUT[41])
                                                      0.014     7.277    fir_Qx/accumulator_reg_reg/DSP_OUTPUT_INST
  -------------------------------------------------------------------
                         required time                          7.277    <hidden>
                         arrival time                          -7.022    <hidden>
  -------------------------------------------------------------------
                         slack                                  0.255    <hidden>

Slack (MET) :             0.255ns  (required time - arrival time)
  Source:                 fir_Qx/partial_sum_reg[0]/DSP_OUTPUT_INST/CLK
                            (rising edge-triggered cell DSP_OUTPUT clocked by clk  {rise@0.000ns fall@2.000ns period=4.000ns})
  Destination:            fir_Qx/accumulator_reg_reg/DSP_OUTPUT_INST/ALU_OUT[42]
                            (rising edge-triggered cell DSP_OUTPUT clocked by clk  {rise@0.000ns fall@2.000ns period=4.000ns})
  Path Group:             clk
  Path Type:              Setup (Max at Slow Process Corner)
  Requirement:            4.000ns  (clk rise@4.000ns - clk rise@0.000ns)
  Data Path Delay:        3.589ns  (logic 2.432ns (67.758%)  route 1.157ns (32.242%))
  Logic Levels:           5  (DSP_A_B_DATA=2 DSP_ALU=2 DSP_OUTPUT=1)
  Clock Path Skew:        -0.134ns (DCD - SCD + CPR)
    Destination Clock Delay (DCD):    2.814ns = ( 6.814 - 4.000 ) 
    Source Clock Delay      (SCD):    3.433ns
    Clock Pessimism Removal (CPR):    0.485ns
  Clock Uncertainty:      0.035ns  ((TSJ^2 + TIJ^2)^1/2 + DJ) / 2 + PE
    Total System Jitter     (TSJ):    0.071ns
    Total Input Jitter      (TIJ):    0.000ns
    Discrete Jitter          (DJ):    0.000ns
    Phase Error              (PE):    0.000ns
  Clock Net Delay (Source):      2.405ns (routing 1.131ns, distribution 1.274ns)
  Clock Net Delay (Destination): 2.141ns (routing 1.039ns, distribution 1.102ns)

    Location             Delay type                Incr(ns)  Path(ns)    Netlist Resource(s)
  -------------------------------------------------------------------    -------------------
                         (clock clk rise edge)        0.000     0.000 r  <hidden>
    E5                                                0.000     0.000 r  clk
                         net (fo=0)                   0.000     0.000    clk_IBUF_inst/I
    E5                   INBUF (Prop_INBUF_HPIOB_M_PAD_O)
                                                      0.524     0.524 r  clk_IBUF_inst/INBUF_INST/O
                         net (fo=1, routed)           0.000     0.524    clk_IBUF_inst/OUT
    E5                   IBUFCTRL (Prop_IBUFCTRL_HPIOB_M_I_O)
                                                      0.000     0.524 r  clk_IBUF_inst/IBUFCTRL_INST/O
                         net (fo=1, routed)           0.460     0.984    clk_IBUF
    BUFGCE_X0Y93         BUFGCE (Prop_BUFCE_BUFGCE_I_O)
                                                      0.044     1.028 r  clk_IBUF_BUFG_inst/O
    X0Y2 (CLOCK_ROOT)    net (fo=941, routed)         2.405     3.433    fir_Qx/partial_sum_reg[0]/CLK
    DSP48E2_X9Y56        DSP_OUTPUT                                   r  fir_Qx/partial_sum_reg[0]/DSP_OUTPUT_INST/CLK
  -------------------------------------------------------------------    -------------------
    DSP48E2_X9Y56        DSP_OUTPUT (Prop_DSP_OUTPUT_DSP48E2_CLK_P[21])
                                                      0.304     3.737 f  fir_Qx/partial_sum_reg[0]/DSP_OUTPUT_INST/P[21]
                         net (fo=1, routed)           0.460     4.197    fir_Qx/accumulator_reg0/A[3]
    DSP48E2_X10Y56       DSP_A_B_DATA (Prop_DSP_A_B_DATA_DSP48E2_A[3]_A_ALU[3])
                                                      0.265     4.462 r  fir_Qx/accumulator_reg0/DSP_A_B_DATA_INST/A_ALU[3]
                         net (fo=1, routed)           0.000     4.462    fir_Qx/accumulator_reg0/DSP_A_B_DATA.A_ALU<3>
    DSP48E2_X10Y56       DSP_ALU (Prop_DSP_ALU_DSP48E2_A_ALU[3]_ALU_OUT[23])
                                                      0.726     5.188 r  fir_Qx/accumulator_reg0/DSP_ALU_INST/ALU_OUT[23]
                         net (fo=1, routed)           0.000     5.188    fir_Qx/accumulator_reg0/DSP_ALU.ALU_OUT<23>
    DSP48E2_X10Y56       DSP_OUTPUT (Prop_DSP_OUTPUT_DSP48E2_ALU_OUT[23]_P[23])
                                                      0.146     5.334 f  fir_Qx/accumulator_reg0/DSP_OUTPUT_INST/P[23]
                         net (fo=25, routed)          0.697     6.031    fir_Qx/accumulator_reg_reg/A[23]
    DSP48E2_X8Y56        DSP_A_B_DATA (Prop_DSP_A_B_DATA_DSP48E2_A[23]_A_ALU[23])
                                                      0.265     6.296 r  fir_Qx/accumulator_reg_reg/DSP_A_B_DATA_INST/A_ALU[23]
                         net (fo=1, routed)           0.000     6.296    fir_Qx/accumulator_reg_reg/DSP_A_B_DATA.A_ALU<23>
    DSP48E2_X8Y56        DSP_ALU (Prop_DSP_ALU_DSP48E2_A_ALU[23]_ALU_OUT[42])
                                                      0.726     7.022 r  fir_Qx/accumulator_reg_reg/DSP_ALU_INST/ALU_OUT[42]
                         net (fo=1, routed)           0.000     7.022    fir_Qx/accumulator_reg_reg/DSP_ALU.ALU_OUT<42>
    DSP48E2_X8Y56        DSP_OUTPUT                                   r  fir_Qx/accumulator_reg_reg/DSP_OUTPUT_INST/ALU_OUT[42]
  -------------------------------------------------------------------    -------------------

                         (clock clk rise edge)        4.000     4.000 r  <hidden>
    E5                                                0.000     4.000 r  clk
                         net (fo=0)                   0.000     4.000    clk_IBUF_inst/I
    E5                   INBUF (Prop_INBUF_HPIOB_M_PAD_O)
                                                      0.274     4.274 r  clk_IBUF_inst/INBUF_INST/O
                         net (fo=1, routed)           0.000     4.274    clk_IBUF_inst/OUT
    E5                   IBUFCTRL (Prop_IBUFCTRL_HPIOB_M_I_O)
                                                      0.000     4.274 r  clk_IBUF_inst/IBUFCTRL_INST/O
                         net (fo=1, routed)           0.360     4.634    clk_IBUF
    BUFGCE_X0Y93         BUFGCE (Prop_BUFCE_BUFGCE_I_O)
                                                      0.039     4.673 r  clk_IBUF_BUFG_inst/O
    X0Y2 (CLOCK_ROOT)    net (fo=941, routed)         2.141     6.814    fir_Qx/accumulator_reg_reg/CLK
    DSP48E2_X8Y56        DSP_OUTPUT                                   r  fir_Qx/accumulator_reg_reg/DSP_OUTPUT_INST/CLK
                         clock pessimism              0.485     7.299    <hidden>
                         clock uncertainty           -0.035     7.263    <hidden>
    DSP48E2_X8Y56        DSP_OUTPUT (Setup_DSP_OUTPUT_DSP48E2_CLK_ALU_OUT[42])
                                                      0.014     7.277    fir_Qx/accumulator_reg_reg/DSP_OUTPUT_INST
  -------------------------------------------------------------------
                         required time                          7.277    <hidden>
                         arrival time                          -7.022    <hidden>
  -------------------------------------------------------------------
                         slack                                  0.255    <hidden>

Slack (MET) :             0.255ns  (required time - arrival time)
  Source:                 fir_Qx/partial_sum_reg[0]/DSP_OUTPUT_INST/CLK
                            (rising edge-triggered cell DSP_OUTPUT clocked by clk  {rise@0.000ns fall@2.000ns period=4.000ns})
  Destination:            fir_Qx/accumulator_reg_reg/DSP_OUTPUT_INST/ALU_OUT[43]
                            (rising edge-triggered cell DSP_OUTPUT clocked by clk  {rise@0.000ns fall@2.000ns period=4.000ns})
  Path Group:             clk
  Path Type:              Setup (Max at Slow Process Corner)
  Requirement:            4.000ns  (clk rise@4.000ns - clk rise@0.000ns)
  Data Path Delay:        3.589ns  (logic 2.432ns (67.758%)  route 1.157ns (32.242%))
  Logic Levels:           5  (DSP_A_B_DATA=2 DSP_ALU=2 DSP_OUTPUT=1)
  Clock Path Skew:        -0.134ns (DCD - SCD + CPR)
    Destination Clock Delay (DCD):    2.814ns = ( 6.814 - 4.000 ) 
    Source Clock Delay      (SCD):    3.433ns
    Clock Pessimism Removal (CPR):    0.485ns
  Clock Uncertainty:      0.035ns  ((TSJ^2 + TIJ^2)^1/2 + DJ) / 2 + PE
    Total System Jitter     (TSJ):    0.071ns
    Total Input Jitter      (TIJ):    0.000ns
    Discrete Jitter          (DJ):    0.000ns
    Phase Error              (PE):    0.000ns
  Clock Net Delay (Source):      2.405ns (routing 1.131ns, distribution 1.274ns)
  Clock Net Delay (Destination): 2.141ns (routing 1.039ns, distribution 1.102ns)

    Location             Delay type                Incr(ns)  Path(ns)    Netlist Resource(s)
  -------------------------------------------------------------------    -------------------
                         (clock clk rise edge)        0.000     0.000 r  <hidden>
    E5                                                0.000     0.000 r  clk
                         net (fo=0)                   0.000     0.000    clk_IBUF_inst/I
    E5                   INBUF (Prop_INBUF_HPIOB_M_PAD_O)
                                                      0.524     0.524 r  clk_IBUF_inst/INBUF_INST/O
                         net (fo=1, routed)           0.000     0.524    clk_IBUF_inst/OUT
    E5                   IBUFCTRL (Prop_IBUFCTRL_HPIOB_M_I_O)
                                                      0.000     0.524 r  clk_IBUF_inst/IBUFCTRL_INST/O
                         net (fo=1, routed)           0.460     0.984    clk_IBUF
    BUFGCE_X0Y93         BUFGCE (Prop_BUFCE_BUFGCE_I_O)
                                                      0.044     1.028 r  clk_IBUF_BUFG_inst/O
    X0Y2 (CLOCK_ROOT)    net (fo=941, routed)         2.405     3.433    fir_Qx/partial_sum_reg[0]/CLK
    DSP48E2_X9Y56        DSP_OUTPUT                                   r  fir_Qx/partial_sum_reg[0]/DSP_OUTPUT_INST/CLK
  -------------------------------------------------------------------    -------------------
    DSP48E2_X9Y56        DSP_OUTPUT (Prop_DSP_OUTPUT_DSP48E2_CLK_P[21])
                                                      0.304     3.737 f  fir_Qx/partial_sum_reg[0]/DSP_OUTPUT_INST/P[21]
                         net (fo=1, routed)           0.460     4.197    fir_Qx/accumulator_reg0/A[3]
    DSP48E2_X10Y56       DSP_A_B_DATA (Prop_DSP_A_B_DATA_DSP48E2_A[3]_A_ALU[3])
                                                      0.265     4.462 r  fir_Qx/accumulator_reg0/DSP_A_B_DATA_INST/A_ALU[3]
                         net (fo=1, routed)           0.000     4.462    fir_Qx/accumulator_reg0/DSP_A_B_DATA.A_ALU<3>
    DSP48E2_X10Y56       DSP_ALU (Prop_DSP_ALU_DSP48E2_A_ALU[3]_ALU_OUT[23])
                                                      0.726     5.188 r  fir_Qx/accumulator_reg0/DSP_ALU_INST/ALU_OUT[23]
                         net (fo=1, routed)           0.000     5.188    fir_Qx/accumulator_reg0/DSP_ALU.ALU_OUT<23>
    DSP48E2_X10Y56       DSP_OUTPUT (Prop_DSP_OUTPUT_DSP48E2_ALU_OUT[23]_P[23])
                                                      0.146     5.334 f  fir_Qx/accumulator_reg0/DSP_OUTPUT_INST/P[23]
                         net (fo=25, routed)          0.697     6.031    fir_Qx/accumulator_reg_reg/A[23]
    DSP48E2_X8Y56        DSP_A_B_DATA (Prop_DSP_A_B_DATA_DSP48E2_A[23]_A_ALU[23])
                                                      0.265     6.296 r  fir_Qx/accumulator_reg_reg/DSP_A_B_DATA_INST/A_ALU[23]
                         net (fo=1, routed)           0.000     6.296    fir_Qx/accumulator_reg_reg/DSP_A_B_DATA.A_ALU<23>
    DSP48E2_X8Y56        DSP_ALU (Prop_DSP_ALU_DSP48E2_A_ALU[23]_ALU_OUT[43])
                                                      0.726     7.022 r  fir_Qx/accumulator_reg_reg/DSP_ALU_INST/ALU_OUT[43]
                         net (fo=1, routed)           0.000     7.022    fir_Qx/accumulator_reg_reg/DSP_ALU.ALU_OUT<43>
    DSP48E2_X8Y56        DSP_OUTPUT                                   r  fir_Qx/accumulator_reg_reg/DSP_OUTPUT_INST/ALU_OUT[43]
  -------------------------------------------------------------------    -------------------

                         (clock clk rise edge)        4.000     4.000 r  <hidden>
    E5                                                0.000     4.000 r  clk
                         net (fo=0)                   0.000     4.000    clk_IBUF_inst/I
    E5                   INBUF (Prop_INBUF_HPIOB_M_PAD_O)
                                                      0.274     4.274 r  clk_IBUF_inst/INBUF_INST/O
                         net (fo=1, routed)           0.000     4.274    clk_IBUF_inst/OUT
    E5                   IBUFCTRL (Prop_IBUFCTRL_HPIOB_M_I_O)
                                                      0.000     4.274 r  clk_IBUF_inst/IBUFCTRL_INST/O
                         net (fo=1, routed)           0.360     4.634    clk_IBUF
    BUFGCE_X0Y93         BUFGCE (Prop_BUFCE_BUFGCE_I_O)
                                                      0.039     4.673 r  clk_IBUF_BUFG_inst/O
    X0Y2 (CLOCK_ROOT)    net (fo=941, routed)         2.141     6.814    fir_Qx/accumulator_reg_reg/CLK
    DSP48E2_X8Y56        DSP_OUTPUT                                   r  fir_Qx/accumulator_reg_reg/DSP_OUTPUT_INST/CLK
                         clock pessimism              0.485     7.299    <hidden>
                         clock uncertainty           -0.035     7.263    <hidden>
    DSP48E2_X8Y56        DSP_OUTPUT (Setup_DSP_OUTPUT_DSP48E2_CLK_ALU_OUT[43])
                                                      0.014     7.277    fir_Qx/accumulator_reg_reg/DSP_OUTPUT_INST
  -------------------------------------------------------------------
                         required time                          7.277    <hidden>
                         arrival time                          -7.022    <hidden>
  -------------------------------------------------------------------
                         slack                                  0.255    <hidden>

Slack (MET) :             0.255ns  (required time - arrival time)
  Source:                 fir_Qx/partial_sum_reg[0]/DSP_OUTPUT_INST/CLK
                            (rising edge-triggered cell DSP_OUTPUT clocked by clk  {rise@0.000ns fall@2.000ns period=4.000ns})
  Destination:            fir_Qx/accumulator_reg_reg/DSP_OUTPUT_INST/ALU_OUT[44]
                            (rising edge-triggered cell DSP_OUTPUT clocked by clk  {rise@0.000ns fall@2.000ns period=4.000ns})
  Path Group:             clk
  Path Type:              Setup (Max at Slow Process Corner)
  Requirement:            4.000ns  (clk rise@4.000ns - clk rise@0.000ns)
  Data Path Delay:        3.589ns  (logic 2.432ns (67.758%)  route 1.157ns (32.242%))
  Logic Levels:           5  (DSP_A_B_DATA=2 DSP_ALU=2 DSP_OUTPUT=1)
  Clock Path Skew:        -0.134ns (DCD - SCD + CPR)
    Destination Clock Delay (DCD):    2.814ns = ( 6.814 - 4.000 ) 
    Source Clock Delay      (SCD):    3.433ns
    Clock Pessimism Removal (CPR):    0.485ns
  Clock Uncertainty:      0.035ns  ((TSJ^2 + TIJ^2)^1/2 + DJ) / 2 + PE
    Total System Jitter     (TSJ):    0.071ns
    Total Input Jitter      (TIJ):    0.000ns
    Discrete Jitter          (DJ):    0.000ns
    Phase Error              (PE):    0.000ns
  Clock Net Delay (Source):      2.405ns (routing 1.131ns, distribution 1.274ns)
  Clock Net Delay (Destination): 2.141ns (routing 1.039ns, distribution 1.102ns)

    Location             Delay type                Incr(ns)  Path(ns)    Netlist Resource(s)
  -------------------------------------------------------------------    -------------------
                         (clock clk rise edge)        0.000     0.000 r  <hidden>
    E5                                                0.000     0.000 r  clk
                         net (fo=0)                   0.000     0.000    clk_IBUF_inst/I
    E5                   INBUF (Prop_INBUF_HPIOB_M_PAD_O)
                                                      0.524     0.524 r  clk_IBUF_inst/INBUF_INST/O
                         net (fo=1, routed)           0.000     0.524    clk_IBUF_inst/OUT
    E5                   IBUFCTRL (Prop_IBUFCTRL_HPIOB_M_I_O)
                                                      0.000     0.524 r  clk_IBUF_inst/IBUFCTRL_INST/O
                         net (fo=1, routed)           0.460     0.984    clk_IBUF
    BUFGCE_X0Y93         BUFGCE (Prop_BUFCE_BUFGCE_I_O)
                                                      0.044     1.028 r  clk_IBUF_BUFG_inst/O
    X0Y2 (CLOCK_ROOT)    net (fo=941, routed)         2.405     3.433    fir_Qx/partial_sum_reg[0]/CLK
    DSP48E2_X9Y56        DSP_OUTPUT                                   r  fir_Qx/partial_sum_reg[0]/DSP_OUTPUT_INST/CLK
  -------------------------------------------------------------------    -------------------
    DSP48E2_X9Y56        DSP_OUTPUT (Prop_DSP_OUTPUT_DSP48E2_CLK_P[21])
                                                      0.304     3.737 f  fir_Qx/partial_sum_reg[0]/DSP_OUTPUT_INST/P[21]
                         net (fo=1, routed)           0.460     4.197    fir_Qx/accumulator_reg0/A[3]
    DSP48E2_X10Y56       DSP_A_B_DATA (Prop_DSP_A_B_DATA_DSP48E2_A[3]_A_ALU[3])
                                                      0.265     4.462 r  fir_Qx/accumulator_reg0/DSP_A_B_DATA_INST/A_ALU[3]
                         net (fo=1, routed)           0.000     4.462    fir_Qx/accumulator_reg0/DSP_A_B_DATA.A_ALU<3>
    DSP48E2_X10Y56       DSP_ALU (Prop_DSP_ALU_DSP48E2_A_ALU[3]_ALU_OUT[23])
                                                      0.726     5.188 r  fir_Qx/accumulator_reg0/DSP_ALU_INST/ALU_OUT[23]
                         net (fo=1, routed)           0.000     5.188    fir_Qx/accumulator_reg0/DSP_ALU.ALU_OUT<23>
    DSP48E2_X10Y56       DSP_OUTPUT (Prop_DSP_OUTPUT_DSP48E2_ALU_OUT[23]_P[23])
                                                      0.146     5.334 f  fir_Qx/accumulator_reg0/DSP_OUTPUT_INST/P[23]
                         net (fo=25, routed)          0.697     6.031    fir_Qx/accumulator_reg_reg/A[23]
    DSP48E2_X8Y56        DSP_A_B_DATA (Prop_DSP_A_B_DATA_DSP48E2_A[23]_A_ALU[23])
                                                      0.265     6.296 r  fir_Qx/accumulator_reg_reg/DSP_A_B_DATA_INST/A_ALU[23]
                         net (fo=1, routed)           0.000     6.296    fir_Qx/accumulator_reg_reg/DSP_A_B_DATA.A_ALU<23>
    DSP48E2_X8Y56        DSP_ALU (Prop_DSP_ALU_DSP48E2_A_ALU[23]_ALU_OUT[44])
                                                      0.726     7.022 r  fir_Qx/accumulator_reg_reg/DSP_ALU_INST/ALU_OUT[44]
                         net (fo=1, routed)           0.000     7.022    fir_Qx/accumulator_reg_reg/DSP_ALU.ALU_OUT<44>
    DSP48E2_X8Y56        DSP_OUTPUT                                   r  fir_Qx/accumulator_reg_reg/DSP_OUTPUT_INST/ALU_OUT[44]
  -------------------------------------------------------------------    -------------------

                         (clock clk rise edge)        4.000     4.000 r  <hidden>
    E5                                                0.000     4.000 r  clk
                         net (fo=0)                   0.000     4.000    clk_IBUF_inst/I
    E5                   INBUF (Prop_INBUF_HPIOB_M_PAD_O)
                                                      0.274     4.274 r  clk_IBUF_inst/INBUF_INST/O
                         net (fo=1, routed)           0.000     4.274    clk_IBUF_inst/OUT
    E5                   IBUFCTRL (Prop_IBUFCTRL_HPIOB_M_I_O)
                                                      0.000     4.274 r  clk_IBUF_inst/IBUFCTRL_INST/O
                         net (fo=1, routed)           0.360     4.634    clk_IBUF
    BUFGCE_X0Y93         BUFGCE (Prop_BUFCE_BUFGCE_I_O)
                                                      0.039     4.673 r  clk_IBUF_BUFG_inst/O
    X0Y2 (CLOCK_ROOT)    net (fo=941, routed)         2.141     6.814    fir_Qx/accumulator_reg_reg/CLK
    DSP48E2_X8Y56        DSP_OUTPUT                                   r  fir_Qx/accumulator_reg_reg/DSP_OUTPUT_INST/CLK
                         clock pessimism              0.485     7.299    <hidden>
                         clock uncertainty           -0.035     7.263    <hidden>
    DSP48E2_X8Y56        DSP_OUTPUT (Setup_DSP_OUTPUT_DSP48E2_CLK_ALU_OUT[44])
                                                      0.014     7.277    fir_Qx/accumulator_reg_reg/DSP_OUTPUT_INST
  -------------------------------------------------------------------
                         required time                          7.277    <hidden>
                         arrival time                          -7.022    <hidden>
  -------------------------------------------------------------------
                         slack                                  0.255    <hidden>

Slack (MET) :             0.255ns  (required time - arrival time)
  Source:                 fir_Qx/partial_sum_reg[0]/DSP_OUTPUT_INST/CLK
                            (rising edge-triggered cell DSP_OUTPUT clocked by clk  {rise@0.000ns fall@2.000ns period=4.000ns})
  Destination:            fir_Qx/accumulator_reg_reg/DSP_OUTPUT_INST/ALU_OUT[45]
                            (rising edge-triggered cell DSP_OUTPUT clocked by clk  {rise@0.000ns fall@2.000ns period=4.000ns})
  Path Group:             clk
  Path Type:              Setup (Max at Slow Process Corner)
  Requirement:            4.000ns  (clk rise@4.000ns - clk rise@0.000ns)
  Data Path Delay:        3.589ns  (logic 2.432ns (67.758%)  route 1.157ns (32.242%))
  Logic Levels:           5  (DSP_A_B_DATA=2 DSP_ALU=2 DSP_OUTPUT=1)
  Clock Path Skew:        -0.134ns (DCD - SCD + CPR)
    Destination Clock Delay (DCD):    2.814ns = ( 6.814 - 4.000 ) 
    Source Clock Delay      (SCD):    3.433ns
    Clock Pessimism Removal (CPR):    0.485ns
  Clock Uncertainty:      0.035ns  ((TSJ^2 + TIJ^2)^1/2 + DJ) / 2 + PE
    Total System Jitter     (TSJ):    0.071ns
    Total Input Jitter      (TIJ):    0.000ns
    Discrete Jitter          (DJ):    0.000ns
    Phase Error              (PE):    0.000ns
  Clock Net Delay (Source):      2.405ns (routing 1.131ns, distribution 1.274ns)
  Clock Net Delay (Destination): 2.141ns (routing 1.039ns, distribution 1.102ns)

    Location             Delay type                Incr(ns)  Path(ns)    Netlist Resource(s)
  -------------------------------------------------------------------    -------------------
                         (clock clk rise edge)        0.000     0.000 r  <hidden>
    E5                                                0.000     0.000 r  clk
                         net (fo=0)                   0.000     0.000    clk_IBUF_inst/I
    E5                   INBUF (Prop_INBUF_HPIOB_M_PAD_O)
                                                      0.524     0.524 r  clk_IBUF_inst/INBUF_INST/O
                         net (fo=1, routed)           0.000     0.524    clk_IBUF_inst/OUT
    E5                   IBUFCTRL (Prop_IBUFCTRL_HPIOB_M_I_O)
                                                      0.000     0.524 r  clk_IBUF_inst/IBUFCTRL_INST/O
                         net (fo=1, routed)           0.460     0.984    clk_IBUF
    BUFGCE_X0Y93         BUFGCE (Prop_BUFCE_BUFGCE_I_O)
                                                      0.044     1.028 r  clk_IBUF_BUFG_inst/O
    X0Y2 (CLOCK_ROOT)    net (fo=941, routed)         2.405     3.433    fir_Qx/partial_sum_reg[0]/CLK
    DSP48E2_X9Y56        DSP_OUTPUT                                   r  fir_Qx/partial_sum_reg[0]/DSP_OUTPUT_INST/CLK
  -------------------------------------------------------------------    -------------------
    DSP48E2_X9Y56        DSP_OUTPUT (Prop_DSP_OUTPUT_DSP48E2_CLK_P[21])
                                                      0.304     3.737 f  fir_Qx/partial_sum_reg[0]/DSP_OUTPUT_INST/P[21]
                         net (fo=1, routed)           0.460     4.197    fir_Qx/accumulator_reg0/A[3]
    DSP48E2_X10Y56       DSP_A_B_DATA (Prop_DSP_A_B_DATA_DSP48E2_A[3]_A_ALU[3])
                                                      0.265     4.462 r  fir_Qx/accumulator_reg0/DSP_A_B_DATA_INST/A_ALU[3]
                         net (fo=1, routed)           0.000     4.462    fir_Qx/accumulator_reg0/DSP_A_B_DATA.A_ALU<3>
    DSP48E2_X10Y56       DSP_ALU (Prop_DSP_ALU_DSP48E2_A_ALU[3]_ALU_OUT[23])
                                                      0.726     5.188 r  fir_Qx/accumulator_reg0/DSP_ALU_INST/ALU_OUT[23]
                         net (fo=1, routed)           0.000     5.188    fir_Qx/accumulator_reg0/DSP_ALU.ALU_OUT<23>
    DSP48E2_X10Y56       DSP_OUTPUT (Prop_DSP_OUTPUT_DSP48E2_ALU_OUT[23]_P[23])
                                                      0.146     5.334 f  fir_Qx/accumulator_reg0/DSP_OUTPUT_INST/P[23]
                         net (fo=25, routed)          0.697     6.031    fir_Qx/accumulator_reg_reg/A[23]
    DSP48E2_X8Y56        DSP_A_B_DATA (Prop_DSP_A_B_DATA_DSP48E2_A[23]_A_ALU[23])
                                                      0.265     6.296 r  fir_Qx/accumulator_reg_reg/DSP_A_B_DATA_INST/A_ALU[23]
                         net (fo=1, routed)           0.000     6.296    fir_Qx/accumulator_reg_reg/DSP_A_B_DATA.A_ALU<23>
    DSP48E2_X8Y56        DSP_ALU (Prop_DSP_ALU_DSP48E2_A_ALU[23]_ALU_OUT[45])
                                                      0.726     7.022 r  fir_Qx/accumulator_reg_reg/DSP_ALU_INST/ALU_OUT[45]
                         net (fo=1, routed)           0.000     7.022    fir_Qx/accumulator_reg_reg/DSP_ALU.ALU_OUT<45>
    DSP48E2_X8Y56        DSP_OUTPUT                                   r  fir_Qx/accumulator_reg_reg/DSP_OUTPUT_INST/ALU_OUT[45]
  -------------------------------------------------------------------    -------------------

                         (clock clk rise edge)        4.000     4.000 r  <hidden>
    E5                                                0.000     4.000 r  clk
                         net (fo=0)                   0.000     4.000    clk_IBUF_inst/I
    E5                   INBUF (Prop_INBUF_HPIOB_M_PAD_O)
                                                      0.274     4.274 r  clk_IBUF_inst/INBUF_INST/O
                         net (fo=1, routed)           0.000     4.274    clk_IBUF_inst/OUT
    E5                   IBUFCTRL (Prop_IBUFCTRL_HPIOB_M_I_O)
                                                      0.000     4.274 r  clk_IBUF_inst/IBUFCTRL_INST/O
                         net (fo=1, routed)           0.360     4.634    clk_IBUF
    BUFGCE_X0Y93         BUFGCE (Prop_BUFCE_BUFGCE_I_O)
                                                      0.039     4.673 r  clk_IBUF_BUFG_inst/O
    X0Y2 (CLOCK_ROOT)    net (fo=941, routed)         2.141     6.814    fir_Qx/accumulator_reg_reg/CLK
    DSP48E2_X8Y56        DSP_OUTPUT                                   r  fir_Qx/accumulator_reg_reg/DSP_OUTPUT_INST/CLK
                         clock pessimism              0.485     7.299    <hidden>
                         clock uncertainty           -0.035     7.263    <hidden>
    DSP48E2_X8Y56        DSP_OUTPUT (Setup_DSP_OUTPUT_DSP48E2_CLK_ALU_OUT[45])
                                                      0.014     7.277    fir_Qx/accumulator_reg_reg/DSP_OUTPUT_INST
  -------------------------------------------------------------------
                         required time                          7.277    <hidden>
                         arrival time                          -7.022    <hidden>
  -------------------------------------------------------------------
                         slack                                  0.255    <hidden>

Slack (MET) :             0.263ns  (required time - arrival time)
  Source:                 fir_Qx/partial_sum_reg[0]/DSP_OUTPUT_INST/CLK
                            (rising edge-triggered cell DSP_OUTPUT clocked by clk  {rise@0.000ns fall@2.000ns period=4.000ns})
  Destination:            fir_Qx/accumulator_reg_reg/DSP_OUTPUT_INST/ALU_OUT[37]
                            (rising edge-triggered cell DSP_OUTPUT clocked by clk  {rise@0.000ns fall@2.000ns period=4.000ns})
  Path Group:             clk
  Path Type:              Setup (Max at Slow Process Corner)
  Requirement:            4.000ns  (clk rise@4.000ns - clk rise@0.000ns)
  Data Path Delay:        3.581ns  (logic 2.432ns (67.911%)  route 1.149ns (32.089%))
  Logic Levels:           5  (DSP_A_B_DATA=2 DSP_ALU=2 DSP_OUTPUT=1)
  Clock Path Skew:        -0.134ns (DCD - SCD + CPR)
    Destination Clock Delay (DCD):    2.814ns = ( 6.814 - 4.000 ) 
    Source Clock Delay      (SCD):    3.433ns
    Clock Pessimism Removal (CPR):    0.485ns
  Clock Uncertainty:      0.035ns  ((TSJ^2 + TIJ^2)^1/2 + DJ) / 2 + PE
    Total System Jitter     (TSJ):    0.071ns
    Total Input Jitter      (TIJ):    0.000ns
    Discrete Jitter          (DJ):    0.000ns
    Phase Error              (PE):    0.000ns
  Clock Net Delay (Source):      2.405ns (routing 1.131ns, distribution 1.274ns)
  Clock Net Delay (Destination): 2.141ns (routing 1.039ns, distribution 1.102ns)

    Location             Delay type                Incr(ns)  Path(ns)    Netlist Resource(s)
  -------------------------------------------------------------------    -------------------
                         (clock clk rise edge)        0.000     0.000 r  <hidden>
    E5                                                0.000     0.000 r  clk
                         net (fo=0)                   0.000     0.000    clk_IBUF_inst/I
    E5                   INBUF (Prop_INBUF_HPIOB_M_PAD_O)
                                                      0.524     0.524 r  clk_IBUF_inst/INBUF_INST/O
                         net (fo=1, routed)           0.000     0.524    clk_IBUF_inst/OUT
    E5                   IBUFCTRL (Prop_IBUFCTRL_HPIOB_M_I_O)
                                                      0.000     0.524 r  clk_IBUF_inst/IBUFCTRL_INST/O
                         net (fo=1, routed)           0.460     0.984    clk_IBUF
    BUFGCE_X0Y93         BUFGCE (Prop_BUFCE_BUFGCE_I_O)
                                                      0.044     1.028 r  clk_IBUF_BUFG_inst/O
    X0Y2 (CLOCK_ROOT)    net (fo=941, routed)         2.405     3.433    fir_Qx/partial_sum_reg[0]/CLK
    DSP48E2_X9Y56        DSP_OUTPUT                                   r  fir_Qx/partial_sum_reg[0]/DSP_OUTPUT_INST/CLK
  -------------------------------------------------------------------    -------------------
    DSP48E2_X9Y56        DSP_OUTPUT (Prop_DSP_OUTPUT_DSP48E2_CLK_P[21])
                                                      0.304     3.737 f  fir_Qx/partial_sum_reg[0]/DSP_OUTPUT_INST/P[21]
                         net (fo=1, routed)           0.460     4.197    fir_Qx/accumulator_reg0/A[3]
    DSP48E2_X10Y56       DSP_A_B_DATA (Prop_DSP_A_B_DATA_DSP48E2_A[3]_A_ALU[3])
                                                      0.265     4.462 r  fir_Qx/accumulator_reg0/DSP_A_B_DATA_INST/A_ALU[3]
                         net (fo=1, routed)           0.000     4.462    fir_Qx/accumulator_reg0/DSP_A_B_DATA.A_ALU<3>
    DSP48E2_X10Y56       DSP_ALU (Prop_DSP_ALU_DSP48E2_A_ALU[3]_ALU_OUT[23])
                                                      0.726     5.188 r  fir_Qx/accumulator_reg0/DSP_ALU_INST/ALU_OUT[23]
                         net (fo=1, routed)           0.000     5.188    fir_Qx/accumulator_reg0/DSP_ALU.ALU_OUT<23>
    DSP48E2_X10Y56       DSP_OUTPUT (Prop_DSP_OUTPUT_DSP48E2_ALU_OUT[23]_P[23])
                                                      0.146     5.334 f  fir_Qx/accumulator_reg0/DSP_OUTPUT_INST/P[23]
                         net (fo=25, routed)          0.689     6.023    fir_Qx/accumulator_reg_reg/A[19]
    DSP48E2_X8Y56        DSP_A_B_DATA (Prop_DSP_A_B_DATA_DSP48E2_A[19]_A_ALU[19])
                                                      0.265     6.288 r  fir_Qx/accumulator_reg_reg/DSP_A_B_DATA_INST/A_ALU[19]
                         net (fo=1, routed)           0.000     6.288    fir_Qx/accumulator_reg_reg/DSP_A_B_DATA.A_ALU<19>
    DSP48E2_X8Y56        DSP_ALU (Prop_DSP_ALU_DSP48E2_A_ALU[19]_ALU_OUT[37])
                                                      0.726     7.014 r  fir_Qx/accumulator_reg_reg/DSP_ALU_INST/ALU_OUT[37]
                         net (fo=1, routed)           0.000     7.014    fir_Qx/accumulator_reg_reg/DSP_ALU.ALU_OUT<37>
    DSP48E2_X8Y56        DSP_OUTPUT                                   r  fir_Qx/accumulator_reg_reg/DSP_OUTPUT_INST/ALU_OUT[37]
  -------------------------------------------------------------------    -------------------

                         (clock clk rise edge)        4.000     4.000 r  <hidden>
    E5                                                0.000     4.000 r  clk
                         net (fo=0)                   0.000     4.000    clk_IBUF_inst/I
    E5                   INBUF (Prop_INBUF_HPIOB_M_PAD_O)
                                                      0.274     4.274 r  clk_IBUF_inst/INBUF_INST/O
                         net (fo=1, routed)           0.000     4.274    clk_IBUF_inst/OUT
    E5                   IBUFCTRL (Prop_IBUFCTRL_HPIOB_M_I_O)
                                                      0.000     4.274 r  clk_IBUF_inst/IBUFCTRL_INST/O
                         net (fo=1, routed)           0.360     4.634    clk_IBUF
    BUFGCE_X0Y93         BUFGCE (Prop_BUFCE_BUFGCE_I_O)
                                                      0.039     4.673 r  clk_IBUF_BUFG_inst/O
    X0Y2 (CLOCK_ROOT)    net (fo=941, routed)         2.141     6.814    fir_Qx/accumulator_reg_reg/CLK
    DSP48E2_X8Y56        DSP_OUTPUT                                   r  fir_Qx/accumulator_reg_reg/DSP_OUTPUT_INST/CLK
                         clock pessimism              0.485     7.299    <hidden>
                         clock uncertainty           -0.035     7.263    <hidden>
    DSP48E2_X8Y56        DSP_OUTPUT (Setup_DSP_OUTPUT_DSP48E2_CLK_ALU_OUT[37])
                                                      0.014     7.277    fir_Qx/accumulator_reg_reg/DSP_OUTPUT_INST
  -------------------------------------------------------------------
                         required time                          7.277    <hidden>
                         arrival time                          -7.014    <hidden>
  -------------------------------------------------------------------
                         slack                                  0.263    <hidden>

Slack (MET) :             0.263ns  (required time - arrival time)
  Source:                 fir_Qx/partial_sum_reg[0]/DSP_OUTPUT_INST/CLK
                            (rising edge-triggered cell DSP_OUTPUT clocked by clk  {rise@0.000ns fall@2.000ns period=4.000ns})
  Destination:            fir_Qx/accumulator_reg_reg/DSP_OUTPUT_INST/ALU_OUT[38]
                            (rising edge-triggered cell DSP_OUTPUT clocked by clk  {rise@0.000ns fall@2.000ns period=4.000ns})
  Path Group:             clk
  Path Type:              Setup (Max at Slow Process Corner)
  Requirement:            4.000ns  (clk rise@4.000ns - clk rise@0.000ns)
  Data Path Delay:        3.581ns  (logic 2.432ns (67.911%)  route 1.149ns (32.089%))
  Logic Levels:           5  (DSP_A_B_DATA=2 DSP_ALU=2 DSP_OUTPUT=1)
  Clock Path Skew:        -0.134ns (DCD - SCD + CPR)
    Destination Clock Delay (DCD):    2.814ns = ( 6.814 - 4.000 ) 
    Source Clock Delay      (SCD):    3.433ns
    Clock Pessimism Removal (CPR):    0.485ns
  Clock Uncertainty:      0.035ns  ((TSJ^2 + TIJ^2)^1/2 + DJ) / 2 + PE
    Total System Jitter     (TSJ):    0.071ns
    Total Input Jitter      (TIJ):    0.000ns
    Discrete Jitter          (DJ):    0.000ns
    Phase Error              (PE):    0.000ns
  Clock Net Delay (Source):      2.405ns (routing 1.131ns, distribution 1.274ns)
  Clock Net Delay (Destination): 2.141ns (routing 1.039ns, distribution 1.102ns)

    Location             Delay type                Incr(ns)  Path(ns)    Netlist Resource(s)
  -------------------------------------------------------------------    -------------------
                         (clock clk rise edge)        0.000     0.000 r  <hidden>
    E5                                                0.000     0.000 r  clk
                         net (fo=0)                   0.000     0.000    clk_IBUF_inst/I
    E5                   INBUF (Prop_INBUF_HPIOB_M_PAD_O)
                                                      0.524     0.524 r  clk_IBUF_inst/INBUF_INST/O
                         net (fo=1, routed)           0.000     0.524    clk_IBUF_inst/OUT
    E5                   IBUFCTRL (Prop_IBUFCTRL_HPIOB_M_I_O)
                                                      0.000     0.524 r  clk_IBUF_inst/IBUFCTRL_INST/O
                         net (fo=1, routed)           0.460     0.984    clk_IBUF
    BUFGCE_X0Y93         BUFGCE (Prop_BUFCE_BUFGCE_I_O)
                                                      0.044     1.028 r  clk_IBUF_BUFG_inst/O
    X0Y2 (CLOCK_ROOT)    net (fo=941, routed)         2.405     3.433    fir_Qx/partial_sum_reg[0]/CLK
    DSP48E2_X9Y56        DSP_OUTPUT                                   r  fir_Qx/partial_sum_reg[0]/DSP_OUTPUT_INST/CLK
  -------------------------------------------------------------------    -------------------
    DSP48E2_X9Y56        DSP_OUTPUT (Prop_DSP_OUTPUT_DSP48E2_CLK_P[21])
                                                      0.304     3.737 f  fir_Qx/partial_sum_reg[0]/DSP_OUTPUT_INST/P[21]
                         net (fo=1, routed)           0.460     4.197    fir_Qx/accumulator_reg0/A[3]
    DSP48E2_X10Y56       DSP_A_B_DATA (Prop_DSP_A_B_DATA_DSP48E2_A[3]_A_ALU[3])
                                                      0.265     4.462 r  fir_Qx/accumulator_reg0/DSP_A_B_DATA_INST/A_ALU[3]
                         net (fo=1, routed)           0.000     4.462    fir_Qx/accumulator_reg0/DSP_A_B_DATA.A_ALU<3>
    DSP48E2_X10Y56       DSP_ALU (Prop_DSP_ALU_DSP48E2_A_ALU[3]_ALU_OUT[23])
                                                      0.726     5.188 r  fir_Qx/accumulator_reg0/DSP_ALU_INST/ALU_OUT[23]
                         net (fo=1, routed)           0.000     5.188    fir_Qx/accumulator_reg0/DSP_ALU.ALU_OUT<23>
    DSP48E2_X10Y56       DSP_OUTPUT (Prop_DSP_OUTPUT_DSP48E2_ALU_OUT[23]_P[23])
                                                      0.146     5.334 f  fir_Qx/accumulator_reg0/DSP_OUTPUT_INST/P[23]
                         net (fo=25, routed)          0.689     6.023    fir_Qx/accumulator_reg_reg/A[19]
    DSP48E2_X8Y56        DSP_A_B_DATA (Prop_DSP_A_B_DATA_DSP48E2_A[19]_A_ALU[19])
                                                      0.265     6.288 r  fir_Qx/accumulator_reg_reg/DSP_A_B_DATA_INST/A_ALU[19]
                         net (fo=1, routed)           0.000     6.288    fir_Qx/accumulator_reg_reg/DSP_A_B_DATA.A_ALU<19>
    DSP48E2_X8Y56        DSP_ALU (Prop_DSP_ALU_DSP48E2_A_ALU[19]_ALU_OUT[38])
                                                      0.726     7.014 r  fir_Qx/accumulator_reg_reg/DSP_ALU_INST/ALU_OUT[38]
                         net (fo=1, routed)           0.000     7.014    fir_Qx/accumulator_reg_reg/DSP_ALU.ALU_OUT<38>
    DSP48E2_X8Y56        DSP_OUTPUT                                   r  fir_Qx/accumulator_reg_reg/DSP_OUTPUT_INST/ALU_OUT[38]
  -------------------------------------------------------------------    -------------------

                         (clock clk rise edge)        4.000     4.000 r  <hidden>
    E5                                                0.000     4.000 r  clk
                         net (fo=0)                   0.000     4.000    clk_IBUF_inst/I
    E5                   INBUF (Prop_INBUF_HPIOB_M_PAD_O)
                                                      0.274     4.274 r  clk_IBUF_inst/INBUF_INST/O
                         net (fo=1, routed)           0.000     4.274    clk_IBUF_inst/OUT
    E5                   IBUFCTRL (Prop_IBUFCTRL_HPIOB_M_I_O)
                                                      0.000     4.274 r  clk_IBUF_inst/IBUFCTRL_INST/O
                         net (fo=1, routed)           0.360     4.634    clk_IBUF
    BUFGCE_X0Y93         BUFGCE (Prop_BUFCE_BUFGCE_I_O)
                                                      0.039     4.673 r  clk_IBUF_BUFG_inst/O
    X0Y2 (CLOCK_ROOT)    net (fo=941, routed)         2.141     6.814    fir_Qx/accumulator_reg_reg/CLK
    DSP48E2_X8Y56        DSP_OUTPUT                                   r  fir_Qx/accumulator_reg_reg/DSP_OUTPUT_INST/CLK
                         clock pessimism              0.485     7.299    <hidden>
                         clock uncertainty           -0.035     7.263    <hidden>
    DSP48E2_X8Y56        DSP_OUTPUT (Setup_DSP_OUTPUT_DSP48E2_CLK_ALU_OUT[38])
                                                      0.014     7.277    fir_Qx/accumulator_reg_reg/DSP_OUTPUT_INST
  -------------------------------------------------------------------
                         required time                          7.277    <hidden>
                         arrival time                          -7.014    <hidden>
  -------------------------------------------------------------------
                         slack                                  0.263    <hidden>

Slack (MET) :             0.263ns  (required time - arrival time)
  Source:                 fir_Qx/partial_sum_reg[0]/DSP_OUTPUT_INST/CLK
                            (rising edge-triggered cell DSP_OUTPUT clocked by clk  {rise@0.000ns fall@2.000ns period=4.000ns})
  Destination:            fir_Qx/accumulator_reg_reg/DSP_OUTPUT_INST/ALU_OUT[39]
                            (rising edge-triggered cell DSP_OUTPUT clocked by clk  {rise@0.000ns fall@2.000ns period=4.000ns})
  Path Group:             clk
  Path Type:              Setup (Max at Slow Process Corner)
  Requirement:            4.000ns  (clk rise@4.000ns - clk rise@0.000ns)
  Data Path Delay:        3.581ns  (logic 2.432ns (67.911%)  route 1.149ns (32.089%))
  Logic Levels:           5  (DSP_A_B_DATA=2 DSP_ALU=2 DSP_OUTPUT=1)
  Clock Path Skew:        -0.134ns (DCD - SCD + CPR)
    Destination Clock Delay (DCD):    2.814ns = ( 6.814 - 4.000 ) 
    Source Clock Delay      (SCD):    3.433ns
    Clock Pessimism Removal (CPR):    0.485ns
  Clock Uncertainty:      0.035ns  ((TSJ^2 + TIJ^2)^1/2 + DJ) / 2 + PE
    Total System Jitter     (TSJ):    0.071ns
    Total Input Jitter      (TIJ):    0.000ns
    Discrete Jitter          (DJ):    0.000ns
    Phase Error              (PE):    0.000ns
  Clock Net Delay (Source):      2.405ns (routing 1.131ns, distribution 1.274ns)
  Clock Net Delay (Destination): 2.141ns (routing 1.039ns, distribution 1.102ns)

    Location             Delay type                Incr(ns)  Path(ns)    Netlist Resource(s)
  -------------------------------------------------------------------    -------------------
                         (clock clk rise edge)        0.000     0.000 r  <hidden>
    E5                                                0.000     0.000 r  clk
                         net (fo=0)                   0.000     0.000    clk_IBUF_inst/I
    E5                   INBUF (Prop_INBUF_HPIOB_M_PAD_O)
                                                      0.524     0.524 r  clk_IBUF_inst/INBUF_INST/O
                         net (fo=1, routed)           0.000     0.524    clk_IBUF_inst/OUT
    E5                   IBUFCTRL (Prop_IBUFCTRL_HPIOB_M_I_O)
                                                      0.000     0.524 r  clk_IBUF_inst/IBUFCTRL_INST/O
                         net (fo=1, routed)           0.460     0.984    clk_IBUF
    BUFGCE_X0Y93         BUFGCE (Prop_BUFCE_BUFGCE_I_O)
                                                      0.044     1.028 r  clk_IBUF_BUFG_inst/O
    X0Y2 (CLOCK_ROOT)    net (fo=941, routed)         2.405     3.433    fir_Qx/partial_sum_reg[0]/CLK
    DSP48E2_X9Y56        DSP_OUTPUT                                   r  fir_Qx/partial_sum_reg[0]/DSP_OUTPUT_INST/CLK
  -------------------------------------------------------------------    -------------------
    DSP48E2_X9Y56        DSP_OUTPUT (Prop_DSP_OUTPUT_DSP48E2_CLK_P[21])
                                                      0.304     3.737 f  fir_Qx/partial_sum_reg[0]/DSP_OUTPUT_INST/P[21]
                         net (fo=1, routed)           0.460     4.197    fir_Qx/accumulator_reg0/A[3]
    DSP48E2_X10Y56       DSP_A_B_DATA (Prop_DSP_A_B_DATA_DSP48E2_A[3]_A_ALU[3])
                                                      0.265     4.462 r  fir_Qx/accumulator_reg0/DSP_A_B_DATA_INST/A_ALU[3]
                         net (fo=1, routed)           0.000     4.462    fir_Qx/accumulator_reg0/DSP_A_B_DATA.A_ALU<3>
    DSP48E2_X10Y56       DSP_ALU (Prop_DSP_ALU_DSP48E2_A_ALU[3]_ALU_OUT[23])
                                                      0.726     5.188 r  fir_Qx/accumulator_reg0/DSP_ALU_INST/ALU_OUT[23]
                         net (fo=1, routed)           0.000     5.188    fir_Qx/accumulator_reg0/DSP_ALU.ALU_OUT<23>
    DSP48E2_X10Y56       DSP_OUTPUT (Prop_DSP_OUTPUT_DSP48E2_ALU_OUT[23]_P[23])
                                                      0.146     5.334 f  fir_Qx/accumulator_reg0/DSP_OUTPUT_INST/P[23]
                         net (fo=25, routed)          0.689     6.023    fir_Qx/accumulator_reg_reg/A[19]
    DSP48E2_X8Y56        DSP_A_B_DATA (Prop_DSP_A_B_DATA_DSP48E2_A[19]_A_ALU[19])
                                                      0.265     6.288 r  fir_Qx/accumulator_reg_reg/DSP_A_B_DATA_INST/A_ALU[19]
                         net (fo=1, routed)           0.000     6.288    fir_Qx/accumulator_reg_reg/DSP_A_B_DATA.A_ALU<19>
    DSP48E2_X8Y56        DSP_ALU (Prop_DSP_ALU_DSP48E2_A_ALU[19]_ALU_OUT[39])
                                                      0.726     7.014 r  fir_Qx/accumulator_reg_reg/DSP_ALU_INST/ALU_OUT[39]
                         net (fo=1, routed)           0.000     7.014    fir_Qx/accumulator_reg_reg/DSP_ALU.ALU_OUT<39>
    DSP48E2_X8Y56        DSP_OUTPUT                                   r  fir_Qx/accumulator_reg_reg/DSP_OUTPUT_INST/ALU_OUT[39]
  -------------------------------------------------------------------    -------------------

                         (clock clk rise edge)        4.000     4.000 r  <hidden>
    E5                                                0.000     4.000 r  clk
                         net (fo=0)                   0.000     4.000    clk_IBUF_inst/I
    E5                   INBUF (Prop_INBUF_HPIOB_M_PAD_O)
                                                      0.274     4.274 r  clk_IBUF_inst/INBUF_INST/O
                         net (fo=1, routed)           0.000     4.274    clk_IBUF_inst/OUT
    E5                   IBUFCTRL (Prop_IBUFCTRL_HPIOB_M_I_O)
                                                      0.000     4.274 r  clk_IBUF_inst/IBUFCTRL_INST/O
                         net (fo=1, routed)           0.360     4.634    clk_IBUF
    BUFGCE_X0Y93         BUFGCE (Prop_BUFCE_BUFGCE_I_O)
                                                      0.039     4.673 r  clk_IBUF_BUFG_inst/O
    X0Y2 (CLOCK_ROOT)    net (fo=941, routed)         2.141     6.814    fir_Qx/accumulator_reg_reg/CLK
    DSP48E2_X8Y56        DSP_OUTPUT                                   r  fir_Qx/accumulator_reg_reg/DSP_OUTPUT_INST/CLK
                         clock pessimism              0.485     7.299    <hidden>
                         clock uncertainty           -0.035     7.263    <hidden>
    DSP48E2_X8Y56        DSP_OUTPUT (Setup_DSP_OUTPUT_DSP48E2_CLK_ALU_OUT[39])
                                                      0.014     7.277    fir_Qx/accumulator_reg_reg/DSP_OUTPUT_INST
  -------------------------------------------------------------------
                         required time                          7.277    <hidden>
                         arrival time                          -7.014    <hidden>
  -------------------------------------------------------------------
                         slack                                  0.263    <hidden>





Min Delay Paths
--------------------------------------------------------------------------------------
Slack (MET) :             0.035ns  (arrival time - required time)
  Source:                 fir_Ix/shift_reg_reg[6][5]/C
                            (rising edge-triggered cell FDRE clocked by clk  {rise@0.000ns fall@2.000ns period=4.000ns})
  Destination:            fir_Ix/shift_reg_reg[7][5]/D
                            (rising edge-triggered cell FDRE clocked by clk  {rise@0.000ns fall@2.000ns period=4.000ns})
  Path Group:             clk
  Path Type:              Hold (Min at Slow Process Corner)
  Requirement:            0.000ns  (clk rise@0.000ns - clk rise@0.000ns)
  Data Path Delay:        0.242ns  (logic 0.112ns (46.223%)  route 0.130ns (53.777%))
  Logic Levels:           0  
  Clock Path Skew:        0.106ns (DCD - SCD - CPR)
    Destination Clock Delay (DCD):    3.231ns
    Source Clock Delay      (SCD):    2.647ns
    Clock Pessimism Removal (CPR):    0.479ns
  Clock Net Delay (Source):      1.974ns (routing 1.039ns, distribution 0.935ns)
  Clock Net Delay (Destination): 2.204ns (routing 1.131ns, distribution 1.073ns)

    Location             Delay type                Incr(ns)  Path(ns)    Netlist Resource(s)
  -------------------------------------------------------------------    -------------------
                         (clock clk rise edge)        0.000     0.000 r  <hidden>
    E5                                                0.000     0.000 r  clk
                         net (fo=0)                   0.000     0.000    clk_IBUF_inst/I
    E5                   INBUF (Prop_INBUF_HPIOB_M_PAD_O)
                                                      0.274     0.274 r  clk_IBUF_inst/INBUF_INST/O
                         net (fo=1, routed)           0.000     0.274    clk_IBUF_inst/OUT
    E5                   IBUFCTRL (Prop_IBUFCTRL_HPIOB_M_I_O)
                                                      0.000     0.274 r  clk_IBUF_inst/IBUFCTRL_INST/O
                         net (fo=1, routed)           0.360     0.634    clk_IBUF
    BUFGCE_X0Y93         BUFGCE (Prop_BUFCE_BUFGCE_I_O)
                                                      0.039     0.673 r  clk_IBUF_BUFG_inst/O
    X0Y2 (CLOCK_ROOT)    net (fo=941, routed)         1.974     2.647    fir_Ix/CLK
    SLICE_X18Y161        FDRE                                         r  fir_Ix/shift_reg_reg[6][5]/C
  -------------------------------------------------------------------    -------------------
    SLICE_X18Y161        FDRE (Prop_EFF_SLICEM_C_Q)
                                                      0.112     2.759 r  fir_Ix/shift_reg_reg[6][5]/Q
                         net (fo=2, routed)           0.130     2.889    fir_Ix/shift_reg_reg[6]_3[5]
    SLICE_X17Y161        FDRE                                         r  fir_Ix/shift_reg_reg[7][5]/D
  -------------------------------------------------------------------    -------------------

                         (clock clk rise edge)        0.000     0.000 r  <hidden>
    E5                                                0.000     0.000 r  clk
                         net (fo=0)                   0.000     0.000    clk_IBUF_inst/I
    E5                   INBUF (Prop_INBUF_HPIOB_M_PAD_O)
                                                      0.524     0.524 r  clk_IBUF_inst/INBUF_INST/O
                         net (fo=1, routed)           0.000     0.524    clk_IBUF_inst/OUT
    E5                   IBUFCTRL (Prop_IBUFCTRL_HPIOB_M_I_O)
                                                      0.000     0.524 r  clk_IBUF_inst/IBUFCTRL_INST/O
                         net (fo=1, routed)           0.460     0.984    clk_IBUF
    BUFGCE_X0Y93         BUFGCE (Prop_BUFCE_BUFGCE_I_O)
                                                      0.044     1.028 r  clk_IBUF_BUFG_inst/O
    X0Y2 (CLOCK_ROOT)    net (fo=941, routed)         2.204     3.231    fir_Ix/CLK
    SLICE_X17Y161        FDRE                                         r  fir_Ix/shift_reg_reg[7][5]/C
                         clock pessimism             -0.479     2.752    <hidden>
    SLICE_X17Y161        FDRE (Hold_EFF2_SLICEM_C_D)
                                                      0.102     2.854    fir_Ix/shift_reg_reg[7][5]
  -------------------------------------------------------------------
                         required time                         -2.854    <hidden>
                         arrival time                           2.889    <hidden>
  -------------------------------------------------------------------
                         slack                                  0.035    <hidden>

Slack (MET) :             0.046ns  (arrival time - required time)
  Source:                 fir_Qy/shift_reg_reg[6][2]/C
                            (rising edge-triggered cell FDRE clocked by clk  {rise@0.000ns fall@2.000ns period=4.000ns})
  Destination:            fir_Qy/shift_reg_reg[7][2]/D
                            (rising edge-triggered cell FDRE clocked by clk  {rise@0.000ns fall@2.000ns period=4.000ns})
  Path Group:             clk
  Path Type:              Hold (Min at Slow Process Corner)
  Requirement:            0.000ns  (clk rise@0.000ns - clk rise@0.000ns)
  Data Path Delay:        0.234ns  (logic 0.113ns (48.363%)  route 0.121ns (51.637%))
  Logic Levels:           0  
  Clock Path Skew:        0.086ns (DCD - SCD - CPR)
    Destination Clock Delay (DCD):    3.245ns
    Source Clock Delay      (SCD):    2.680ns
    Clock Pessimism Removal (CPR):    0.479ns
  Clock Net Delay (Source):      2.008ns (routing 1.039ns, distribution 0.969ns)
  Clock Net Delay (Destination): 2.217ns (routing 1.131ns, distribution 1.086ns)

    Location             Delay type                Incr(ns)  Path(ns)    Netlist Resource(s)
  -------------------------------------------------------------------    -------------------
                         (clock clk rise edge)        0.000     0.000 r  <hidden>
    E5                                                0.000     0.000 r  clk
                         net (fo=0)                   0.000     0.000    clk_IBUF_inst/I
    E5                   INBUF (Prop_INBUF_HPIOB_M_PAD_O)
                                                      0.274     0.274 r  clk_IBUF_inst/INBUF_INST/O
                         net (fo=1, routed)           0.000     0.274    clk_IBUF_inst/OUT
    E5                   IBUFCTRL (Prop_IBUFCTRL_HPIOB_M_I_O)
                                                      0.000     0.274 r  clk_IBUF_inst/IBUFCTRL_INST/O
                         net (fo=1, routed)           0.360     0.634    clk_IBUF
    BUFGCE_X0Y93         BUFGCE (Prop_BUFCE_BUFGCE_I_O)
                                                      0.039     0.673 r  clk_IBUF_BUFG_inst/O
    X0Y2 (CLOCK_ROOT)    net (fo=941, routed)         2.008     2.680    fir_Qy/CLK
    SLICE_X18Y131        FDRE                                         r  fir_Qy/shift_reg_reg[6][2]/C
  -------------------------------------------------------------------    -------------------
    SLICE_X18Y131        FDRE (Prop_HFF2_SLICEM_C_Q)
                                                      0.113     2.793 r  fir_Qy/shift_reg_reg[6][2]/Q
                         net (fo=2, routed)           0.121     2.914    fir_Qy/shift_reg_reg[6]_3[2]
    SLICE_X20Y131        FDRE                                         r  fir_Qy/shift_reg_reg[7][2]/D
  -------------------------------------------------------------------    -------------------

                         (clock clk rise edge)        0.000     0.000 r  <hidden>
    E5                                                0.000     0.000 r  clk
                         net (fo=0)                   0.000     0.000    clk_IBUF_inst/I
    E5                   INBUF (Prop_INBUF_HPIOB_M_PAD_O)
                                                      0.524     0.524 r  clk_IBUF_inst/INBUF_INST/O
                         net (fo=1, routed)           0.000     0.524    clk_IBUF_inst/OUT
    E5                   IBUFCTRL (Prop_IBUFCTRL_HPIOB_M_I_O)
                                                      0.000     0.524 r  clk_IBUF_inst/IBUFCTRL_INST/O
                         net (fo=1, routed)           0.460     0.984    clk_IBUF
    BUFGCE_X0Y93         BUFGCE (Prop_BUFCE_BUFGCE_I_O)
                                                      0.044     1.028 r  clk_IBUF_BUFG_inst/O
    X0Y2 (CLOCK_ROOT)    net (fo=941, routed)         2.217     3.245    fir_Qy/CLK
    SLICE_X20Y131        FDRE                                         r  fir_Qy/shift_reg_reg[7][2]/C
                         clock pessimism             -0.479     2.766    <hidden>
    SLICE_X20Y131        FDRE (Hold_EFF2_SLICEM_C_D)
                                                      0.102     2.868    fir_Qy/shift_reg_reg[7][2]
  -------------------------------------------------------------------
                         required time                         -2.868    <hidden>
                         arrival time                           2.914    <hidden>
  -------------------------------------------------------------------
                         slack                                  0.046    <hidden>

Slack (MET) :             0.053ns  (arrival time - required time)
  Source:                 fir_Qx/shift_reg_reg[8][3]/C
                            (rising edge-triggered cell FDRE clocked by clk  {rise@0.000ns fall@2.000ns period=4.000ns})
  Destination:            fir_Qx/shift_reg_reg[9][3]/D
                            (rising edge-triggered cell FDRE clocked by clk  {rise@0.000ns fall@2.000ns period=4.000ns})
  Path Group:             clk
  Path Type:              Hold (Min at Slow Process Corner)
  Requirement:            0.000ns  (clk rise@0.000ns - clk rise@0.000ns)
  Data Path Delay:        0.271ns  (logic 0.114ns (42.019%)  route 0.157ns (57.981%))
  Logic Levels:           0  
  Clock Path Skew:        0.117ns (DCD - SCD - CPR)
    Destination Clock Delay (DCD):    3.410ns
    Source Clock Delay      (SCD):    2.809ns
    Clock Pessimism Removal (CPR):    0.484ns
  Clock Net Delay (Source):      2.136ns (routing 1.039ns, distribution 1.097ns)
  Clock Net Delay (Destination): 2.382ns (routing 1.131ns, distribution 1.251ns)

    Location             Delay type                Incr(ns)  Path(ns)    Netlist Resource(s)
  -------------------------------------------------------------------    -------------------
                         (clock clk rise edge)        0.000     0.000 r  <hidden>
    E5                                                0.000     0.000 r  clk
                         net (fo=0)                   0.000     0.000    clk_IBUF_inst/I
    E5                   INBUF (Prop_INBUF_HPIOB_M_PAD_O)
                                                      0.274     0.274 r  clk_IBUF_inst/INBUF_INST/O
                         net (fo=1, routed)           0.000     0.274    clk_IBUF_inst/OUT
    E5                   IBUFCTRL (Prop_IBUFCTRL_HPIOB_M_I_O)
                                                      0.000     0.274 r  clk_IBUF_inst/IBUFCTRL_INST/O
                         net (fo=1, routed)           0.360     0.634    clk_IBUF
    BUFGCE_X0Y93         BUFGCE (Prop_BUFCE_BUFGCE_I_O)
                                                      0.039     0.673 r  clk_IBUF_BUFG_inst/O
    X0Y2 (CLOCK_ROOT)    net (fo=941, routed)         2.136     2.809    fir_Qx/CLK
    SLICE_X37Y136        FDRE                                         r  fir_Qx/shift_reg_reg[8][3]/C
  -------------------------------------------------------------------    -------------------
    SLICE_X37Y136        FDRE (Prop_GFF2_SLICEM_C_Q)
                                                      0.114     2.923 r  fir_Qx/shift_reg_reg[8][3]/Q
                         net (fo=2, routed)           0.157     3.080    fir_Qx/shift_reg_reg[8]_4[3]
    SLICE_X40Y136        FDRE                                         r  fir_Qx/shift_reg_reg[9][3]/D
  -------------------------------------------------------------------    -------------------

                         (clock clk rise edge)        0.000     0.000 r  <hidden>
    E5                                                0.000     0.000 r  clk
                         net (fo=0)                   0.000     0.000    clk_IBUF_inst/I
    E5                   INBUF (Prop_INBUF_HPIOB_M_PAD_O)
                                                      0.524     0.524 r  clk_IBUF_inst/INBUF_INST/O
                         net (fo=1, routed)           0.000     0.524    clk_IBUF_inst/OUT
    E5                   IBUFCTRL (Prop_IBUFCTRL_HPIOB_M_I_O)
                                                      0.000     0.524 r  clk_IBUF_inst/IBUFCTRL_INST/O
                         net (fo=1, routed)           0.460     0.984    clk_IBUF
    BUFGCE_X0Y93         BUFGCE (Prop_BUFCE_BUFGCE_I_O)
                                                      0.044     1.028 r  clk_IBUF_BUFG_inst/O
    X0Y2 (CLOCK_ROOT)    net (fo=941, routed)         2.382     3.410    fir_Qx/CLK
    SLICE_X40Y136        FDRE                                         r  fir_Qx/shift_reg_reg[9][3]/C
                         clock pessimism             -0.484     2.926    <hidden>
    SLICE_X40Y136        FDRE (Hold_CFF2_SLICEM_C_D)
                                                      0.102     3.028    fir_Qx/shift_reg_reg[9][3]
  -------------------------------------------------------------------
                         required time                         -3.028    <hidden>
                         arrival time                           3.080    <hidden>
  -------------------------------------------------------------------
                         slack                                  0.053    <hidden>

Slack (MET) :             0.056ns  (arrival time - required time)
  Source:                 fir_Qx/shift_reg_reg[8][6]/C
                            (rising edge-triggered cell FDRE clocked by clk  {rise@0.000ns fall@2.000ns period=4.000ns})
  Destination:            fir_Qx/shift_reg_reg[9][6]/D
                            (rising edge-triggered cell FDRE clocked by clk  {rise@0.000ns fall@2.000ns period=4.000ns})
  Path Group:             clk
  Path Type:              Hold (Min at Slow Process Corner)
  Requirement:            0.000ns  (clk rise@0.000ns - clk rise@0.000ns)
  Data Path Delay:        0.264ns  (logic 0.111ns (41.997%)  route 0.153ns (58.003%))
  Logic Levels:           0  
  Clock Path Skew:        0.107ns (DCD - SCD - CPR)
    Destination Clock Delay (DCD):    3.393ns
    Source Clock Delay      (SCD):    2.802ns
    Clock Pessimism Removal (CPR):    0.485ns
  Clock Net Delay (Source):      2.129ns (routing 1.039ns, distribution 1.090ns)
  Clock Net Delay (Destination): 2.365ns (routing 1.131ns, distribution 1.234ns)

    Location             Delay type                Incr(ns)  Path(ns)    Netlist Resource(s)
  -------------------------------------------------------------------    -------------------
                         (clock clk rise edge)        0.000     0.000 r  <hidden>
    E5                                                0.000     0.000 r  clk
                         net (fo=0)                   0.000     0.000    clk_IBUF_inst/I
    E5                   INBUF (Prop_INBUF_HPIOB_M_PAD_O)
                                                      0.274     0.274 r  clk_IBUF_inst/INBUF_INST/O
                         net (fo=1, routed)           0.000     0.274    clk_IBUF_inst/OUT
    E5                   IBUFCTRL (Prop_IBUFCTRL_HPIOB_M_I_O)
                                                      0.000     0.274 r  clk_IBUF_inst/IBUFCTRL_INST/O
                         net (fo=1, routed)           0.360     0.634    clk_IBUF
    BUFGCE_X0Y93         BUFGCE (Prop_BUFCE_BUFGCE_I_O)
                                                      0.039     0.673 r  clk_IBUF_BUFG_inst/O
    X0Y2 (CLOCK_ROOT)    net (fo=941, routed)         2.129     2.802    fir_Qx/CLK
    SLICE_X37Y137        FDRE                                         r  fir_Qx/shift_reg_reg[8][6]/C
  -------------------------------------------------------------------    -------------------
    SLICE_X37Y137        FDRE (Prop_FFF_SLICEM_C_Q)
                                                      0.111     2.913 r  fir_Qx/shift_reg_reg[8][6]/Q
                         net (fo=2, routed)           0.153     3.066    fir_Qx/shift_reg_reg[8]_4[6]
    SLICE_X40Y137        FDRE                                         r  fir_Qx/shift_reg_reg[9][6]/D
  -------------------------------------------------------------------    -------------------

                         (clock clk rise edge)        0.000     0.000 r  <hidden>
    E5                                                0.000     0.000 r  clk
                         net (fo=0)                   0.000     0.000    clk_IBUF_inst/I
    E5                   INBUF (Prop_INBUF_HPIOB_M_PAD_O)
                                                      0.524     0.524 r  clk_IBUF_inst/INBUF_INST/O
                         net (fo=1, routed)           0.000     0.524    clk_IBUF_inst/OUT
    E5                   IBUFCTRL (Prop_IBUFCTRL_HPIOB_M_I_O)
                                                      0.000     0.524 r  clk_IBUF_inst/IBUFCTRL_INST/O
                         net (fo=1, routed)           0.460     0.984    clk_IBUF
    BUFGCE_X0Y93         BUFGCE (Prop_BUFCE_BUFGCE_I_O)
                                                      0.044     1.028 r  clk_IBUF_BUFG_inst/O
    X0Y2 (CLOCK_ROOT)    net (fo=941, routed)         2.365     3.393    fir_Qx/CLK
    SLICE_X40Y137        FDRE                                         r  fir_Qx/shift_reg_reg[9][6]/C
                         clock pessimism             -0.485     2.908    <hidden>
    SLICE_X40Y137        FDRE (Hold_GFF2_SLICEM_C_D)
                                                      0.102     3.010    fir_Qx/shift_reg_reg[9][6]
  -------------------------------------------------------------------
                         required time                         -3.010    <hidden>
                         arrival time                           3.066    <hidden>
  -------------------------------------------------------------------
                         slack                                  0.056    <hidden>

Slack (MET) :             0.058ns  (arrival time - required time)
  Source:                 fir_Qy/shift_reg_reg[3][2]/C
                            (rising edge-triggered cell FDRE clocked by clk  {rise@0.000ns fall@2.000ns period=4.000ns})
  Destination:            fir_Qy/shift_reg_reg[4][2]/D
                            (rising edge-triggered cell FDRE clocked by clk  {rise@0.000ns fall@2.000ns period=4.000ns})
  Path Group:             clk
  Path Type:              Hold (Min at Slow Process Corner)
  Requirement:            0.000ns  (clk rise@0.000ns - clk rise@0.000ns)
  Data Path Delay:        0.233ns  (logic 0.111ns (47.572%)  route 0.122ns (52.428%))
  Logic Levels:           0  
  Clock Path Skew:        0.074ns (DCD - SCD - CPR)
    Destination Clock Delay (DCD):    3.276ns
    Source Clock Delay      (SCD):    2.668ns
    Clock Pessimism Removal (CPR):    0.534ns
  Clock Net Delay (Source):      1.995ns (routing 1.039ns, distribution 0.956ns)
  Clock Net Delay (Destination): 2.249ns (routing 1.131ns, distribution 1.118ns)

    Location             Delay type                Incr(ns)  Path(ns)    Netlist Resource(s)
  -------------------------------------------------------------------    -------------------
                         (clock clk rise edge)        0.000     0.000 r  <hidden>
    E5                                                0.000     0.000 r  clk
                         net (fo=0)                   0.000     0.000    clk_IBUF_inst/I
    E5                   INBUF (Prop_INBUF_HPIOB_M_PAD_O)
                                                      0.274     0.274 r  clk_IBUF_inst/INBUF_INST/O
                         net (fo=1, routed)           0.000     0.274    clk_IBUF_inst/OUT
    E5                   IBUFCTRL (Prop_IBUFCTRL_HPIOB_M_I_O)
                                                      0.000     0.274 r  clk_IBUF_inst/IBUFCTRL_INST/O
                         net (fo=1, routed)           0.360     0.634    clk_IBUF
    BUFGCE_X0Y93         BUFGCE (Prop_BUFCE_BUFGCE_I_O)
                                                      0.039     0.673 r  clk_IBUF_BUFG_inst/O
    X0Y2 (CLOCK_ROOT)    net (fo=941, routed)         1.995     2.668    fir_Qy/CLK
    SLICE_X18Y130        FDRE                                         r  fir_Qy/shift_reg_reg[3][2]/C
  -------------------------------------------------------------------    -------------------
    SLICE_X18Y130        FDRE (Prop_BFF_SLICEM_C_Q)
                                                      0.111     2.779 r  fir_Qy/shift_reg_reg[3][2]/Q
                         net (fo=2, routed)           0.122     2.901    fir_Qy/shift_reg_reg[3]_1[2]
    SLICE_X18Y131        FDRE                                         r  fir_Qy/shift_reg_reg[4][2]/D
  -------------------------------------------------------------------    -------------------

                         (clock clk rise edge)        0.000     0.000 r  <hidden>
    E5                                                0.000     0.000 r  clk
                         net (fo=0)                   0.000     0.000    clk_IBUF_inst/I
    E5                   INBUF (Prop_INBUF_HPIOB_M_PAD_O)
                                                      0.524     0.524 r  clk_IBUF_inst/INBUF_INST/O
                         net (fo=1, routed)           0.000     0.524    clk_IBUF_inst/OUT
    E5                   IBUFCTRL (Prop_IBUFCTRL_HPIOB_M_I_O)
                                                      0.000     0.524 r  clk_IBUF_inst/IBUFCTRL_INST/O
                         net (fo=1, routed)           0.460     0.984    clk_IBUF
    BUFGCE_X0Y93         BUFGCE (Prop_BUFCE_BUFGCE_I_O)
                                                      0.044     1.028 r  clk_IBUF_BUFG_inst/O
    X0Y2 (CLOCK_ROOT)    net (fo=941, routed)         2.249     3.276    fir_Qy/CLK
    SLICE_X18Y131        FDRE                                         r  fir_Qy/shift_reg_reg[4][2]/C
                         clock pessimism             -0.534     2.742    <hidden>
    SLICE_X18Y131        FDRE (Hold_BFF_SLICEM_C_D)
                                                      0.101     2.843    fir_Qy/shift_reg_reg[4][2]
  -------------------------------------------------------------------
                         required time                         -2.843    <hidden>
                         arrival time                           2.901    <hidden>
  -------------------------------------------------------------------
                         slack                                  0.058    <hidden>

Slack (MET) :             0.060ns  (arrival time - required time)
  Source:                 fir_Iy/shift_reg_reg[10][1]/C
                            (rising edge-triggered cell FDRE clocked by clk  {rise@0.000ns fall@2.000ns period=4.000ns})
  Destination:            fir_Iy/shift_reg_reg[11][1]/D
                            (rising edge-triggered cell FDRE clocked by clk  {rise@0.000ns fall@2.000ns period=4.000ns})
  Path Group:             clk
  Path Type:              Hold (Min at Slow Process Corner)
  Requirement:            0.000ns  (clk rise@0.000ns - clk rise@0.000ns)
  Data Path Delay:        0.259ns  (logic 0.112ns (43.202%)  route 0.147ns (56.798%))
  Logic Levels:           0  
  Clock Path Skew:        0.098ns (DCD - SCD - CPR)
    Destination Clock Delay (DCD):    3.364ns
    Source Clock Delay      (SCD):    2.782ns
    Clock Pessimism Removal (CPR):    0.485ns
  Clock Net Delay (Source):      2.109ns (routing 1.039ns, distribution 1.070ns)
  Clock Net Delay (Destination): 2.337ns (routing 1.131ns, distribution 1.206ns)

    Location             Delay type                Incr(ns)  Path(ns)    Netlist Resource(s)
  -------------------------------------------------------------------    -------------------
                         (clock clk rise edge)        0.000     0.000 r  <hidden>
    E5                                                0.000     0.000 r  clk
                         net (fo=0)                   0.000     0.000    clk_IBUF_inst/I
    E5                   INBUF (Prop_INBUF_HPIOB_M_PAD_O)
                                                      0.274     0.274 r  clk_IBUF_inst/INBUF_INST/O
                         net (fo=1, routed)           0.000     0.274    clk_IBUF_inst/OUT
    E5                   IBUFCTRL (Prop_IBUFCTRL_HPIOB_M_I_O)
                                                      0.000     0.274 r  clk_IBUF_inst/IBUFCTRL_INST/O
                         net (fo=1, routed)           0.360     0.634    clk_IBUF
    BUFGCE_X0Y93         BUFGCE (Prop_BUFCE_BUFGCE_I_O)
                                                      0.039     0.673 r  clk_IBUF_BUFG_inst/O
    X0Y2 (CLOCK_ROOT)    net (fo=941, routed)         2.109     2.782    fir_Iy/CLK
    SLICE_X34Y150        FDRE                                         r  fir_Iy/shift_reg_reg[10][1]/C
  -------------------------------------------------------------------    -------------------
    SLICE_X34Y150        FDRE (Prop_AFF_SLICEM_C_Q)
                                                      0.112     2.894 r  fir_Iy/shift_reg_reg[10][1]/Q
                         net (fo=2, routed)           0.147     3.041    fir_Iy/shift_reg_reg[10][7]_0[1]
    SLICE_X36Y150        FDRE                                         r  fir_Iy/shift_reg_reg[11][1]/D
  -------------------------------------------------------------------    -------------------

                         (clock clk rise edge)        0.000     0.000 r  <hidden>
    E5                                                0.000     0.000 r  clk
                         net (fo=0)                   0.000     0.000    clk_IBUF_inst/I
    E5                   INBUF (Prop_INBUF_HPIOB_M_PAD_O)
                                                      0.524     0.524 r  clk_IBUF_inst/INBUF_INST/O
                         net (fo=1, routed)           0.000     0.524    clk_IBUF_inst/OUT
    E5                   IBUFCTRL (Prop_IBUFCTRL_HPIOB_M_I_O)
                                                      0.000     0.524 r  clk_IBUF_inst/IBUFCTRL_INST/O
                         net (fo=1, routed)           0.460     0.984    clk_IBUF
    BUFGCE_X0Y93         BUFGCE (Prop_BUFCE_BUFGCE_I_O)
                                                      0.044     1.028 r  clk_IBUF_BUFG_inst/O
    X0Y2 (CLOCK_ROOT)    net (fo=941, routed)         2.337     3.364    fir_Iy/CLK
    SLICE_X36Y150        FDRE                                         r  fir_Iy/shift_reg_reg[11][1]/C
                         clock pessimism             -0.485     2.880    <hidden>
    SLICE_X36Y150        FDRE (Hold_EFF_SLICEL_C_D)
                                                      0.101     2.981    fir_Iy/shift_reg_reg[11][1]
  -------------------------------------------------------------------
                         required time                         -2.981    <hidden>
                         arrival time                           3.041    <hidden>
  -------------------------------------------------------------------
                         slack                                  0.060    <hidden>

Slack (MET) :             0.061ns  (arrival time - required time)
  Source:                 fir_Iy/shift_reg_reg[6][6]/C
                            (rising edge-triggered cell FDRE clocked by clk  {rise@0.000ns fall@2.000ns period=4.000ns})
  Destination:            fir_Iy/shift_reg_reg[7][6]/D
                            (rising edge-triggered cell FDRE clocked by clk  {rise@0.000ns fall@2.000ns period=4.000ns})
  Path Group:             clk
  Path Type:              Hold (Min at Slow Process Corner)
  Requirement:            0.000ns  (clk rise@0.000ns - clk rise@0.000ns)
  Data Path Delay:        0.245ns  (logic 0.114ns (46.597%)  route 0.131ns (53.403%))
  Logic Levels:           0  
  Clock Path Skew:        0.083ns (DCD - SCD - CPR)
    Destination Clock Delay (DCD):    3.350ns
    Source Clock Delay      (SCD):    2.782ns
    Clock Pessimism Removal (CPR):    0.485ns
  Clock Net Delay (Source):      2.109ns (routing 1.039ns, distribution 1.070ns)
  Clock Net Delay (Destination): 2.322ns (routing 1.131ns, distribution 1.191ns)

    Location             Delay type                Incr(ns)  Path(ns)    Netlist Resource(s)
  -------------------------------------------------------------------    -------------------
                         (clock clk rise edge)        0.000     0.000 r  <hidden>
    E5                                                0.000     0.000 r  clk
                         net (fo=0)                   0.000     0.000    clk_IBUF_inst/I
    E5                   INBUF (Prop_INBUF_HPIOB_M_PAD_O)
                                                      0.274     0.274 r  clk_IBUF_inst/INBUF_INST/O
                         net (fo=1, routed)           0.000     0.274    clk_IBUF_inst/OUT
    E5                   IBUFCTRL (Prop_IBUFCTRL_HPIOB_M_I_O)
                                                      0.000     0.274 r  clk_IBUF_inst/IBUFCTRL_INST/O
                         net (fo=1, routed)           0.360     0.634    clk_IBUF
    BUFGCE_X0Y93         BUFGCE (Prop_BUFCE_BUFGCE_I_O)
                                                      0.039     0.673 r  clk_IBUF_BUFG_inst/O
    X0Y2 (CLOCK_ROOT)    net (fo=941, routed)         2.109     2.782    fir_Iy/CLK
    SLICE_X32Y152        FDRE                                         r  fir_Iy/shift_reg_reg[6][6]/C
  -------------------------------------------------------------------    -------------------
    SLICE_X32Y152        FDRE (Prop_BFF2_SLICEM_C_Q)
                                                      0.114     2.896 r  fir_Iy/shift_reg_reg[6][6]/Q
                         net (fo=2, routed)           0.131     3.026    fir_Iy/shift_reg_reg[6]_3[6]
    SLICE_X34Y152        FDRE                                         r  fir_Iy/shift_reg_reg[7][6]/D
  -------------------------------------------------------------------    -------------------

                         (clock clk rise edge)        0.000     0.000 r  <hidden>
    E5                                                0.000     0.000 r  clk
                         net (fo=0)                   0.000     0.000    clk_IBUF_inst/I
    E5                   INBUF (Prop_INBUF_HPIOB_M_PAD_O)
                                                      0.524     0.524 r  clk_IBUF_inst/INBUF_INST/O
                         net (fo=1, routed)           0.000     0.524    clk_IBUF_inst/OUT
    E5                   IBUFCTRL (Prop_IBUFCTRL_HPIOB_M_I_O)
                                                      0.000     0.524 r  clk_IBUF_inst/IBUFCTRL_INST/O
                         net (fo=1, routed)           0.460     0.984    clk_IBUF
    BUFGCE_X0Y93         BUFGCE (Prop_BUFCE_BUFGCE_I_O)
                                                      0.044     1.028 r  clk_IBUF_BUFG_inst/O
    X0Y2 (CLOCK_ROOT)    net (fo=941, routed)         2.322     3.350    fir_Iy/CLK
    SLICE_X34Y152        FDRE                                         r  fir_Iy/shift_reg_reg[7][6]/C
                         clock pessimism             -0.485     2.865    <hidden>
    SLICE_X34Y152        FDRE (Hold_EFF_SLICEM_C_D)
                                                      0.101     2.966    fir_Iy/shift_reg_reg[7][6]
  -------------------------------------------------------------------
                         required time                         -2.966    <hidden>
                         arrival time                           3.026    <hidden>
  -------------------------------------------------------------------
                         slack                                  0.061    <hidden>

Slack (MET) :             0.066ns  (arrival time - required time)
  Source:                 fir_Ix/shift_reg_reg[8][5]/C
                            (rising edge-triggered cell FDRE clocked by clk  {rise@0.000ns fall@2.000ns period=4.000ns})
  Destination:            fir_Ix/shift_reg_reg[9][5]/D
                            (rising edge-triggered cell FDRE clocked by clk  {rise@0.000ns fall@2.000ns period=4.000ns})
  Path Group:             clk
  Path Type:              Hold (Min at Slow Process Corner)
  Requirement:            0.000ns  (clk rise@0.000ns - clk rise@0.000ns)
  Data Path Delay:        0.271ns  (logic 0.114ns (42.019%)  route 0.157ns (57.981%))
  Logic Levels:           0  
  Clock Path Skew:        0.104ns (DCD - SCD - CPR)
    Destination Clock Delay (DCD):    3.240ns
    Source Clock Delay      (SCD):    2.658ns
    Clock Pessimism Removal (CPR):    0.479ns
  Clock Net Delay (Source):      1.985ns (routing 1.039ns, distribution 0.946ns)
  Clock Net Delay (Destination): 2.213ns (routing 1.131ns, distribution 1.082ns)

    Location             Delay type                Incr(ns)  Path(ns)    Netlist Resource(s)
  -------------------------------------------------------------------    -------------------
                         (clock clk rise edge)        0.000     0.000 r  <hidden>
    E5                                                0.000     0.000 r  clk
                         net (fo=0)                   0.000     0.000    clk_IBUF_inst/I
    E5                   INBUF (Prop_INBUF_HPIOB_M_PAD_O)
                                                      0.274     0.274 r  clk_IBUF_inst/INBUF_INST/O
                         net (fo=1, routed)           0.000     0.274    clk_IBUF_inst/OUT
    E5                   IBUFCTRL (Prop_IBUFCTRL_HPIOB_M_I_O)
                                                      0.000     0.274 r  clk_IBUF_inst/IBUFCTRL_INST/O
                         net (fo=1, routed)           0.360     0.634    clk_IBUF
    BUFGCE_X0Y93         BUFGCE (Prop_BUFCE_BUFGCE_I_O)
                                                      0.039     0.673 r  clk_IBUF_BUFG_inst/O
    X0Y2 (CLOCK_ROOT)    net (fo=941, routed)         1.985     2.658    fir_Ix/CLK
    SLICE_X17Y161        FDRE                                         r  fir_Ix/shift_reg_reg[8][5]/C
  -------------------------------------------------------------------    -------------------
    SLICE_X17Y161        FDRE (Prop_GFF2_SLICEM_C_Q)
                                                      0.114     2.772 r  fir_Ix/shift_reg_reg[8][5]/Q
                         net (fo=2, routed)           0.157     2.929    fir_Ix/shift_reg_reg[8]_4[5]
    SLICE_X13Y162        FDRE                                         r  fir_Ix/shift_reg_reg[9][5]/D
  -------------------------------------------------------------------    -------------------

                         (clock clk rise edge)        0.000     0.000 r  <hidden>
    E5                                                0.000     0.000 r  clk
                         net (fo=0)                   0.000     0.000    clk_IBUF_inst/I
    E5                   INBUF (Prop_INBUF_HPIOB_M_PAD_O)
                                                      0.524     0.524 r  clk_IBUF_inst/INBUF_INST/O
                         net (fo=1, routed)           0.000     0.524    clk_IBUF_inst/OUT
    E5                   IBUFCTRL (Prop_IBUFCTRL_HPIOB_M_I_O)
                                                      0.000     0.524 r  clk_IBUF_inst/IBUFCTRL_INST/O
                         net (fo=1, routed)           0.460     0.984    clk_IBUF
    BUFGCE_X0Y93         BUFGCE (Prop_BUFCE_BUFGCE_I_O)
                                                      0.044     1.028 r  clk_IBUF_BUFG_inst/O
    X0Y2 (CLOCK_ROOT)    net (fo=941, routed)         2.213     3.240    fir_Ix/CLK
    SLICE_X13Y162        FDRE                                         r  fir_Ix/shift_reg_reg[9][5]/C
                         clock pessimism             -0.479     2.761    <hidden>
    SLICE_X13Y162        FDRE (Hold_AFF2_SLICEM_C_D)
                                                      0.102     2.863    fir_Ix/shift_reg_reg[9][5]
  -------------------------------------------------------------------
                         required time                         -2.863    <hidden>
                         arrival time                           2.929    <hidden>
  -------------------------------------------------------------------
                         slack                                  0.066    <hidden>

Slack (MET) :             0.066ns  (arrival time - required time)
  Source:                 fir_Ix/shift_reg_reg[7][0]/C
                            (rising edge-triggered cell FDRE clocked by clk  {rise@0.000ns fall@2.000ns period=4.000ns})
  Destination:            fir_Ix/shift_reg_reg[8][0]/D
                            (rising edge-triggered cell FDRE clocked by clk  {rise@0.000ns fall@2.000ns period=4.000ns})
  Path Group:             clk
  Path Type:              Hold (Min at Slow Process Corner)
  Requirement:            0.000ns  (clk rise@0.000ns - clk rise@0.000ns)
  Data Path Delay:        0.250ns  (logic 0.111ns (44.346%)  route 0.139ns (55.654%))
  Logic Levels:           0  
  Clock Path Skew:        0.084ns (DCD - SCD - CPR)
    Destination Clock Delay (DCD):    3.212ns
    Source Clock Delay      (SCD):    2.649ns
    Clock Pessimism Removal (CPR):    0.479ns
  Clock Net Delay (Source):      1.976ns (routing 1.039ns, distribution 0.937ns)
  Clock Net Delay (Destination): 2.184ns (routing 1.131ns, distribution 1.053ns)

    Location             Delay type                Incr(ns)  Path(ns)    Netlist Resource(s)
  -------------------------------------------------------------------    -------------------
                         (clock clk rise edge)        0.000     0.000 r  <hidden>
    E5                                                0.000     0.000 r  clk
                         net (fo=0)                   0.000     0.000    clk_IBUF_inst/I
    E5                   INBUF (Prop_INBUF_HPIOB_M_PAD_O)
                                                      0.274     0.274 r  clk_IBUF_inst/INBUF_INST/O
                         net (fo=1, routed)           0.000     0.274    clk_IBUF_inst/OUT
    E5                   IBUFCTRL (Prop_IBUFCTRL_HPIOB_M_I_O)
                                                      0.000     0.274 r  clk_IBUF_inst/IBUFCTRL_INST/O
                         net (fo=1, routed)           0.360     0.634    clk_IBUF
    BUFGCE_X0Y93         BUFGCE (Prop_BUFCE_BUFGCE_I_O)
                                                      0.039     0.673 r  clk_IBUF_BUFG_inst/O
    X0Y2 (CLOCK_ROOT)    net (fo=941, routed)         1.976     2.649    fir_Ix/CLK
    SLICE_X18Y157        FDRE                                         r  fir_Ix/shift_reg_reg[7][0]/C
  -------------------------------------------------------------------    -------------------
    SLICE_X18Y157        FDRE (Prop_FFF_SLICEM_C_Q)
                                                      0.111     2.760 r  fir_Ix/shift_reg_reg[7][0]/Q
                         net (fo=2, routed)           0.139     2.899    fir_Ix/shift_reg_reg[7][7]_0[0]
    SLICE_X17Y157        FDRE                                         r  fir_Ix/shift_reg_reg[8][0]/D
  -------------------------------------------------------------------    -------------------

                         (clock clk rise edge)        0.000     0.000 r  <hidden>
    E5                                                0.000     0.000 r  clk
                         net (fo=0)                   0.000     0.000    clk_IBUF_inst/I
    E5                   INBUF (Prop_INBUF_HPIOB_M_PAD_O)
                                                      0.524     0.524 r  clk_IBUF_inst/INBUF_INST/O
                         net (fo=1, routed)           0.000     0.524    clk_IBUF_inst/OUT
    E5                   IBUFCTRL (Prop_IBUFCTRL_HPIOB_M_I_O)
                                                      0.000     0.524 r  clk_IBUF_inst/IBUFCTRL_INST/O
                         net (fo=1, routed)           0.460     0.984    clk_IBUF
    BUFGCE_X0Y93         BUFGCE (Prop_BUFCE_BUFGCE_I_O)
                                                      0.044     1.028 r  clk_IBUF_BUFG_inst/O
    X0Y2 (CLOCK_ROOT)    net (fo=941, routed)         2.184     3.212    fir_Ix/CLK
    SLICE_X17Y157        FDRE                                         r  fir_Ix/shift_reg_reg[8][0]/C
                         clock pessimism             -0.479     2.732    <hidden>
    SLICE_X17Y157        FDRE (Hold_EFF_SLICEM_C_D)
                                                      0.101     2.833    fir_Ix/shift_reg_reg[8][0]
  -------------------------------------------------------------------
                         required time                         -2.833    <hidden>
                         arrival time                           2.899    <hidden>
  -------------------------------------------------------------------
                         slack                                  0.066    <hidden>

Slack (MET) :             0.066ns  (arrival time - required time)
  Source:                 fir_Iy/shift_reg_reg[8][6]/C
                            (rising edge-triggered cell FDRE clocked by clk  {rise@0.000ns fall@2.000ns period=4.000ns})
  Destination:            fir_Iy/shift_reg_reg[9][6]/D
                            (rising edge-triggered cell FDRE clocked by clk  {rise@0.000ns fall@2.000ns period=4.000ns})
  Path Group:             clk
  Path Type:              Hold (Min at Slow Process Corner)
  Requirement:            0.000ns  (clk rise@0.000ns - clk rise@0.000ns)
  Data Path Delay:        0.269ns  (logic 0.112ns (41.589%)  route 0.157ns (58.411%))
  Logic Levels:           0  
  Clock Path Skew:        0.101ns (DCD - SCD - CPR)
    Destination Clock Delay (DCD):    3.367ns
    Source Clock Delay      (SCD):    2.782ns
    Clock Pessimism Removal (CPR):    0.485ns
  Clock Net Delay (Source):      2.109ns (routing 1.039ns, distribution 1.070ns)
  Clock Net Delay (Destination): 2.340ns (routing 1.131ns, distribution 1.209ns)

    Location             Delay type                Incr(ns)  Path(ns)    Netlist Resource(s)
  -------------------------------------------------------------------    -------------------
                         (clock clk rise edge)        0.000     0.000 r  <hidden>
    E5                                                0.000     0.000 r  clk
                         net (fo=0)                   0.000     0.000    clk_IBUF_inst/I
    E5                   INBUF (Prop_INBUF_HPIOB_M_PAD_O)
                                                      0.274     0.274 r  clk_IBUF_inst/INBUF_INST/O
                         net (fo=1, routed)           0.000     0.274    clk_IBUF_inst/OUT
    E5                   IBUFCTRL (Prop_IBUFCTRL_HPIOB_M_I_O)
                                                      0.000     0.274 r  clk_IBUF_inst/IBUFCTRL_INST/O
                         net (fo=1, routed)           0.360     0.634    clk_IBUF
    BUFGCE_X0Y93         BUFGCE (Prop_BUFCE_BUFGCE_I_O)
                                                      0.039     0.673 r  clk_IBUF_BUFG_inst/O
    X0Y2 (CLOCK_ROOT)    net (fo=941, routed)         2.109     2.782    fir_Iy/CLK
    SLICE_X34Y150        FDRE                                         r  fir_Iy/shift_reg_reg[8][6]/C
  -------------------------------------------------------------------    -------------------
    SLICE_X34Y150        FDRE (Prop_DFF_SLICEM_C_Q)
                                                      0.112     2.894 r  fir_Iy/shift_reg_reg[8][6]/Q
                         net (fo=2, routed)           0.157     3.051    fir_Iy/shift_reg_reg[8]_4[6]
    SLICE_X37Y150        FDRE                                         r  fir_Iy/shift_reg_reg[9][6]/D
  -------------------------------------------------------------------    -------------------

                         (clock clk rise edge)        0.000     0.000 r  <hidden>
    E5                                                0.000     0.000 r  clk
                         net (fo=0)                   0.000     0.000    clk_IBUF_inst/I
    E5                   INBUF (Prop_INBUF_HPIOB_M_PAD_O)
                                                      0.524     0.524 r  clk_IBUF_inst/INBUF_INST/O
                         net (fo=1, routed)           0.000     0.524    clk_IBUF_inst/OUT
    E5                   IBUFCTRL (Prop_IBUFCTRL_HPIOB_M_I_O)
                                                      0.000     0.524 r  clk_IBUF_inst/IBUFCTRL_INST/O
                         net (fo=1, routed)           0.460     0.984    clk_IBUF
    BUFGCE_X0Y93         BUFGCE (Prop_BUFCE_BUFGCE_I_O)
                                                      0.044     1.028 r  clk_IBUF_BUFG_inst/O
    X0Y2 (CLOCK_ROOT)    net (fo=941, routed)         2.340     3.367    fir_Iy/CLK
    SLICE_X37Y150        FDRE                                         r  fir_Iy/shift_reg_reg[9][6]/C
                         clock pessimism             -0.485     2.883    <hidden>
    SLICE_X37Y150        FDRE (Hold_CFF2_SLICEM_C_D)
                                                      0.102     2.985    fir_Iy/shift_reg_reg[9][6]
  -------------------------------------------------------------------
                         required time                         -2.985    <hidden>
                         arrival time                           3.051    <hidden>
  -------------------------------------------------------------------
                         slack                                  0.066    <hidden>





Pulse Width Checks
--------------------------------------------------------------------------------------
Clock Name:         clk
Waveform(ns):       { 0.000 2.000 }
Period(ns):         4.000
Sources:            { clk }

Check Type        Corner  Lib Pin         Reference Pin  Required(ns)  Actual(ns)  Slack(ns)  Location       Pin
Min Period        n/a     BUFGCE/I        n/a            1.379         4.000       2.621      BUFGCE_X0Y93   clk_IBUF_BUFG_inst/I
Min Period        n/a     DSP_OUTPUT/CLK  n/a            0.850         4.000       3.150      DSP48E2_X5Y64  fir_Ix/accumulator_reg_reg/DSP_OUTPUT_INST/CLK
Min Period        n/a     DSP_OUTPUT/CLK  n/a            0.850         4.000       3.150      DSP48E2_X5Y67  fir_Ix/partial_sum_reg[0]/DSP_OUTPUT_INST/CLK
Min Period        n/a     DSP_OUTPUT/CLK  n/a            0.850         4.000       3.150      DSP48E2_X5Y63  fir_Ix/partial_sum_reg[1]/DSP_OUTPUT_INST/CLK
Min Period        n/a     DSP_OUTPUT/CLK  n/a            0.850         4.000       3.150      DSP48E2_X4Y65  fir_Ix/partial_sum_reg[2]/DSP_OUTPUT_INST/CLK
Min Period        n/a     DSP_OUTPUT/CLK  n/a            0.850         4.000       3.150      DSP48E2_X3Y66  fir_Ix/partial_sum_reg[3]/DSP_OUTPUT_INST/CLK
Min Period        n/a     DSP_OUTPUT/CLK  n/a            0.850         4.000       3.150      DSP48E2_X4Y62  fir_Ix/product_reg_reg[10]/DSP_OUTPUT_INST/CLK
Min Period        n/a     DSP_OUTPUT/CLK  n/a            0.850         4.000       3.150      DSP48E2_X3Y63  fir_Ix/product_reg_reg[14]/DSP_OUTPUT_INST/CLK
Min Period        n/a     DSP_OUTPUT/CLK  n/a            0.850         4.000       3.150      DSP48E2_X5Y65  fir_Ix/product_reg_reg[2]/DSP_OUTPUT_INST/CLK
Min Period        n/a     DSP_OUTPUT/CLK  n/a            0.850         4.000       3.150      DSP48E2_X5Y60  fir_Ix/product_reg_reg[7]/DSP_OUTPUT_INST/CLK
Low Pulse Width   Slow    FDRE/C          n/a            0.275         2.000       1.725      SLICE_X21Y162  fir_Ix/sample_out_reg[0]/C
Low Pulse Width   Fast    FDRE/C          n/a            0.275         2.000       1.725      SLICE_X21Y162  fir_Ix/sample_out_reg[0]/C
Low Pulse Width   Slow    FDRE/C          n/a            0.275         2.000       1.725      SLICE_X21Y162  fir_Ix/sample_out_reg[10]/C
Low Pulse Width   Fast    FDRE/C          n/a            0.275         2.000       1.725      SLICE_X21Y162  fir_Ix/sample_out_reg[10]/C
Low Pulse Width   Slow    FDRE/C          n/a            0.275         2.000       1.725      SLICE_X21Y162  fir_Ix/sample_out_reg[11]/C
Low Pulse Width   Fast    FDRE/C          n/a            0.275         2.000       1.725      SLICE_X21Y162  fir_Ix/sample_out_reg[11]/C
Low Pulse Width   Slow    FDRE/C          n/a            0.275         2.000       1.725      SLICE_X21Y162  fir_Ix/sample_out_reg[12]/C
Low Pulse Width   Fast    FDRE/C          n/a            0.275         2.000       1.725      SLICE_X21Y162  fir_Ix/sample_out_reg[12]/C
Low Pulse Width   Slow    FDRE/C          n/a            0.275         2.000       1.725      SLICE_X21Y162  fir_Ix/sample_out_reg[13]/C
Low Pulse Width   Fast    FDRE/C          n/a            0.275         2.000       1.725      SLICE_X21Y162  fir_Ix/sample_out_reg[13]/C
High Pulse Width  Slow    FDRE/C          n/a            0.275         2.000       1.725      SLICE_X21Y162  fir_Ix/sample_out_reg[0]/C
High Pulse Width  Fast    FDRE/C          n/a            0.275         2.000       1.725      SLICE_X21Y162  fir_Ix/sample_out_reg[0]/C
High Pulse Width  Slow    FDRE/C          n/a            0.275         2.000       1.725      SLICE_X21Y162  fir_Ix/sample_out_reg[10]/C
High Pulse Width  Fast    FDRE/C          n/a            0.275         2.000       1.725      SLICE_X21Y162  fir_Ix/sample_out_reg[10]/C
High Pulse Width  Slow    FDRE/C          n/a            0.275         2.000       1.725      SLICE_X21Y162  fir_Ix/sample_out_reg[11]/C
High Pulse Width  Fast    FDRE/C          n/a            0.275         2.000       1.725      SLICE_X21Y162  fir_Ix/sample_out_reg[11]/C
High Pulse Width  Slow    FDRE/C          n/a            0.275         2.000       1.725      SLICE_X21Y162  fir_Ix/sample_out_reg[12]/C
High Pulse Width  Fast    FDRE/C          n/a            0.275         2.000       1.725      SLICE_X21Y162  fir_Ix/sample_out_reg[12]/C
High Pulse Width  Slow    FDRE/C          n/a            0.275         2.000       1.725      SLICE_X21Y162  fir_Ix/sample_out_reg[13]/C
High Pulse Width  Fast    FDRE/C          n/a            0.275         2.000       1.725      SLICE_X21Y162  fir_Ix/sample_out_reg[13]/C



--------------------------------------------------------------------------------------
Path Group:  (none)
From Clock:  clk
  To Clock:  

Max Delay            73 Endpoints
Min Delay            73 Endpoints
--------------------------------------------------------------------------------------


Max Delay Paths
--------------------------------------------------------------------------------------
Slack:                    inf
  Source:                 fir_Iy/sample_out_reg[6]/C
                            (rising edge-triggered cell FDRE clocked by clk  {rise@0.000ns fall@2.000ns period=4.000ns})
  Destination:            Iy_out[6]
                            (output port)
  Path Group:             (none)
  Path Type:              Max at Slow Process Corner
  Data Path Delay:        3.412ns  (logic 0.993ns (29.113%)  route 2.419ns (70.887%))
  Logic Levels:           1  (OBUF=1)
  Clock Uncertainty:      0.025ns  ((TSJ^2 + TIJ^2)^1/2 + DJ) / 2 + PE
    Total System Jitter     (TSJ):    0.050ns
    Total Input Jitter      (TIJ):    0.000ns
    Discrete Jitter          (DJ):    0.000ns
    Phase Error              (PE):    0.000ns
  Clock Net Delay (Source):      2.341ns (routing 1.131ns, distribution 1.210ns)

    Location             Delay type                Incr(ns)  Path(ns)    Netlist Resource(s)
  -------------------------------------------------------------------    -------------------
                         (clock clk rise edge)        0.000     0.000 r  <hidden>
    E5                                                0.000     0.000 r  clk
                         net (fo=0)                   0.000     0.000    clk_IBUF_inst/I
    E5                   INBUF (Prop_INBUF_HPIOB_M_PAD_O)
                                                      0.524     0.524 r  clk_IBUF_inst/INBUF_INST/O
                         net (fo=1, routed)           0.000     0.524    clk_IBUF_inst/OUT
    E5                   IBUFCTRL (Prop_IBUFCTRL_HPIOB_M_I_O)
                                                      0.000     0.524 r  clk_IBUF_inst/IBUFCTRL_INST/O
                         net (fo=1, routed)           0.460     0.984    clk_IBUF
    BUFGCE_X0Y93         BUFGCE (Prop_BUFCE_BUFGCE_I_O)
                                                      0.044     1.028 r  clk_IBUF_BUFG_inst/O
    X0Y2 (CLOCK_ROOT)    net (fo=941, routed)         2.341     3.368    fir_Iy/CLK
    SLICE_X31Y157        FDRE                                         r  fir_Iy/sample_out_reg[6]/C
  -------------------------------------------------------------------    -------------------
    SLICE_X31Y157        FDRE (Prop_DFF2_SLICEM_C_Q)
                                                      0.115     3.483 r  fir_Iy/sample_out_reg[6]/Q
                         net (fo=1, routed)           2.419     5.902    Iy_out_OBUF[6]
    J7                   OBUF (Prop_OUTBUF_HPIOB_M_I_O)
                                                      0.878     6.781 r  Iy_out_OBUF[6]_inst/O
                         net (fo=0)                   0.000     6.781    Iy_out[6]
    J7                                                                r  Iy_out[6]
  -------------------------------------------------------------------    -------------------

Slack:                    inf
  Source:                 fir_Qx/sample_out_reg[9]/C
                            (rising edge-triggered cell FDRE clocked by clk  {rise@0.000ns fall@2.000ns period=4.000ns})
  Destination:            Qx_out[9]
                            (output port)
  Path Group:             (none)
  Path Type:              Max at Slow Process Corner
  Data Path Delay:        3.256ns  (logic 1.025ns (31.490%)  route 2.231ns (68.510%))
  Logic Levels:           1  (OBUF=1)
  Clock Uncertainty:      0.025ns  ((TSJ^2 + TIJ^2)^1/2 + DJ) / 2 + PE
    Total System Jitter     (TSJ):    0.050ns
    Total Input Jitter      (TIJ):    0.000ns
    Discrete Jitter          (DJ):    0.000ns
    Phase Error              (PE):    0.000ns
  Clock Net Delay (Source):      2.368ns (routing 1.131ns, distribution 1.237ns)

    Location             Delay type                Incr(ns)  Path(ns)    Netlist Resource(s)
  -------------------------------------------------------------------    -------------------
                         (clock clk rise edge)        0.000     0.000 r  <hidden>
    E5                                                0.000     0.000 r  clk
                         net (fo=0)                   0.000     0.000    clk_IBUF_inst/I
    E5                   INBUF (Prop_INBUF_HPIOB_M_PAD_O)
                                                      0.524     0.524 r  clk_IBUF_inst/INBUF_INST/O
                         net (fo=1, routed)           0.000     0.524    clk_IBUF_inst/OUT
    E5                   IBUFCTRL (Prop_IBUFCTRL_HPIOB_M_I_O)
                                                      0.000     0.524 r  clk_IBUF_inst/IBUFCTRL_INST/O
                         net (fo=1, routed)           0.460     0.984    clk_IBUF
    BUFGCE_X0Y93         BUFGCE (Prop_BUFCE_BUFGCE_I_O)
                                                      0.044     1.028 r  clk_IBUF_BUFG_inst/O
    X0Y2 (CLOCK_ROOT)    net (fo=941, routed)         2.368     3.396    fir_Qx/CLK
    SLICE_X31Y141        FDRE                                         r  fir_Qx/sample_out_reg[9]/C
  -------------------------------------------------------------------    -------------------
    SLICE_X31Y141        FDRE (Prop_CFF2_SLICEM_C_Q)
                                                      0.114     3.510 r  fir_Qx/sample_out_reg[9]/Q
                         net (fo=1, routed)           2.231     5.741    Qx_out_OBUF[9]
    J2                   OBUF (Prop_OUTBUF_HPIOB_S_I_O)
                                                      0.911     6.653 r  Qx_out_OBUF[9]_inst/O
                         net (fo=0)                   0.000     6.653    Qx_out[9]
    J2                                                                r  Qx_out[9]
  -------------------------------------------------------------------    -------------------

Slack:                    inf
  Source:                 fir_Iy/sample_out_reg[17]/C
                            (rising edge-triggered cell FDRE clocked by clk  {rise@0.000ns fall@2.000ns period=4.000ns})
  Destination:            Iy_out[17]
                            (output port)
  Path Group:             (none)
  Path Type:              Max at Slow Process Corner
  Data Path Delay:        3.280ns  (logic 0.998ns (30.436%)  route 2.282ns (69.564%))
  Logic Levels:           1  (OBUF=1)
  Clock Uncertainty:      0.025ns  ((TSJ^2 + TIJ^2)^1/2 + DJ) / 2 + PE
    Total System Jitter     (TSJ):    0.050ns
    Total Input Jitter      (TIJ):    0.000ns
    Discrete Jitter          (DJ):    0.000ns
    Phase Error              (PE):    0.000ns
  Clock Net Delay (Source):      2.341ns (routing 1.131ns, distribution 1.210ns)

    Location             Delay type                Incr(ns)  Path(ns)    Netlist Resource(s)
  -------------------------------------------------------------------    -------------------
                         (clock clk rise edge)        0.000     0.000 r  <hidden>
    E5                                                0.000     0.000 r  clk
                         net (fo=0)                   0.000     0.000    clk_IBUF_inst/I
    E5                   INBUF (Prop_INBUF_HPIOB_M_PAD_O)
                                                      0.524     0.524 r  clk_IBUF_inst/INBUF_INST/O
                         net (fo=1, routed)           0.000     0.524    clk_IBUF_inst/OUT
    E5                   IBUFCTRL (Prop_IBUFCTRL_HPIOB_M_I_O)
                                                      0.000     0.524 r  clk_IBUF_inst/IBUFCTRL_INST/O
                         net (fo=1, routed)           0.460     0.984    clk_IBUF
    BUFGCE_X0Y93         BUFGCE (Prop_BUFCE_BUFGCE_I_O)
                                                      0.044     1.028 r  clk_IBUF_BUFG_inst/O
    X0Y2 (CLOCK_ROOT)    net (fo=941, routed)         2.341     3.368    fir_Iy/CLK
    SLICE_X31Y157        FDRE                                         r  fir_Iy/sample_out_reg[17]/C
  -------------------------------------------------------------------    -------------------
    SLICE_X31Y157        FDRE (Prop_BFF_SLICEM_C_Q)
                                                      0.112     3.480 r  fir_Iy/sample_out_reg[17]/Q
                         net (fo=1, routed)           2.282     5.762    Iy_out_OBUF[16]
    L5                   OBUF (Prop_OUTBUF_HPIOB_S_I_O)
                                                      0.886     6.649 r  Iy_out_OBUF[17]_inst/O
                         net (fo=0)                   0.000     6.649    Iy_out[17]
    L5                                                                r  Iy_out[17]
  -------------------------------------------------------------------    -------------------

Slack:                    inf
  Source:                 fir_Qy/sample_out_reg[14]/C
                            (rising edge-triggered cell FDRE clocked by clk  {rise@0.000ns fall@2.000ns period=4.000ns})
  Destination:            Qy_out[14]
                            (output port)
  Path Group:             (none)
  Path Type:              Max at Slow Process Corner
  Data Path Delay:        3.318ns  (logic 1.003ns (30.233%)  route 2.315ns (69.767%))
  Logic Levels:           1  (OBUF=1)
  Clock Uncertainty:      0.025ns  ((TSJ^2 + TIJ^2)^1/2 + DJ) / 2 + PE
    Total System Jitter     (TSJ):    0.050ns
    Total Input Jitter      (TIJ):    0.000ns
    Discrete Jitter          (DJ):    0.000ns
    Phase Error              (PE):    0.000ns
  Clock Net Delay (Source):      2.216ns (routing 1.131ns, distribution 1.085ns)

    Location             Delay type                Incr(ns)  Path(ns)    Netlist Resource(s)
  -------------------------------------------------------------------    -------------------
                         (clock clk rise edge)        0.000     0.000 r  <hidden>
    E5                                                0.000     0.000 r  clk
                         net (fo=0)                   0.000     0.000    clk_IBUF_inst/I
    E5                   INBUF (Prop_INBUF_HPIOB_M_PAD_O)
                                                      0.524     0.524 r  clk_IBUF_inst/INBUF_INST/O
                         net (fo=1, routed)           0.000     0.524    clk_IBUF_inst/OUT
    E5                   IBUFCTRL (Prop_IBUFCTRL_HPIOB_M_I_O)
                                                      0.000     0.524 r  clk_IBUF_inst/IBUFCTRL_INST/O
                         net (fo=1, routed)           0.460     0.984    clk_IBUF
    BUFGCE_X0Y93         BUFGCE (Prop_BUFCE_BUFGCE_I_O)
                                                      0.044     1.028 r  clk_IBUF_BUFG_inst/O
    X0Y2 (CLOCK_ROOT)    net (fo=941, routed)         2.216     3.244    fir_Qy/CLK
    SLICE_X18Y132        FDRE                                         r  fir_Qy/sample_out_reg[14]/C
  -------------------------------------------------------------------    -------------------
    SLICE_X18Y132        FDRE (Prop_EFF_SLICEM_C_Q)
                                                      0.113     3.357 r  fir_Qy/sample_out_reg[14]/Q
                         net (fo=1, routed)           2.315     5.672    Qy_out_OBUF[14]
    AE9                  OBUF (Prop_OUTBUF_HPIOB_M_I_O)
                                                      0.890     6.562 r  Qy_out_OBUF[14]_inst/O
                         net (fo=0)                   0.000     6.562    Qy_out[14]
    AE9                                                               r  Qy_out[14]
  -------------------------------------------------------------------    -------------------

Slack:                    inf
  Source:                 fir_Qy/sample_out_reg[5]/C
                            (rising edge-triggered cell FDRE clocked by clk  {rise@0.000ns fall@2.000ns period=4.000ns})
  Destination:            Qy_out[5]
                            (output port)
  Path Group:             (none)
  Path Type:              Max at Slow Process Corner
  Data Path Delay:        3.298ns  (logic 1.043ns (31.631%)  route 2.255ns (68.369%))
  Logic Levels:           1  (OBUF=1)
  Clock Uncertainty:      0.025ns  ((TSJ^2 + TIJ^2)^1/2 + DJ) / 2 + PE
    Total System Jitter     (TSJ):    0.050ns
    Total Input Jitter      (TIJ):    0.000ns
    Discrete Jitter          (DJ):    0.000ns
    Phase Error              (PE):    0.000ns
  Clock Net Delay (Source):      2.216ns (routing 1.131ns, distribution 1.085ns)

    Location             Delay type                Incr(ns)  Path(ns)    Netlist Resource(s)
  -------------------------------------------------------------------    -------------------
                         (clock clk rise edge)        0.000     0.000 r  <hidden>
    E5                                                0.000     0.000 r  clk
                         net (fo=0)                   0.000     0.000    clk_IBUF_inst/I
    E5                   INBUF (Prop_INBUF_HPIOB_M_PAD_O)
                                                      0.524     0.524 r  clk_IBUF_inst/INBUF_INST/O
                         net (fo=1, routed)           0.000     0.524    clk_IBUF_inst/OUT
    E5                   IBUFCTRL (Prop_IBUFCTRL_HPIOB_M_I_O)
                                                      0.000     0.524 r  clk_IBUF_inst/IBUFCTRL_INST/O
                         net (fo=1, routed)           0.460     0.984    clk_IBUF
    BUFGCE_X0Y93         BUFGCE (Prop_BUFCE_BUFGCE_I_O)
                                                      0.044     1.028 r  clk_IBUF_BUFG_inst/O
    X0Y2 (CLOCK_ROOT)    net (fo=941, routed)         2.216     3.244    fir_Qy/CLK
    SLICE_X18Y132        FDRE                                         r  fir_Qy/sample_out_reg[5]/C
  -------------------------------------------------------------------    -------------------
    SLICE_X18Y132        FDRE (Prop_EFF2_SLICEM_C_Q)
                                                      0.118     3.362 r  fir_Qy/sample_out_reg[5]/Q
                         net (fo=1, routed)           2.255     5.617    Qy_out_OBUF[5]
    AG8                  OBUF (Prop_OUTBUF_HPIOB_S_I_O)
                                                      0.925     6.542 r  Qy_out_OBUF[5]_inst/O
                         net (fo=0)                   0.000     6.542    Qy_out[5]
    AG8                                                               r  Qy_out[5]
  -------------------------------------------------------------------    -------------------

Slack:                    inf
  Source:                 fir_Qx/sample_out_reg[14]/C
                            (rising edge-triggered cell FDRE clocked by clk  {rise@0.000ns fall@2.000ns period=4.000ns})
  Destination:            Qx_out[14]
                            (output port)
  Path Group:             (none)
  Path Type:              Max at Slow Process Corner
  Data Path Delay:        3.129ns  (logic 0.984ns (31.448%)  route 2.145ns (68.552%))
  Logic Levels:           1  (OBUF=1)
  Clock Uncertainty:      0.025ns  ((TSJ^2 + TIJ^2)^1/2 + DJ) / 2 + PE
    Total System Jitter     (TSJ):    0.050ns
    Total Input Jitter      (TIJ):    0.000ns
    Discrete Jitter          (DJ):    0.000ns
    Phase Error              (PE):    0.000ns
  Clock Net Delay (Source):      2.368ns (routing 1.131ns, distribution 1.237ns)

    Location             Delay type                Incr(ns)  Path(ns)    Netlist Resource(s)
  -------------------------------------------------------------------    -------------------
                         (clock clk rise edge)        0.000     0.000 r  <hidden>
    E5                                                0.000     0.000 r  clk
                         net (fo=0)                   0.000     0.000    clk_IBUF_inst/I
    E5                   INBUF (Prop_INBUF_HPIOB_M_PAD_O)
                                                      0.524     0.524 r  clk_IBUF_inst/INBUF_INST/O
                         net (fo=1, routed)           0.000     0.524    clk_IBUF_inst/OUT
    E5                   IBUFCTRL (Prop_IBUFCTRL_HPIOB_M_I_O)
                                                      0.000     0.524 r  clk_IBUF_inst/IBUFCTRL_INST/O
                         net (fo=1, routed)           0.460     0.984    clk_IBUF
    BUFGCE_X0Y93         BUFGCE (Prop_BUFCE_BUFGCE_I_O)
                                                      0.044     1.028 r  clk_IBUF_BUFG_inst/O
    X0Y2 (CLOCK_ROOT)    net (fo=941, routed)         2.368     3.396    fir_Qx/CLK
    SLICE_X31Y141        FDRE                                         r  fir_Qx/sample_out_reg[14]/C
  -------------------------------------------------------------------    -------------------
    SLICE_X31Y141        FDRE (Prop_BFF2_SLICEM_C_Q)
                                                      0.115     3.511 r  fir_Qx/sample_out_reg[14]/Q
                         net (fo=1, routed)           2.145     5.656    Qx_out_OBUF[14]
    R7                   OBUF (Prop_OUTBUF_HPIOB_M_I_O)
                                                      0.869     6.525 r  Qx_out_OBUF[14]_inst/O
                         net (fo=0)                   0.000     6.525    Qx_out[14]
    R7                                                                r  Qx_out[14]
  -------------------------------------------------------------------    -------------------

Slack:                    inf
  Source:                 fir_Qx/sample_out_reg[8]/C
                            (rising edge-triggered cell FDRE clocked by clk  {rise@0.000ns fall@2.000ns period=4.000ns})
  Destination:            Qx_out[8]
                            (output port)
  Path Group:             (none)
  Path Type:              Max at Slow Process Corner
  Data Path Delay:        3.121ns  (logic 1.023ns (32.787%)  route 2.098ns (67.213%))
  Logic Levels:           1  (OBUF=1)
  Clock Uncertainty:      0.025ns  ((TSJ^2 + TIJ^2)^1/2 + DJ) / 2 + PE
    Total System Jitter     (TSJ):    0.050ns
    Total Input Jitter      (TIJ):    0.000ns
    Discrete Jitter          (DJ):    0.000ns
    Phase Error              (PE):    0.000ns
  Clock Net Delay (Source):      2.367ns (routing 1.131ns, distribution 1.236ns)

    Location             Delay type                Incr(ns)  Path(ns)    Netlist Resource(s)
  -------------------------------------------------------------------    -------------------
                         (clock clk rise edge)        0.000     0.000 r  <hidden>
    E5                                                0.000     0.000 r  clk
                         net (fo=0)                   0.000     0.000    clk_IBUF_inst/I
    E5                   INBUF (Prop_INBUF_HPIOB_M_PAD_O)
                                                      0.524     0.524 r  clk_IBUF_inst/INBUF_INST/O
                         net (fo=1, routed)           0.000     0.524    clk_IBUF_inst/OUT
    E5                   IBUFCTRL (Prop_IBUFCTRL_HPIOB_M_I_O)
                                                      0.000     0.524 r  clk_IBUF_inst/IBUFCTRL_INST/O
                         net (fo=1, routed)           0.460     0.984    clk_IBUF
    BUFGCE_X0Y93         BUFGCE (Prop_BUFCE_BUFGCE_I_O)
                                                      0.044     1.028 r  clk_IBUF_BUFG_inst/O
    X0Y2 (CLOCK_ROOT)    net (fo=941, routed)         2.367     3.395    fir_Qx/CLK
    SLICE_X31Y141        FDRE                                         r  fir_Qx/sample_out_reg[8]/C
  -------------------------------------------------------------------    -------------------
    SLICE_X31Y141        FDRE (Prop_HFF2_SLICEM_C_Q)
                                                      0.114     3.509 r  fir_Qx/sample_out_reg[8]/Q
                         net (fo=1, routed)           2.098     5.607    Qx_out_OBUF[8]
    K2                   OBUF (Prop_OUTBUF_HPIOB_M_I_O)
                                                      0.909     6.516 r  Qx_out_OBUF[8]_inst/O
                         net (fo=0)                   0.000     6.516    Qx_out[8]
    K2                                                                r  Qx_out[8]
  -------------------------------------------------------------------    -------------------

Slack:                    inf
  Source:                 fir_Qy/sample_out_reg[12]/C
                            (rising edge-triggered cell FDRE clocked by clk  {rise@0.000ns fall@2.000ns period=4.000ns})
  Destination:            Qy_out[12]
                            (output port)
  Path Group:             (none)
  Path Type:              Max at Slow Process Corner
  Data Path Delay:        3.264ns  (logic 0.996ns (30.524%)  route 2.268ns (69.476%))
  Logic Levels:           1  (OBUF=1)
  Clock Uncertainty:      0.025ns  ((TSJ^2 + TIJ^2)^1/2 + DJ) / 2 + PE
    Total System Jitter     (TSJ):    0.050ns
    Total Input Jitter      (TIJ):    0.000ns
    Discrete Jitter          (DJ):    0.000ns
    Phase Error              (PE):    0.000ns
  Clock Net Delay (Source):      2.216ns (routing 1.131ns, distribution 1.085ns)

    Location             Delay type                Incr(ns)  Path(ns)    Netlist Resource(s)
  -------------------------------------------------------------------    -------------------
                         (clock clk rise edge)        0.000     0.000 r  <hidden>
    E5                                                0.000     0.000 r  clk
                         net (fo=0)                   0.000     0.000    clk_IBUF_inst/I
    E5                   INBUF (Prop_INBUF_HPIOB_M_PAD_O)
                                                      0.524     0.524 r  clk_IBUF_inst/INBUF_INST/O
                         net (fo=1, routed)           0.000     0.524    clk_IBUF_inst/OUT
    E5                   IBUFCTRL (Prop_IBUFCTRL_HPIOB_M_I_O)
                                                      0.000     0.524 r  clk_IBUF_inst/IBUFCTRL_INST/O
                         net (fo=1, routed)           0.460     0.984    clk_IBUF
    BUFGCE_X0Y93         BUFGCE (Prop_BUFCE_BUFGCE_I_O)
                                                      0.044     1.028 r  clk_IBUF_BUFG_inst/O
    X0Y2 (CLOCK_ROOT)    net (fo=941, routed)         2.216     3.244    fir_Qy/CLK
    SLICE_X18Y133        FDRE                                         r  fir_Qy/sample_out_reg[12]/C
  -------------------------------------------------------------------    -------------------
    SLICE_X18Y133        FDRE (Prop_AFF2_SLICEM_C_Q)
                                                      0.118     3.362 r  fir_Qy/sample_out_reg[12]/Q
                         net (fo=1, routed)           2.268     5.630    Qy_out_OBUF[12]
    AB8                  OBUF (Prop_OUTBUF_HPIOB_M_I_O)
                                                      0.878     6.508 r  Qy_out_OBUF[12]_inst/O
                         net (fo=0)                   0.000     6.508    Qy_out[12]
    AB8                                                               r  Qy_out[12]
  -------------------------------------------------------------------    -------------------

Slack:                    inf
  Source:                 fir_Iy/sample_out_reg[11]/C
                            (rising edge-triggered cell FDRE clocked by clk  {rise@0.000ns fall@2.000ns period=4.000ns})
  Destination:            Iy_out[11]
                            (output port)
  Path Group:             (none)
  Path Type:              Max at Slow Process Corner
  Data Path Delay:        3.115ns  (logic 0.988ns (31.722%)  route 2.127ns (68.278%))
  Logic Levels:           1  (OBUF=1)
  Clock Uncertainty:      0.025ns  ((TSJ^2 + TIJ^2)^1/2 + DJ) / 2 + PE
    Total System Jitter     (TSJ):    0.050ns
    Total Input Jitter      (TIJ):    0.000ns
    Discrete Jitter          (DJ):    0.000ns
    Phase Error              (PE):    0.000ns
  Clock Net Delay (Source):      2.339ns (routing 1.131ns, distribution 1.208ns)

    Location             Delay type                Incr(ns)  Path(ns)    Netlist Resource(s)
  -------------------------------------------------------------------    -------------------
                         (clock clk rise edge)        0.000     0.000 r  <hidden>
    E5                                                0.000     0.000 r  clk
                         net (fo=0)                   0.000     0.000    clk_IBUF_inst/I
    E5                   INBUF (Prop_INBUF_HPIOB_M_PAD_O)
                                                      0.524     0.524 r  clk_IBUF_inst/INBUF_INST/O
                         net (fo=1, routed)           0.000     0.524    clk_IBUF_inst/OUT
    E5                   IBUFCTRL (Prop_IBUFCTRL_HPIOB_M_I_O)
                                                      0.000     0.524 r  clk_IBUF_inst/IBUFCTRL_INST/O
                         net (fo=1, routed)           0.460     0.984    clk_IBUF
    BUFGCE_X0Y93         BUFGCE (Prop_BUFCE_BUFGCE_I_O)
                                                      0.044     1.028 r  clk_IBUF_BUFG_inst/O
    X0Y2 (CLOCK_ROOT)    net (fo=941, routed)         2.339     3.366    fir_Iy/CLK
    SLICE_X31Y157        FDRE                                         r  fir_Iy/sample_out_reg[11]/C
  -------------------------------------------------------------------    -------------------
    SLICE_X31Y157        FDRE (Prop_EFF2_SLICEM_C_Q)
                                                      0.118     3.484 r  fir_Iy/sample_out_reg[11]/Q
                         net (fo=1, routed)           2.127     5.611    Iy_out_OBUF[11]
    N8                   OBUF (Prop_OUTBUF_HPIOB_S_I_O)
                                                      0.870     6.482 r  Iy_out_OBUF[11]_inst/O
                         net (fo=0)                   0.000     6.482    Iy_out[11]
    N8                                                                r  Iy_out[11]
  -------------------------------------------------------------------    -------------------

Slack:                    inf
  Source:                 fir_Qy/sample_out_reg[15]/C
                            (rising edge-triggered cell FDRE clocked by clk  {rise@0.000ns fall@2.000ns period=4.000ns})
  Destination:            Qy_out[15]
                            (output port)
  Path Group:             (none)
  Path Type:              Max at Slow Process Corner
  Data Path Delay:        3.199ns  (logic 1.005ns (31.426%)  route 2.194ns (68.574%))
  Logic Levels:           1  (OBUF=1)
  Clock Uncertainty:      0.025ns  ((TSJ^2 + TIJ^2)^1/2 + DJ) / 2 + PE
    Total System Jitter     (TSJ):    0.050ns
    Total Input Jitter      (TIJ):    0.000ns
    Discrete Jitter          (DJ):    0.000ns
    Phase Error              (PE):    0.000ns
  Clock Net Delay (Source):      2.213ns (routing 1.131ns, distribution 1.082ns)

    Location             Delay type                Incr(ns)  Path(ns)    Netlist Resource(s)
  -------------------------------------------------------------------    -------------------
                         (clock clk rise edge)        0.000     0.000 r  <hidden>
    E5                                                0.000     0.000 r  clk
                         net (fo=0)                   0.000     0.000    clk_IBUF_inst/I
    E5                   INBUF (Prop_INBUF_HPIOB_M_PAD_O)
                                                      0.524     0.524 r  clk_IBUF_inst/INBUF_INST/O
                         net (fo=1, routed)           0.000     0.524    clk_IBUF_inst/OUT
    E5                   IBUFCTRL (Prop_IBUFCTRL_HPIOB_M_I_O)
                                                      0.000     0.524 r  clk_IBUF_inst/IBUFCTRL_INST/O
                         net (fo=1, routed)           0.460     0.984    clk_IBUF
    BUFGCE_X0Y93         BUFGCE (Prop_BUFCE_BUFGCE_I_O)
                                                      0.044     1.028 r  clk_IBUF_BUFG_inst/O
    X0Y2 (CLOCK_ROOT)    net (fo=941, routed)         2.213     3.241    fir_Qy/CLK
    SLICE_X20Y137        FDRE                                         r  fir_Qy/sample_out_reg[15]/C
  -------------------------------------------------------------------    -------------------
    SLICE_X20Y137        FDRE (Prop_AFF_SLICEM_C_Q)
                                                      0.113     3.354 r  fir_Qy/sample_out_reg[15]/Q
                         net (fo=1, routed)           2.194     5.548    Qy_out_OBUF[15]
    AE8                  OBUF (Prop_OUTBUF_HPIOB_S_I_O)
                                                      0.892     6.440 r  Qy_out_OBUF[15]_inst/O
                         net (fo=0)                   0.000     6.440    Qy_out[15]
    AE8                                                               r  Qy_out[15]
  -------------------------------------------------------------------    -------------------





Min Delay Paths
--------------------------------------------------------------------------------------
Slack:                    inf
  Source:                 fir_Iy/sample_out_reg[10]/C
                            (rising edge-triggered cell FDRE clocked by clk  {rise@0.000ns fall@2.000ns period=4.000ns})
  Destination:            Iy_out[10]
                            (output port)
  Path Group:             (none)
  Path Type:              Min at Fast Process Corner
  Data Path Delay:        0.986ns  (logic 0.444ns (45.045%)  route 0.542ns (54.955%))
  Logic Levels:           1  (OBUF=1)
  Clock Uncertainty:      0.025ns  ((TSJ^2 + TIJ^2)^1/2 + DJ) / 2 + PE
    Total System Jitter     (TSJ):    0.050ns
    Total Input Jitter      (TIJ):    0.000ns
    Discrete Jitter          (DJ):    0.000ns
    Phase Error              (PE):    0.000ns
  Clock Net Delay (Source):      1.277ns (routing 0.623ns, distribution 0.654ns)

    Location             Delay type                Incr(ns)  Path(ns)    Netlist Resource(s)
  -------------------------------------------------------------------    -------------------
                         (clock clk rise edge)        0.000     0.000 r  <hidden>
    E5                                                0.000     0.000 r  clk
                         net (fo=0)                   0.000     0.000    clk_IBUF_inst/I
    E5                   INBUF (Prop_INBUF_HPIOB_M_PAD_O)
                                                      0.159     0.159 r  clk_IBUF_inst/INBUF_INST/O
                         net (fo=1, routed)           0.000     0.159    clk_IBUF_inst/OUT
    E5                   IBUFCTRL (Prop_IBUFCTRL_HPIOB_M_I_O)
                                                      0.000     0.159 r  clk_IBUF_inst/IBUFCTRL_INST/O
                         net (fo=1, routed)           0.176     0.335    clk_IBUF
    BUFGCE_X0Y93         BUFGCE (Prop_BUFCE_BUFGCE_I_O)
                                                      0.023     0.358 r  clk_IBUF_BUFG_inst/O
    X0Y2 (CLOCK_ROOT)    net (fo=941, routed)         1.277     1.634    fir_Iy/CLK
    SLICE_X31Y157        FDRE                                         r  fir_Iy/sample_out_reg[10]/C
  -------------------------------------------------------------------    -------------------
    SLICE_X31Y157        FDRE (Prop_EFF_SLICEM_C_Q)
                                                      0.082     1.716 r  fir_Iy/sample_out_reg[10]/Q
                         net (fo=1, routed)           0.542     2.258    Iy_out_OBUF[10]
    N9                   OBUF (Prop_OUTBUF_HPIOB_M_I_O)
                                                      0.362     2.620 r  Iy_out_OBUF[10]_inst/O
                         net (fo=0)                   0.000     2.620    Iy_out[10]
    N9                                                                r  Iy_out[10]
  -------------------------------------------------------------------    -------------------

Slack:                    inf
  Source:                 fir_Iy/sample_out_reg[5]/C
                            (rising edge-triggered cell FDRE clocked by clk  {rise@0.000ns fall@2.000ns period=4.000ns})
  Destination:            Iy_out[5]
                            (output port)
  Path Group:             (none)
  Path Type:              Min at Fast Process Corner
  Data Path Delay:        1.000ns  (logic 0.443ns (44.295%)  route 0.557ns (55.705%))
  Logic Levels:           1  (OBUF=1)
  Clock Uncertainty:      0.025ns  ((TSJ^2 + TIJ^2)^1/2 + DJ) / 2 + PE
    Total System Jitter     (TSJ):    0.050ns
    Total Input Jitter      (TIJ):    0.000ns
    Discrete Jitter          (DJ):    0.000ns
    Phase Error              (PE):    0.000ns
  Clock Net Delay (Source):      1.278ns (routing 0.623ns, distribution 0.655ns)

    Location             Delay type                Incr(ns)  Path(ns)    Netlist Resource(s)
  -------------------------------------------------------------------    -------------------
                         (clock clk rise edge)        0.000     0.000 r  <hidden>
    E5                                                0.000     0.000 r  clk
                         net (fo=0)                   0.000     0.000    clk_IBUF_inst/I
    E5                   INBUF (Prop_INBUF_HPIOB_M_PAD_O)
                                                      0.159     0.159 r  clk_IBUF_inst/INBUF_INST/O
                         net (fo=1, routed)           0.000     0.159    clk_IBUF_inst/OUT
    E5                   IBUFCTRL (Prop_IBUFCTRL_HPIOB_M_I_O)
                                                      0.000     0.159 r  clk_IBUF_inst/IBUFCTRL_INST/O
                         net (fo=1, routed)           0.176     0.335    clk_IBUF
    BUFGCE_X0Y93         BUFGCE (Prop_BUFCE_BUFGCE_I_O)
                                                      0.023     0.358 r  clk_IBUF_BUFG_inst/O
    X0Y2 (CLOCK_ROOT)    net (fo=941, routed)         1.278     1.635    fir_Iy/CLK
    SLICE_X31Y157        FDRE                                         r  fir_Iy/sample_out_reg[5]/C
  -------------------------------------------------------------------    -------------------
    SLICE_X31Y157        FDRE (Prop_DFF_SLICEM_C_Q)
                                                      0.083     1.718 r  fir_Iy/sample_out_reg[5]/Q
                         net (fo=1, routed)           0.557     2.275    Iy_out_OBUF[5]
    K7                   OBUF (Prop_OUTBUF_HPIOB_S_I_O)
                                                      0.360     2.635 r  Iy_out_OBUF[5]_inst/O
                         net (fo=0)                   0.000     2.635    Iy_out[5]
    K7                                                                r  Iy_out[5]
  -------------------------------------------------------------------    -------------------

Slack:                    inf
  Source:                 fir_Ix/valid_out_reg/C
                            (rising edge-triggered cell FDRE clocked by clk  {rise@0.000ns fall@2.000ns period=4.000ns})
  Destination:            valid_out
                            (output port)
  Path Group:             (none)
  Path Type:              Min at Fast Process Corner
  Data Path Delay:        1.025ns  (logic 0.501ns (48.897%)  route 0.524ns (51.103%))
  Logic Levels:           1  (OBUF=1)
  Clock Uncertainty:      0.025ns  ((TSJ^2 + TIJ^2)^1/2 + DJ) / 2 + PE
    Total System Jitter     (TSJ):    0.050ns
    Total Input Jitter      (TIJ):    0.000ns
    Discrete Jitter          (DJ):    0.000ns
    Phase Error              (PE):    0.000ns
  Clock Net Delay (Source):      1.257ns (routing 0.623ns, distribution 0.634ns)

    Location             Delay type                Incr(ns)  Path(ns)    Netlist Resource(s)
  -------------------------------------------------------------------    -------------------
                         (clock clk rise edge)        0.000     0.000 r  <hidden>
    E5                                                0.000     0.000 r  clk
                         net (fo=0)                   0.000     0.000    clk_IBUF_inst/I
    E5                   INBUF (Prop_INBUF_HPIOB_M_PAD_O)
                                                      0.159     0.159 r  clk_IBUF_inst/INBUF_INST/O
                         net (fo=1, routed)           0.000     0.159    clk_IBUF_inst/OUT
    E5                   IBUFCTRL (Prop_IBUFCTRL_HPIOB_M_I_O)
                                                      0.000     0.159 r  clk_IBUF_inst/IBUFCTRL_INST/O
                         net (fo=1, routed)           0.176     0.335    clk_IBUF
    BUFGCE_X0Y93         BUFGCE (Prop_BUFCE_BUFGCE_I_O)
                                                      0.023     0.358 r  clk_IBUF_BUFG_inst/O
    X0Y2 (CLOCK_ROOT)    net (fo=941, routed)         1.257     1.615    fir_Ix/CLK
    SLICE_X23Y165        FDRE                                         r  fir_Ix/valid_out_reg/C
  -------------------------------------------------------------------    -------------------
    SLICE_X23Y165        FDRE (Prop_EFF_SLICEL_C_Q)
                                                      0.084     1.699 r  fir_Ix/valid_out_reg/Q
                         net (fo=1, routed)           0.524     2.223    valid_out_OBUF
    D1                   OBUF (Prop_OUTBUF_HPIOB_S_I_O)
                                                      0.417     2.640 r  valid_out_OBUF_inst/O
                         net (fo=0)                   0.000     2.640    valid_out
    D1                                                                r  valid_out
  -------------------------------------------------------------------    -------------------

Slack:                    inf
  Source:                 fir_Iy/sample_out_reg[13]/C
                            (rising edge-triggered cell FDRE clocked by clk  {rise@0.000ns fall@2.000ns period=4.000ns})
  Destination:            Iy_out[13]
                            (output port)
  Path Group:             (none)
  Path Type:              Min at Fast Process Corner
  Data Path Delay:        1.011ns  (logic 0.473ns (46.806%)  route 0.538ns (53.194%))
  Logic Levels:           1  (OBUF=1)
  Clock Uncertainty:      0.025ns  ((TSJ^2 + TIJ^2)^1/2 + DJ) / 2 + PE
    Total System Jitter     (TSJ):    0.050ns
    Total Input Jitter      (TIJ):    0.000ns
    Discrete Jitter          (DJ):    0.000ns
    Phase Error              (PE):    0.000ns
  Clock Net Delay (Source):      1.277ns (routing 0.623ns, distribution 0.654ns)

    Location             Delay type                Incr(ns)  Path(ns)    Netlist Resource(s)
  -------------------------------------------------------------------    -------------------
                         (clock clk rise edge)        0.000     0.000 r  <hidden>
    E5                                                0.000     0.000 r  clk
                         net (fo=0)                   0.000     0.000    clk_IBUF_inst/I
    E5                   INBUF (Prop_INBUF_HPIOB_M_PAD_O)
                                                      0.159     0.159 r  clk_IBUF_inst/INBUF_INST/O
                         net (fo=1, routed)           0.000     0.159    clk_IBUF_inst/OUT
    E5                   IBUFCTRL (Prop_IBUFCTRL_HPIOB_M_I_O)
                                                      0.000     0.159 r  clk_IBUF_inst/IBUFCTRL_INST/O
                         net (fo=1, routed)           0.176     0.335    clk_IBUF
    BUFGCE_X0Y93         BUFGCE (Prop_BUFCE_BUFGCE_I_O)
                                                      0.023     0.358 r  clk_IBUF_BUFG_inst/O
    X0Y2 (CLOCK_ROOT)    net (fo=941, routed)         1.277     1.634    fir_Iy/CLK
    SLICE_X31Y157        FDRE                                         r  fir_Iy/sample_out_reg[13]/C
  -------------------------------------------------------------------    -------------------
    SLICE_X31Y157        FDRE (Prop_FFF2_SLICEM_C_Q)
                                                      0.084     1.718 r  fir_Iy/sample_out_reg[13]/Q
                         net (fo=1, routed)           0.538     2.256    Iy_out_OBUF[13]
    P6                   OBUF (Prop_OUTBUF_HPIOB_S_I_O)
                                                      0.389     2.646 r  Iy_out_OBUF[13]_inst/O
                         net (fo=0)                   0.000     2.646    Iy_out[13]
    P6                                                                r  Iy_out[13]
  -------------------------------------------------------------------    -------------------

Slack:                    inf
  Source:                 fir_Iy/sample_out_reg[4]/C
                            (rising edge-triggered cell FDRE clocked by clk  {rise@0.000ns fall@2.000ns period=4.000ns})
  Destination:            Iy_out[4]
                            (output port)
  Path Group:             (none)
  Path Type:              Min at Fast Process Corner
  Data Path Delay:        1.013ns  (logic 0.443ns (43.720%)  route 0.570ns (56.280%))
  Logic Levels:           1  (OBUF=1)
  Clock Uncertainty:      0.025ns  ((TSJ^2 + TIJ^2)^1/2 + DJ) / 2 + PE
    Total System Jitter     (TSJ):    0.050ns
    Total Input Jitter      (TIJ):    0.000ns
    Discrete Jitter          (DJ):    0.000ns
    Phase Error              (PE):    0.000ns
  Clock Net Delay (Source):      1.278ns (routing 0.623ns, distribution 0.655ns)

    Location             Delay type                Incr(ns)  Path(ns)    Netlist Resource(s)
  -------------------------------------------------------------------    -------------------
                         (clock clk rise edge)        0.000     0.000 r  <hidden>
    E5                                                0.000     0.000 r  clk
                         net (fo=0)                   0.000     0.000    clk_IBUF_inst/I
    E5                   INBUF (Prop_INBUF_HPIOB_M_PAD_O)
                                                      0.159     0.159 r  clk_IBUF_inst/INBUF_INST/O
                         net (fo=1, routed)           0.000     0.159    clk_IBUF_inst/OUT
    E5                   IBUFCTRL (Prop_IBUFCTRL_HPIOB_M_I_O)
                                                      0.000     0.159 r  clk_IBUF_inst/IBUFCTRL_INST/O
                         net (fo=1, routed)           0.176     0.335    clk_IBUF
    BUFGCE_X0Y93         BUFGCE (Prop_BUFCE_BUFGCE_I_O)
                                                      0.023     0.358 r  clk_IBUF_BUFG_inst/O
    X0Y2 (CLOCK_ROOT)    net (fo=941, routed)         1.278     1.635    fir_Iy/CLK
    SLICE_X31Y157        FDRE                                         r  fir_Iy/sample_out_reg[4]/C
  -------------------------------------------------------------------    -------------------
    SLICE_X31Y157        FDRE (Prop_CFF2_SLICEM_C_Q)
                                                      0.083     1.718 r  fir_Iy/sample_out_reg[4]/Q
                         net (fo=1, routed)           0.570     2.288    Iy_out_OBUF[4]
    K8                   OBUF (Prop_OUTBUF_HPIOB_M_I_O)
                                                      0.360     2.648 r  Iy_out_OBUF[4]_inst/O
                         net (fo=0)                   0.000     2.648    Iy_out[4]
    K8                                                                r  Iy_out[4]
  -------------------------------------------------------------------    -------------------

Slack:                    inf
  Source:                 fir_Iy/sample_out_reg[17]_lopt_replica/C
                            (rising edge-triggered cell FDRE clocked by clk  {rise@0.000ns fall@2.000ns period=4.000ns})
  Destination:            Iy_out[16]
                            (output port)
  Path Group:             (none)
  Path Type:              Min at Fast Process Corner
  Data Path Delay:        1.014ns  (logic 0.464ns (45.777%)  route 0.550ns (54.223%))
  Logic Levels:           1  (OBUF=1)
  Clock Uncertainty:      0.025ns  ((TSJ^2 + TIJ^2)^1/2 + DJ) / 2 + PE
    Total System Jitter     (TSJ):    0.050ns
    Total Input Jitter      (TIJ):    0.000ns
    Discrete Jitter          (DJ):    0.000ns
    Phase Error              (PE):    0.000ns
  Clock Net Delay (Source):      1.278ns (routing 0.623ns, distribution 0.655ns)

    Location             Delay type                Incr(ns)  Path(ns)    Netlist Resource(s)
  -------------------------------------------------------------------    -------------------
                         (clock clk rise edge)        0.000     0.000 r  <hidden>
    E5                                                0.000     0.000 r  clk
                         net (fo=0)                   0.000     0.000    clk_IBUF_inst/I
    E5                   INBUF (Prop_INBUF_HPIOB_M_PAD_O)
                                                      0.159     0.159 r  clk_IBUF_inst/INBUF_INST/O
                         net (fo=1, routed)           0.000     0.159    clk_IBUF_inst/OUT
    E5                   IBUFCTRL (Prop_IBUFCTRL_HPIOB_M_I_O)
                                                      0.000     0.159 r  clk_IBUF_inst/IBUFCTRL_INST/O
                         net (fo=1, routed)           0.176     0.335    clk_IBUF
    BUFGCE_X0Y93         BUFGCE (Prop_BUFCE_BUFGCE_I_O)
                                                      0.023     0.358 r  clk_IBUF_BUFG_inst/O
    X0Y2 (CLOCK_ROOT)    net (fo=941, routed)         1.278     1.635    fir_Iy/CLK
    SLICE_X31Y157        FDRE                                         r  fir_Iy/sample_out_reg[17]_lopt_replica/C
  -------------------------------------------------------------------    -------------------
    SLICE_X31Y157        FDRE (Prop_BFF2_SLICEM_C_Q)
                                                      0.085     1.720 r  fir_Iy/sample_out_reg[17]_lopt_replica/Q
                         net (fo=1, routed)           0.550     2.270    lopt_2
    M6                   OBUF (Prop_OUTBUF_HPIOB_M_I_O)
                                                      0.379     2.649 r  Iy_out_OBUF[16]_inst/O
                         net (fo=0)                   0.000     2.649    Iy_out[16]
    M6                                                                r  Iy_out[16]
  -------------------------------------------------------------------    -------------------

Slack:                    inf
  Source:                 fir_Iy/sample_out_reg[2]/C
                            (rising edge-triggered cell FDRE clocked by clk  {rise@0.000ns fall@2.000ns period=4.000ns})
  Destination:            Iy_out[2]
                            (output port)
  Path Group:             (none)
  Path Type:              Min at Fast Process Corner
  Data Path Delay:        1.020ns  (logic 0.443ns (43.423%)  route 0.577ns (56.577%))
  Logic Levels:           1  (OBUF=1)
  Clock Uncertainty:      0.025ns  ((TSJ^2 + TIJ^2)^1/2 + DJ) / 2 + PE
    Total System Jitter     (TSJ):    0.050ns
    Total Input Jitter      (TIJ):    0.000ns
    Discrete Jitter          (DJ):    0.000ns
    Phase Error              (PE):    0.000ns
  Clock Net Delay (Source):      1.277ns (routing 0.623ns, distribution 0.654ns)

    Location             Delay type                Incr(ns)  Path(ns)    Netlist Resource(s)
  -------------------------------------------------------------------    -------------------
                         (clock clk rise edge)        0.000     0.000 r  <hidden>
    E5                                                0.000     0.000 r  clk
                         net (fo=0)                   0.000     0.000    clk_IBUF_inst/I
    E5                   INBUF (Prop_INBUF_HPIOB_M_PAD_O)
                                                      0.159     0.159 r  clk_IBUF_inst/INBUF_INST/O
                         net (fo=1, routed)           0.000     0.159    clk_IBUF_inst/OUT
    E5                   IBUFCTRL (Prop_IBUFCTRL_HPIOB_M_I_O)
                                                      0.000     0.159 r  clk_IBUF_inst/IBUFCTRL_INST/O
                         net (fo=1, routed)           0.176     0.335    clk_IBUF
    BUFGCE_X0Y93         BUFGCE (Prop_BUFCE_BUFGCE_I_O)
                                                      0.023     0.358 r  clk_IBUF_BUFG_inst/O
    X0Y2 (CLOCK_ROOT)    net (fo=941, routed)         1.277     1.634    fir_Iy/CLK
    SLICE_X31Y157        FDRE                                         r  fir_Iy/sample_out_reg[2]/C
  -------------------------------------------------------------------    -------------------
    SLICE_X31Y157        FDRE (Prop_HFF_SLICEM_C_Q)
                                                      0.083     1.717 r  fir_Iy/sample_out_reg[2]/Q
                         net (fo=1, routed)           0.577     2.294    Iy_out_OBUF[2]
    K9                   OBUF (Prop_OUTBUF_HPIOB_M_I_O)
                                                      0.360     2.654 r  Iy_out_OBUF[2]_inst/O
                         net (fo=0)                   0.000     2.654    Iy_out[2]
    K9                                                                r  Iy_out[2]
  -------------------------------------------------------------------    -------------------

Slack:                    inf
  Source:                 fir_Iy/sample_out_reg[0]/C
                            (rising edge-triggered cell FDRE clocked by clk  {rise@0.000ns fall@2.000ns period=4.000ns})
  Destination:            Iy_out[0]
                            (output port)
  Path Group:             (none)
  Path Type:              Min at Fast Process Corner
  Data Path Delay:        1.027ns  (logic 0.443ns (43.112%)  route 0.584ns (56.888%))
  Logic Levels:           1  (OBUF=1)
  Clock Uncertainty:      0.025ns  ((TSJ^2 + TIJ^2)^1/2 + DJ) / 2 + PE
    Total System Jitter     (TSJ):    0.050ns
    Total Input Jitter      (TIJ):    0.000ns
    Discrete Jitter          (DJ):    0.000ns
    Phase Error              (PE):    0.000ns
  Clock Net Delay (Source):      1.278ns (routing 0.623ns, distribution 0.655ns)

    Location             Delay type                Incr(ns)  Path(ns)    Netlist Resource(s)
  -------------------------------------------------------------------    -------------------
                         (clock clk rise edge)        0.000     0.000 r  <hidden>
    E5                                                0.000     0.000 r  clk
                         net (fo=0)                   0.000     0.000    clk_IBUF_inst/I
    E5                   INBUF (Prop_INBUF_HPIOB_M_PAD_O)
                                                      0.159     0.159 r  clk_IBUF_inst/INBUF_INST/O
                         net (fo=1, routed)           0.000     0.159    clk_IBUF_inst/OUT
    E5                   IBUFCTRL (Prop_IBUFCTRL_HPIOB_M_I_O)
                                                      0.000     0.159 r  clk_IBUF_inst/IBUFCTRL_INST/O
                         net (fo=1, routed)           0.176     0.335    clk_IBUF
    BUFGCE_X0Y93         BUFGCE (Prop_BUFCE_BUFGCE_I_O)
                                                      0.023     0.358 r  clk_IBUF_BUFG_inst/O
    X0Y2 (CLOCK_ROOT)    net (fo=941, routed)         1.278     1.635    fir_Iy/CLK
    SLICE_X31Y157        FDRE                                         r  fir_Iy/sample_out_reg[0]/C
  -------------------------------------------------------------------    -------------------
    SLICE_X31Y157        FDRE (Prop_AFF_SLICEM_C_Q)
                                                      0.082     1.717 r  fir_Iy/sample_out_reg[0]/Q
                         net (fo=1, routed)           0.584     2.301    Iy_out_OBUF[0]
    H9                   OBUF (Prop_OUTBUF_HPIOB_M_I_O)
                                                      0.361     2.662 r  Iy_out_OBUF[0]_inst/O
                         net (fo=0)                   0.000     2.662    Iy_out[0]
    H9                                                                r  Iy_out[0]
  -------------------------------------------------------------------    -------------------

Slack:                    inf
  Source:                 fir_Qx/sample_out_reg[0]/C
                            (rising edge-triggered cell FDRE clocked by clk  {rise@0.000ns fall@2.000ns period=4.000ns})
  Destination:            Qx_out[0]
                            (output port)
  Path Group:             (none)
  Path Type:              Min at Fast Process Corner
  Data Path Delay:        1.029ns  (logic 0.448ns (43.561%)  route 0.581ns (56.439%))
  Logic Levels:           1  (OBUF=1)
  Clock Uncertainty:      0.025ns  ((TSJ^2 + TIJ^2)^1/2 + DJ) / 2 + PE
    Total System Jitter     (TSJ):    0.050ns
    Total Input Jitter      (TIJ):    0.000ns
    Discrete Jitter          (DJ):    0.000ns
    Phase Error              (PE):    0.000ns
  Clock Net Delay (Source):      1.278ns (routing 0.623ns, distribution 0.655ns)

    Location             Delay type                Incr(ns)  Path(ns)    Netlist Resource(s)
  -------------------------------------------------------------------    -------------------
                         (clock clk rise edge)        0.000     0.000 r  <hidden>
    E5                                                0.000     0.000 r  clk
                         net (fo=0)                   0.000     0.000    clk_IBUF_inst/I
    E5                   INBUF (Prop_INBUF_HPIOB_M_PAD_O)
                                                      0.159     0.159 r  clk_IBUF_inst/INBUF_INST/O
                         net (fo=1, routed)           0.000     0.159    clk_IBUF_inst/OUT
    E5                   IBUFCTRL (Prop_IBUFCTRL_HPIOB_M_I_O)
                                                      0.000     0.159 r  clk_IBUF_inst/IBUFCTRL_INST/O
                         net (fo=1, routed)           0.176     0.335    clk_IBUF
    BUFGCE_X0Y93         BUFGCE (Prop_BUFCE_BUFGCE_I_O)
                                                      0.023     0.358 r  clk_IBUF_BUFG_inst/O
    X0Y2 (CLOCK_ROOT)    net (fo=941, routed)         1.278     1.636    fir_Qx/CLK
    SLICE_X31Y140        FDRE                                         r  fir_Qx/sample_out_reg[0]/C
  -------------------------------------------------------------------    -------------------
    SLICE_X31Y140        FDRE (Prop_EFF_SLICEM_C_Q)
                                                      0.082     1.718 r  fir_Qx/sample_out_reg[0]/Q
                         net (fo=1, routed)           0.581     2.299    Qx_out_OBUF[0]
    L7                   OBUF (Prop_OUTBUF_HPIOB_M_I_O)
                                                      0.366     2.665 r  Qx_out_OBUF[0]_inst/O
                         net (fo=0)                   0.000     2.665    Qx_out[0]
    L7                                                                r  Qx_out[0]
  -------------------------------------------------------------------    -------------------

Slack:                    inf
  Source:                 fir_Iy/sample_out_reg[12]/C
                            (rising edge-triggered cell FDRE clocked by clk  {rise@0.000ns fall@2.000ns period=4.000ns})
  Destination:            Iy_out[12]
                            (output port)
  Path Group:             (none)
  Path Type:              Min at Fast Process Corner
  Data Path Delay:        1.034ns  (logic 0.470ns (45.471%)  route 0.564ns (54.529%))
  Logic Levels:           1  (OBUF=1)
  Clock Uncertainty:      0.025ns  ((TSJ^2 + TIJ^2)^1/2 + DJ) / 2 + PE
    Total System Jitter     (TSJ):    0.050ns
    Total Input Jitter      (TIJ):    0.000ns
    Discrete Jitter          (DJ):    0.000ns
    Phase Error              (PE):    0.000ns
  Clock Net Delay (Source):      1.277ns (routing 0.623ns, distribution 0.654ns)

    Location             Delay type                Incr(ns)  Path(ns)    Netlist Resource(s)
  -------------------------------------------------------------------    -------------------
                         (clock clk rise edge)        0.000     0.000 r  <hidden>
    E5                                                0.000     0.000 r  clk
                         net (fo=0)                   0.000     0.000    clk_IBUF_inst/I
    E5                   INBUF (Prop_INBUF_HPIOB_M_PAD_O)
                                                      0.159     0.159 r  clk_IBUF_inst/INBUF_INST/O
                         net (fo=1, routed)           0.000     0.159    clk_IBUF_inst/OUT
    E5                   IBUFCTRL (Prop_IBUFCTRL_HPIOB_M_I_O)
                                                      0.000     0.159 r  clk_IBUF_inst/IBUFCTRL_INST/O
                         net (fo=1, routed)           0.176     0.335    clk_IBUF
    BUFGCE_X0Y93         BUFGCE (Prop_BUFCE_BUFGCE_I_O)
                                                      0.023     0.358 r  clk_IBUF_BUFG_inst/O
    X0Y2 (CLOCK_ROOT)    net (fo=941, routed)         1.277     1.634    fir_Iy/CLK
    SLICE_X31Y157        FDRE                                         r  fir_Iy/sample_out_reg[12]/C
  -------------------------------------------------------------------    -------------------
    SLICE_X31Y157        FDRE (Prop_FFF_SLICEM_C_Q)
                                                      0.082     1.716 r  fir_Iy/sample_out_reg[12]/Q
                         net (fo=1, routed)           0.564     2.280    Iy_out_OBUF[12]
    P7                   OBUF (Prop_OUTBUF_HPIOB_M_I_O)
                                                      0.388     2.668 r  Iy_out_OBUF[12]_inst/O
                         net (fo=0)                   0.000     2.668    Iy_out[12]
    P7                                                                r  Iy_out[12]
  -------------------------------------------------------------------    -------------------





--------------------------------------------------------------------------------------
Path Group:  (none)
From Clock:  
  To Clock:  clk

Max Delay            33 Endpoints
Min Delay            33 Endpoints
--------------------------------------------------------------------------------------


Max Delay Paths
--------------------------------------------------------------------------------------
Slack:                    inf
  Source:                 Ix[1]
                            (input port)
  Destination:            fir_Ix/shift_reg_reg[0][1]/D
                            (rising edge-triggered cell FDRE clocked by clk  {rise@0.000ns fall@2.000ns period=4.000ns})
  Path Group:             (none)
  Path Type:              Setup (Max at Slow Process Corner)
  Data Path Delay:        2.589ns  (logic 0.509ns (19.668%)  route 2.080ns (80.332%))
  Logic Levels:           2  (IBUFCTRL=1 INBUF=1)
  Clock Path Skew:        2.664ns (DCD - SCD + CPR)
    Destination Clock Delay (DCD):    2.664ns
    Source Clock Delay      (SCD):    0.000ns
    Clock Pessimism Removal (CPR):    0.000ns
  Clock Uncertainty:      0.025ns  ((TSJ^2 + TIJ^2)^1/2 + DJ) / 2 + PE
    Total System Jitter     (TSJ):    0.050ns
    Total Input Jitter      (TIJ):    0.000ns
    Discrete Jitter          (DJ):    0.000ns
    Phase Error              (PE):    0.000ns
  Clock Net Delay (Destination): 1.991ns (routing 1.039ns, distribution 0.952ns)

    Location             Delay type                Incr(ns)  Path(ns)    Netlist Resource(s)
  -------------------------------------------------------------------    -------------------
    E8                                                0.000     0.000 r  Ix[1]
                         net (fo=0)                   0.000     0.000    Ix_IBUF[1]_inst/I
    E8                   INBUF (Prop_INBUF_HPIOB_S_PAD_O)
                                                      0.509     0.509 r  Ix_IBUF[1]_inst/INBUF_INST/O
                         net (fo=1, routed)           0.000     0.509    Ix_IBUF[1]_inst/OUT
    E8                   IBUFCTRL (Prop_IBUFCTRL_HPIOB_S_I_O)
                                                      0.000     0.509 r  Ix_IBUF[1]_inst/IBUFCTRL_INST/O
                         net (fo=1, routed)           2.080     2.589    fir_Ix/D[1]
    SLICE_X21Y174        FDRE                                         r  fir_Ix/shift_reg_reg[0][1]/D
  -------------------------------------------------------------------    -------------------

                         (clock clk rise edge)        0.000     0.000 r  <hidden>
    E5                                                0.000     0.000 r  clk
                         net (fo=0)                   0.000     0.000    clk_IBUF_inst/I
    E5                   INBUF (Prop_INBUF_HPIOB_M_PAD_O)
                                                      0.274     0.274 r  clk_IBUF_inst/INBUF_INST/O
                         net (fo=1, routed)           0.000     0.274    clk_IBUF_inst/OUT
    E5                   IBUFCTRL (Prop_IBUFCTRL_HPIOB_M_I_O)
                                                      0.000     0.274 r  clk_IBUF_inst/IBUFCTRL_INST/O
                         net (fo=1, routed)           0.360     0.634    clk_IBUF
    BUFGCE_X0Y93         BUFGCE (Prop_BUFCE_BUFGCE_I_O)
                                                      0.039     0.673 r  clk_IBUF_BUFG_inst/O
    X0Y2 (CLOCK_ROOT)    net (fo=941, routed)         1.991     2.664    fir_Ix/CLK
    SLICE_X21Y174        FDRE                                         r  fir_Ix/shift_reg_reg[0][1]/C

Slack:                    inf
  Source:                 Qy[0]
                            (input port)
  Destination:            fir_Qy/shift_reg_reg[0][0]/D
                            (rising edge-triggered cell FDRE clocked by clk  {rise@0.000ns fall@2.000ns period=4.000ns})
  Path Group:             (none)
  Path Type:              Setup (Max at Slow Process Corner)
  Data Path Delay:        2.569ns  (logic 0.534ns (20.787%)  route 2.035ns (79.213%))
  Logic Levels:           2  (IBUFCTRL=1 INBUF=1)
  Clock Path Skew:        2.674ns (DCD - SCD + CPR)
    Destination Clock Delay (DCD):    2.674ns
    Source Clock Delay      (SCD):    0.000ns
    Clock Pessimism Removal (CPR):    0.000ns
  Clock Uncertainty:      0.025ns  ((TSJ^2 + TIJ^2)^1/2 + DJ) / 2 + PE
    Total System Jitter     (TSJ):    0.050ns
    Total Input Jitter      (TIJ):    0.000ns
    Discrete Jitter          (DJ):    0.000ns
    Phase Error              (PE):    0.000ns
  Clock Net Delay (Destination): 2.001ns (routing 1.039ns, distribution 0.962ns)

    Location             Delay type                Incr(ns)  Path(ns)    Netlist Resource(s)
  -------------------------------------------------------------------    -------------------
    AC4                                               0.000     0.000 r  Qy[0]
                         net (fo=0)                   0.000     0.000    Qy_IBUF[0]_inst/I
    AC4                  INBUF (Prop_INBUF_HPIOB_M_PAD_O)
                                                      0.534     0.534 r  Qy_IBUF[0]_inst/INBUF_INST/O
                         net (fo=1, routed)           0.000     0.534    Qy_IBUF[0]_inst/OUT
    AC4                  IBUFCTRL (Prop_IBUFCTRL_HPIOB_M_I_O)
                                                      0.000     0.534 r  Qy_IBUF[0]_inst/IBUFCTRL_INST/O
                         net (fo=1, routed)           2.035     2.569    fir_Qy/D[0]
    SLICE_X17Y129        FDRE                                         r  fir_Qy/shift_reg_reg[0][0]/D
  -------------------------------------------------------------------    -------------------

                         (clock clk rise edge)        0.000     0.000 r  <hidden>
    E5                                                0.000     0.000 r  clk
                         net (fo=0)                   0.000     0.000    clk_IBUF_inst/I
    E5                   INBUF (Prop_INBUF_HPIOB_M_PAD_O)
                                                      0.274     0.274 r  clk_IBUF_inst/INBUF_INST/O
                         net (fo=1, routed)           0.000     0.274    clk_IBUF_inst/OUT
    E5                   IBUFCTRL (Prop_IBUFCTRL_HPIOB_M_I_O)
                                                      0.000     0.274 r  clk_IBUF_inst/IBUFCTRL_INST/O
                         net (fo=1, routed)           0.360     0.634    clk_IBUF
    BUFGCE_X0Y93         BUFGCE (Prop_BUFCE_BUFGCE_I_O)
                                                      0.039     0.673 r  clk_IBUF_BUFG_inst/O
    X0Y2 (CLOCK_ROOT)    net (fo=941, routed)         2.001     2.674    fir_Qy/CLK
    SLICE_X17Y129        FDRE                                         r  fir_Qy/shift_reg_reg[0][0]/C

Slack:                    inf
  Source:                 Qy[7]
                            (input port)
  Destination:            fir_Qy/shift_reg_reg[0][7]/D
                            (rising edge-triggered cell FDRE clocked by clk  {rise@0.000ns fall@2.000ns period=4.000ns})
  Path Group:             (none)
  Path Type:              Setup (Max at Slow Process Corner)
  Data Path Delay:        2.501ns  (logic 0.538ns (21.501%)  route 1.963ns (78.499%))
  Logic Levels:           2  (IBUFCTRL=1 INBUF=1)
  Clock Path Skew:        2.680ns (DCD - SCD + CPR)
    Destination Clock Delay (DCD):    2.680ns
    Source Clock Delay      (SCD):    0.000ns
    Clock Pessimism Removal (CPR):    0.000ns
  Clock Uncertainty:      0.025ns  ((TSJ^2 + TIJ^2)^1/2 + DJ) / 2 + PE
    Total System Jitter     (TSJ):    0.050ns
    Total Input Jitter      (TIJ):    0.000ns
    Discrete Jitter          (DJ):    0.000ns
    Phase Error              (PE):    0.000ns
  Clock Net Delay (Destination): 2.008ns (routing 1.039ns, distribution 0.969ns)

    Location             Delay type                Incr(ns)  Path(ns)    Netlist Resource(s)
  -------------------------------------------------------------------    -------------------
    AF6                                               0.000     0.000 r  Qy[7]
                         net (fo=0)                   0.000     0.000    Qy_IBUF[7]_inst/I
    AF6                  INBUF (Prop_INBUF_HPIOB_S_PAD_O)
                                                      0.538     0.538 r  Qy_IBUF[7]_inst/INBUF_INST/O
                         net (fo=1, routed)           0.000     0.538    Qy_IBUF[7]_inst/OUT
    AF6                  IBUFCTRL (Prop_IBUFCTRL_HPIOB_S_I_O)
                                                      0.000     0.538 r  Qy_IBUF[7]_inst/IBUFCTRL_INST/O
                         net (fo=1, routed)           1.963     2.501    fir_Qy/D[7]
    SLICE_X18Y131        FDRE                                         r  fir_Qy/shift_reg_reg[0][7]/D
  -------------------------------------------------------------------    -------------------

                         (clock clk rise edge)        0.000     0.000 r  <hidden>
    E5                                                0.000     0.000 r  clk
                         net (fo=0)                   0.000     0.000    clk_IBUF_inst/I
    E5                   INBUF (Prop_INBUF_HPIOB_M_PAD_O)
                                                      0.274     0.274 r  clk_IBUF_inst/INBUF_INST/O
                         net (fo=1, routed)           0.000     0.274    clk_IBUF_inst/OUT
    E5                   IBUFCTRL (Prop_IBUFCTRL_HPIOB_M_I_O)
                                                      0.000     0.274 r  clk_IBUF_inst/IBUFCTRL_INST/O
                         net (fo=1, routed)           0.360     0.634    clk_IBUF
    BUFGCE_X0Y93         BUFGCE (Prop_BUFCE_BUFGCE_I_O)
                                                      0.039     0.673 r  clk_IBUF_BUFG_inst/O
    X0Y2 (CLOCK_ROOT)    net (fo=941, routed)         2.008     2.680    fir_Qy/CLK
    SLICE_X18Y131        FDRE                                         r  fir_Qy/shift_reg_reg[0][7]/C

Slack:                    inf
  Source:                 Qy[1]
                            (input port)
  Destination:            fir_Qy/shift_reg_reg[0][1]/D
                            (rising edge-triggered cell FDRE clocked by clk  {rise@0.000ns fall@2.000ns period=4.000ns})
  Path Group:             (none)
  Path Type:              Setup (Max at Slow Process Corner)
  Data Path Delay:        2.463ns  (logic 0.535ns (21.709%)  route 1.928ns (78.291%))
  Logic Levels:           2  (IBUFCTRL=1 INBUF=1)
  Clock Path Skew:        2.674ns (DCD - SCD + CPR)
    Destination Clock Delay (DCD):    2.674ns
    Source Clock Delay      (SCD):    0.000ns
    Clock Pessimism Removal (CPR):    0.000ns
  Clock Uncertainty:      0.025ns  ((TSJ^2 + TIJ^2)^1/2 + DJ) / 2 + PE
    Total System Jitter     (TSJ):    0.050ns
    Total Input Jitter      (TIJ):    0.000ns
    Discrete Jitter          (DJ):    0.000ns
    Phase Error              (PE):    0.000ns
  Clock Net Delay (Destination): 2.001ns (routing 1.039ns, distribution 0.962ns)

    Location             Delay type                Incr(ns)  Path(ns)    Netlist Resource(s)
  -------------------------------------------------------------------    -------------------
    AC3                                               0.000     0.000 r  Qy[1]
                         net (fo=0)                   0.000     0.000    Qy_IBUF[1]_inst/I
    AC3                  INBUF (Prop_INBUF_HPIOB_S_PAD_O)
                                                      0.535     0.535 r  Qy_IBUF[1]_inst/INBUF_INST/O
                         net (fo=1, routed)           0.000     0.535    Qy_IBUF[1]_inst/OUT
    AC3                  IBUFCTRL (Prop_IBUFCTRL_HPIOB_S_I_O)
                                                      0.000     0.535 r  Qy_IBUF[1]_inst/IBUFCTRL_INST/O
                         net (fo=1, routed)           1.928     2.463    fir_Qy/D[1]
    SLICE_X17Y129        FDRE                                         r  fir_Qy/shift_reg_reg[0][1]/D
  -------------------------------------------------------------------    -------------------

                         (clock clk rise edge)        0.000     0.000 r  <hidden>
    E5                                                0.000     0.000 r  clk
                         net (fo=0)                   0.000     0.000    clk_IBUF_inst/I
    E5                   INBUF (Prop_INBUF_HPIOB_M_PAD_O)
                                                      0.274     0.274 r  clk_IBUF_inst/INBUF_INST/O
                         net (fo=1, routed)           0.000     0.274    clk_IBUF_inst/OUT
    E5                   IBUFCTRL (Prop_IBUFCTRL_HPIOB_M_I_O)
                                                      0.000     0.274 r  clk_IBUF_inst/IBUFCTRL_INST/O
                         net (fo=1, routed)           0.360     0.634    clk_IBUF
    BUFGCE_X0Y93         BUFGCE (Prop_BUFCE_BUFGCE_I_O)
                                                      0.039     0.673 r  clk_IBUF_BUFG_inst/O
    X0Y2 (CLOCK_ROOT)    net (fo=941, routed)         2.001     2.674    fir_Qy/CLK
    SLICE_X17Y129        FDRE                                         r  fir_Qy/shift_reg_reg[0][1]/C

Slack:                    inf
  Source:                 Ix[3]
                            (input port)
  Destination:            fir_Ix/shift_reg_reg[0][3]/D
                            (rising edge-triggered cell FDRE clocked by clk  {rise@0.000ns fall@2.000ns period=4.000ns})
  Path Group:             (none)
  Path Type:              Setup (Max at Slow Process Corner)
  Data Path Delay:        2.444ns  (logic 0.509ns (20.827%)  route 1.935ns (79.173%))
  Logic Levels:           2  (IBUFCTRL=1 INBUF=1)
  Clock Path Skew:        2.664ns (DCD - SCD + CPR)
    Destination Clock Delay (DCD):    2.664ns
    Source Clock Delay      (SCD):    0.000ns
    Clock Pessimism Removal (CPR):    0.000ns
  Clock Uncertainty:      0.025ns  ((TSJ^2 + TIJ^2)^1/2 + DJ) / 2 + PE
    Total System Jitter     (TSJ):    0.050ns
    Total Input Jitter      (TIJ):    0.000ns
    Discrete Jitter          (DJ):    0.000ns
    Phase Error              (PE):    0.000ns
  Clock Net Delay (Destination): 1.991ns (routing 1.039ns, distribution 0.952ns)

    Location             Delay type                Incr(ns)  Path(ns)    Netlist Resource(s)
  -------------------------------------------------------------------    -------------------
    F7                                                0.000     0.000 r  Ix[3]
                         net (fo=0)                   0.000     0.000    Ix_IBUF[3]_inst/I
    F7                   INBUF (Prop_INBUF_HPIOB_S_PAD_O)
                                                      0.509     0.509 r  Ix_IBUF[3]_inst/INBUF_INST/O
                         net (fo=1, routed)           0.000     0.509    Ix_IBUF[3]_inst/OUT
    F7                   IBUFCTRL (Prop_IBUFCTRL_HPIOB_S_I_O)
                                                      0.000     0.509 r  Ix_IBUF[3]_inst/IBUFCTRL_INST/O
                         net (fo=1, routed)           1.935     2.444    fir_Ix/D[3]
    SLICE_X21Y174        FDRE                                         r  fir_Ix/shift_reg_reg[0][3]/D
  -------------------------------------------------------------------    -------------------

                         (clock clk rise edge)        0.000     0.000 r  <hidden>
    E5                                                0.000     0.000 r  clk
                         net (fo=0)                   0.000     0.000    clk_IBUF_inst/I
    E5                   INBUF (Prop_INBUF_HPIOB_M_PAD_O)
                                                      0.274     0.274 r  clk_IBUF_inst/INBUF_INST/O
                         net (fo=1, routed)           0.000     0.274    clk_IBUF_inst/OUT
    E5                   IBUFCTRL (Prop_IBUFCTRL_HPIOB_M_I_O)
                                                      0.000     0.274 r  clk_IBUF_inst/IBUFCTRL_INST/O
                         net (fo=1, routed)           0.360     0.634    clk_IBUF
    BUFGCE_X0Y93         BUFGCE (Prop_BUFCE_BUFGCE_I_O)
                                                      0.039     0.673 r  clk_IBUF_BUFG_inst/O
    X0Y2 (CLOCK_ROOT)    net (fo=941, routed)         1.991     2.664    fir_Ix/CLK
    SLICE_X21Y174        FDRE                                         r  fir_Ix/shift_reg_reg[0][3]/C

Slack:                    inf
  Source:                 Qy[5]
                            (input port)
  Destination:            fir_Qy/shift_reg_reg[0][5]/D
                            (rising edge-triggered cell FDRE clocked by clk  {rise@0.000ns fall@2.000ns period=4.000ns})
  Path Group:             (none)
  Path Type:              Setup (Max at Slow Process Corner)
  Data Path Delay:        2.374ns  (logic 0.539ns (22.718%)  route 1.835ns (77.282%))
  Logic Levels:           2  (IBUFCTRL=1 INBUF=1)
  Clock Path Skew:        2.680ns (DCD - SCD + CPR)
    Destination Clock Delay (DCD):    2.680ns
    Source Clock Delay      (SCD):    0.000ns
    Clock Pessimism Removal (CPR):    0.000ns
  Clock Uncertainty:      0.025ns  ((TSJ^2 + TIJ^2)^1/2 + DJ) / 2 + PE
    Total System Jitter     (TSJ):    0.050ns
    Total Input Jitter      (TIJ):    0.000ns
    Discrete Jitter          (DJ):    0.000ns
    Phase Error              (PE):    0.000ns
  Clock Net Delay (Destination): 2.008ns (routing 1.039ns, distribution 0.969ns)

    Location             Delay type                Incr(ns)  Path(ns)    Netlist Resource(s)
  -------------------------------------------------------------------    -------------------
    AF5                                               0.000     0.000 r  Qy[5]
                         net (fo=0)                   0.000     0.000    Qy_IBUF[5]_inst/I
    AF5                  INBUF (Prop_INBUF_HPIOB_S_PAD_O)
                                                      0.539     0.539 r  Qy_IBUF[5]_inst/INBUF_INST/O
                         net (fo=1, routed)           0.000     0.539    Qy_IBUF[5]_inst/OUT
    AF5                  IBUFCTRL (Prop_IBUFCTRL_HPIOB_S_I_O)
                                                      0.000     0.539 r  Qy_IBUF[5]_inst/IBUFCTRL_INST/O
                         net (fo=1, routed)           1.835     2.374    fir_Qy/D[5]
    SLICE_X18Y131        FDRE                                         r  fir_Qy/shift_reg_reg[0][5]/D
  -------------------------------------------------------------------    -------------------

                         (clock clk rise edge)        0.000     0.000 r  <hidden>
    E5                                                0.000     0.000 r  clk
                         net (fo=0)                   0.000     0.000    clk_IBUF_inst/I
    E5                   INBUF (Prop_INBUF_HPIOB_M_PAD_O)
                                                      0.274     0.274 r  clk_IBUF_inst/INBUF_INST/O
                         net (fo=1, routed)           0.000     0.274    clk_IBUF_inst/OUT
    E5                   IBUFCTRL (Prop_IBUFCTRL_HPIOB_M_I_O)
                                                      0.000     0.274 r  clk_IBUF_inst/IBUFCTRL_INST/O
                         net (fo=1, routed)           0.360     0.634    clk_IBUF
    BUFGCE_X0Y93         BUFGCE (Prop_BUFCE_BUFGCE_I_O)
                                                      0.039     0.673 r  clk_IBUF_BUFG_inst/O
    X0Y2 (CLOCK_ROOT)    net (fo=941, routed)         2.008     2.680    fir_Qy/CLK
    SLICE_X18Y131        FDRE                                         r  fir_Qy/shift_reg_reg[0][5]/C

Slack:                    inf
  Source:                 Qy[4]
                            (input port)
  Destination:            fir_Qy/shift_reg_reg[0][4]/D
                            (rising edge-triggered cell FDRE clocked by clk  {rise@0.000ns fall@2.000ns period=4.000ns})
  Path Group:             (none)
  Path Type:              Setup (Max at Slow Process Corner)
  Data Path Delay:        2.374ns  (logic 0.539ns (22.693%)  route 1.835ns (77.307%))
  Logic Levels:           2  (IBUFCTRL=1 INBUF=1)
  Clock Path Skew:        2.674ns (DCD - SCD + CPR)
    Destination Clock Delay (DCD):    2.674ns
    Source Clock Delay      (SCD):    0.000ns
    Clock Pessimism Removal (CPR):    0.000ns
  Clock Uncertainty:      0.025ns  ((TSJ^2 + TIJ^2)^1/2 + DJ) / 2 + PE
    Total System Jitter     (TSJ):    0.050ns
    Total Input Jitter      (TIJ):    0.000ns
    Discrete Jitter          (DJ):    0.000ns
    Phase Error              (PE):    0.000ns
  Clock Net Delay (Destination): 2.002ns (routing 1.039ns, distribution 0.963ns)

    Location             Delay type                Incr(ns)  Path(ns)    Netlist Resource(s)
  -------------------------------------------------------------------    -------------------
    AE5                                               0.000     0.000 r  Qy[4]
                         net (fo=0)                   0.000     0.000    Qy_IBUF[4]_inst/I
    AE5                  INBUF (Prop_INBUF_HPIOB_M_PAD_O)
                                                      0.539     0.539 r  Qy_IBUF[4]_inst/INBUF_INST/O
                         net (fo=1, routed)           0.000     0.539    Qy_IBUF[4]_inst/OUT
    AE5                  IBUFCTRL (Prop_IBUFCTRL_HPIOB_M_I_O)
                                                      0.000     0.539 r  Qy_IBUF[4]_inst/IBUFCTRL_INST/O
                         net (fo=1, routed)           1.835     2.374    fir_Qy/D[4]
    SLICE_X19Y131        FDRE                                         r  fir_Qy/shift_reg_reg[0][4]/D
  -------------------------------------------------------------------    -------------------

                         (clock clk rise edge)        0.000     0.000 r  <hidden>
    E5                                                0.000     0.000 r  clk
                         net (fo=0)                   0.000     0.000    clk_IBUF_inst/I
    E5                   INBUF (Prop_INBUF_HPIOB_M_PAD_O)
                                                      0.274     0.274 r  clk_IBUF_inst/INBUF_INST/O
                         net (fo=1, routed)           0.000     0.274    clk_IBUF_inst/OUT
    E5                   IBUFCTRL (Prop_IBUFCTRL_HPIOB_M_I_O)
                                                      0.000     0.274 r  clk_IBUF_inst/IBUFCTRL_INST/O
                         net (fo=1, routed)           0.360     0.634    clk_IBUF
    BUFGCE_X0Y93         BUFGCE (Prop_BUFCE_BUFGCE_I_O)
                                                      0.039     0.673 r  clk_IBUF_BUFG_inst/O
    X0Y2 (CLOCK_ROOT)    net (fo=941, routed)         2.002     2.674    fir_Qy/CLK
    SLICE_X19Y131        FDRE                                         r  fir_Qy/shift_reg_reg[0][4]/C

Slack:                    inf
  Source:                 Qy[6]
                            (input port)
  Destination:            fir_Qy/shift_reg_reg[0][6]/D
                            (rising edge-triggered cell FDRE clocked by clk  {rise@0.000ns fall@2.000ns period=4.000ns})
  Path Group:             (none)
  Path Type:              Setup (Max at Slow Process Corner)
  Data Path Delay:        2.362ns  (logic 0.537ns (22.726%)  route 1.825ns (77.274%))
  Logic Levels:           2  (IBUFCTRL=1 INBUF=1)
  Clock Path Skew:        2.667ns (DCD - SCD + CPR)
    Destination Clock Delay (DCD):    2.667ns
    Source Clock Delay      (SCD):    0.000ns
    Clock Pessimism Removal (CPR):    0.000ns
  Clock Uncertainty:      0.025ns  ((TSJ^2 + TIJ^2)^1/2 + DJ) / 2 + PE
    Total System Jitter     (TSJ):    0.050ns
    Total Input Jitter      (TIJ):    0.000ns
    Discrete Jitter          (DJ):    0.000ns
    Phase Error              (PE):    0.000ns
  Clock Net Delay (Destination): 1.994ns (routing 1.039ns, distribution 0.955ns)

    Location             Delay type                Incr(ns)  Path(ns)    Netlist Resource(s)
  -------------------------------------------------------------------    -------------------
    AF7                                               0.000     0.000 r  Qy[6]
                         net (fo=0)                   0.000     0.000    Qy_IBUF[6]_inst/I
    AF7                  INBUF (Prop_INBUF_HPIOB_M_PAD_O)
                                                      0.537     0.537 r  Qy_IBUF[6]_inst/INBUF_INST/O
                         net (fo=1, routed)           0.000     0.537    Qy_IBUF[6]_inst/OUT
    AF7                  IBUFCTRL (Prop_IBUFCTRL_HPIOB_M_I_O)
                                                      0.000     0.537 r  Qy_IBUF[6]_inst/IBUFCTRL_INST/O
                         net (fo=1, routed)           1.825     2.362    fir_Qy/D[6]
    SLICE_X18Y132        FDRE                                         r  fir_Qy/shift_reg_reg[0][6]/D
  -------------------------------------------------------------------    -------------------

                         (clock clk rise edge)        0.000     0.000 r  <hidden>
    E5                                                0.000     0.000 r  clk
                         net (fo=0)                   0.000     0.000    clk_IBUF_inst/I
    E5                   INBUF (Prop_INBUF_HPIOB_M_PAD_O)
                                                      0.274     0.274 r  clk_IBUF_inst/INBUF_INST/O
                         net (fo=1, routed)           0.000     0.274    clk_IBUF_inst/OUT
    E5                   IBUFCTRL (Prop_IBUFCTRL_HPIOB_M_I_O)
                                                      0.000     0.274 r  clk_IBUF_inst/IBUFCTRL_INST/O
                         net (fo=1, routed)           0.360     0.634    clk_IBUF
    BUFGCE_X0Y93         BUFGCE (Prop_BUFCE_BUFGCE_I_O)
                                                      0.039     0.673 r  clk_IBUF_BUFG_inst/O
    X0Y2 (CLOCK_ROOT)    net (fo=941, routed)         1.994     2.667    fir_Qy/CLK
    SLICE_X18Y132        FDRE                                         r  fir_Qy/shift_reg_reg[0][6]/C

Slack:                    inf
  Source:                 Qx[6]
                            (input port)
  Destination:            fir_Qx/shift_reg_reg[0][6]/D
                            (rising edge-triggered cell FDRE clocked by clk  {rise@0.000ns fall@2.000ns period=4.000ns})
  Path Group:             (none)
  Path Type:              Setup (Max at Slow Process Corner)
  Data Path Delay:        2.359ns  (logic 0.527ns (22.324%)  route 1.832ns (77.676%))
  Logic Levels:           2  (IBUFCTRL=1 INBUF=1)
  Clock Path Skew:        2.809ns (DCD - SCD + CPR)
    Destination Clock Delay (DCD):    2.809ns
    Source Clock Delay      (SCD):    0.000ns
    Clock Pessimism Removal (CPR):    0.000ns
  Clock Uncertainty:      0.025ns  ((TSJ^2 + TIJ^2)^1/2 + DJ) / 2 + PE
    Total System Jitter     (TSJ):    0.050ns
    Total Input Jitter      (TIJ):    0.000ns
    Discrete Jitter          (DJ):    0.000ns
    Phase Error              (PE):    0.000ns
  Clock Net Delay (Destination): 2.136ns (routing 1.039ns, distribution 1.097ns)

    Location             Delay type                Incr(ns)  Path(ns)    Netlist Resource(s)
  -------------------------------------------------------------------    -------------------
    AB4                                               0.000     0.000 r  Qx[6]
                         net (fo=0)                   0.000     0.000    Qx_IBUF[6]_inst/I
    AB4                  INBUF (Prop_INBUF_HPIOB_M_PAD_O)
                                                      0.527     0.527 r  Qx_IBUF[6]_inst/INBUF_INST/O
                         net (fo=1, routed)           0.000     0.527    Qx_IBUF[6]_inst/OUT
    AB4                  IBUFCTRL (Prop_IBUFCTRL_HPIOB_M_I_O)
                                                      0.000     0.527 r  Qx_IBUF[6]_inst/IBUFCTRL_INST/O
                         net (fo=1, routed)           1.832     2.359    fir_Qx/D[6]
    SLICE_X31Y133        FDRE                                         r  fir_Qx/shift_reg_reg[0][6]/D
  -------------------------------------------------------------------    -------------------

                         (clock clk rise edge)        0.000     0.000 r  <hidden>
    E5                                                0.000     0.000 r  clk
                         net (fo=0)                   0.000     0.000    clk_IBUF_inst/I
    E5                   INBUF (Prop_INBUF_HPIOB_M_PAD_O)
                                                      0.274     0.274 r  clk_IBUF_inst/INBUF_INST/O
                         net (fo=1, routed)           0.000     0.274    clk_IBUF_inst/OUT
    E5                   IBUFCTRL (Prop_IBUFCTRL_HPIOB_M_I_O)
                                                      0.000     0.274 r  clk_IBUF_inst/IBUFCTRL_INST/O
                         net (fo=1, routed)           0.360     0.634    clk_IBUF
    BUFGCE_X0Y93         BUFGCE (Prop_BUFCE_BUFGCE_I_O)
                                                      0.039     0.673 r  clk_IBUF_BUFG_inst/O
    X0Y2 (CLOCK_ROOT)    net (fo=941, routed)         2.136     2.809    fir_Qx/CLK
    SLICE_X31Y133        FDRE                                         r  fir_Qx/shift_reg_reg[0][6]/C

Slack:                    inf
  Source:                 Iy[1]
                            (input port)
  Destination:            fir_Iy/shift_reg_reg[0][1]/D
                            (rising edge-triggered cell FDRE clocked by clk  {rise@0.000ns fall@2.000ns period=4.000ns})
  Path Group:             (none)
  Path Type:              Setup (Max at Slow Process Corner)
  Data Path Delay:        2.344ns  (logic 0.570ns (24.311%)  route 1.774ns (75.689%))
  Logic Levels:           2  (IBUFCTRL=1 INBUF=1)
  Clock Path Skew:        2.782ns (DCD - SCD + CPR)
    Destination Clock Delay (DCD):    2.782ns
    Source Clock Delay      (SCD):    0.000ns
    Clock Pessimism Removal (CPR):    0.000ns
  Clock Uncertainty:      0.025ns  ((TSJ^2 + TIJ^2)^1/2 + DJ) / 2 + PE
    Total System Jitter     (TSJ):    0.050ns
    Total Input Jitter      (TIJ):    0.000ns
    Discrete Jitter          (DJ):    0.000ns
    Phase Error              (PE):    0.000ns
  Clock Net Delay (Destination): 2.109ns (routing 1.039ns, distribution 1.070ns)

    Location             Delay type                Incr(ns)  Path(ns)    Netlist Resource(s)
  -------------------------------------------------------------------    -------------------
    AH1                                               0.000     0.000 r  Iy[1]
                         net (fo=0)                   0.000     0.000    Iy_IBUF[1]_inst/I
    AH1                  INBUF (Prop_INBUF_HPIOB_S_PAD_O)
                                                      0.570     0.570 r  Iy_IBUF[1]_inst/INBUF_INST/O
                         net (fo=1, routed)           0.000     0.570    Iy_IBUF[1]_inst/OUT
    AH1                  IBUFCTRL (Prop_IBUFCTRL_HPIOB_S_I_O)
                                                      0.000     0.570 r  Iy_IBUF[1]_inst/IBUFCTRL_INST/O
                         net (fo=1, routed)           1.774     2.344    fir_Iy/D[1]
    SLICE_X34Y150        FDRE                                         r  fir_Iy/shift_reg_reg[0][1]/D
  -------------------------------------------------------------------    -------------------

                         (clock clk rise edge)        0.000     0.000 r  <hidden>
    E5                                                0.000     0.000 r  clk
                         net (fo=0)                   0.000     0.000    clk_IBUF_inst/I
    E5                   INBUF (Prop_INBUF_HPIOB_M_PAD_O)
                                                      0.274     0.274 r  clk_IBUF_inst/INBUF_INST/O
                         net (fo=1, routed)           0.000     0.274    clk_IBUF_inst/OUT
    E5                   IBUFCTRL (Prop_IBUFCTRL_HPIOB_M_I_O)
                                                      0.000     0.274 r  clk_IBUF_inst/IBUFCTRL_INST/O
                         net (fo=1, routed)           0.360     0.634    clk_IBUF
    BUFGCE_X0Y93         BUFGCE (Prop_BUFCE_BUFGCE_I_O)
                                                      0.039     0.673 r  clk_IBUF_BUFG_inst/O
    X0Y2 (CLOCK_ROOT)    net (fo=941, routed)         2.109     2.782    fir_Iy/CLK
    SLICE_X34Y150        FDRE                                         r  fir_Iy/shift_reg_reg[0][1]/C





Min Delay Paths
--------------------------------------------------------------------------------------
Slack:                    inf
  Source:                 valid_in
                            (input port)
  Destination:            fir_Ix/valid_stage0_reg/D
                            (rising edge-triggered cell FDRE clocked by clk  {rise@0.000ns fall@2.000ns period=4.000ns})
  Path Group:             (none)
  Path Type:              Hold (Min at Fast Process Corner)
  Data Path Delay:        0.683ns  (logic 0.172ns (25.227%)  route 0.511ns (74.773%))
  Logic Levels:           2  (IBUFCTRL=1 INBUF=1)
  Clock Path Skew:        2.049ns (DCD - SCD - CPR)
    Destination Clock Delay (DCD):    2.049ns
    Source Clock Delay      (SCD):    0.000ns
    Clock Pessimism Removal (CPR):    -0.000ns
  Clock Net Delay (Destination): 1.373ns (routing 0.679ns, distribution 0.694ns)

    Location             Delay type                Incr(ns)  Path(ns)    Netlist Resource(s)
  -------------------------------------------------------------------    -------------------
    C3                                                0.000     0.000 r  valid_in
                         net (fo=0)                   0.000     0.000    valid_in_IBUF_inst/I
    C3                   INBUF (Prop_INBUF_HPIOB_M_PAD_O)
                                                      0.172     0.172 r  valid_in_IBUF_inst/INBUF_INST/O
                         net (fo=1, routed)           0.000     0.172    valid_in_IBUF_inst/OUT
    C3                   IBUFCTRL (Prop_IBUFCTRL_HPIOB_M_I_O)
                                                      0.000     0.172 r  valid_in_IBUF_inst/IBUFCTRL_INST/O
                         net (fo=1, routed)           0.511     0.683    fir_Ix/valid_in
    SLICE_X23Y165        FDRE                                         r  fir_Ix/valid_stage0_reg/D
  -------------------------------------------------------------------    -------------------

                         (clock clk rise edge)        0.000     0.000 r  <hidden>
    E5                                                0.000     0.000 r  clk
                         net (fo=0)                   0.000     0.000    clk_IBUF_inst/I
    E5                   INBUF (Prop_INBUF_HPIOB_M_PAD_O)
                                                      0.344     0.344 r  clk_IBUF_inst/INBUF_INST/O
                         net (fo=1, routed)           0.000     0.344    clk_IBUF_inst/OUT
    E5                   IBUFCTRL (Prop_IBUFCTRL_HPIOB_M_I_O)
                                                      0.000     0.344 r  clk_IBUF_inst/IBUFCTRL_INST/O
                         net (fo=1, routed)           0.306     0.650    clk_IBUF
    BUFGCE_X0Y93         BUFGCE (Prop_BUFCE_BUFGCE_I_O)
                                                      0.026     0.676 r  clk_IBUF_BUFG_inst/O
    X0Y2 (CLOCK_ROOT)    net (fo=941, routed)         1.373     2.049    fir_Ix/CLK
    SLICE_X23Y165        FDRE                                         r  fir_Ix/valid_stage0_reg/C

Slack:                    inf
  Source:                 Qx[5]
                            (input port)
  Destination:            fir_Qx/shift_reg_reg[0][5]/D
                            (rising edge-triggered cell FDRE clocked by clk  {rise@0.000ns fall@2.000ns period=4.000ns})
  Path Group:             (none)
  Path Type:              Hold (Min at Fast Process Corner)
  Data Path Delay:        0.747ns  (logic 0.180ns (24.089%)  route 0.567ns (75.911%))
  Logic Levels:           2  (IBUFCTRL=1 INBUF=1)
  Clock Path Skew:        2.085ns (DCD - SCD - CPR)
    Destination Clock Delay (DCD):    2.085ns
    Source Clock Delay      (SCD):    0.000ns
    Clock Pessimism Removal (CPR):    -0.000ns
  Clock Net Delay (Destination): 1.409ns (routing 0.679ns, distribution 0.730ns)

    Location             Delay type                Incr(ns)  Path(ns)    Netlist Resource(s)
  -------------------------------------------------------------------    -------------------
    AD1                                               0.000     0.000 r  Qx[5]
                         net (fo=0)                   0.000     0.000    Qx_IBUF[5]_inst/I
    AD1                  INBUF (Prop_INBUF_HPIOB_S_PAD_O)
                                                      0.180     0.180 r  Qx_IBUF[5]_inst/INBUF_INST/O
                         net (fo=1, routed)           0.000     0.180    Qx_IBUF[5]_inst/OUT
    AD1                  IBUFCTRL (Prop_IBUFCTRL_HPIOB_S_I_O)
                                                      0.000     0.180 r  Qx_IBUF[5]_inst/IBUFCTRL_INST/O
                         net (fo=1, routed)           0.567     0.747    fir_Qx/D[5]
    SLICE_X31Y133        FDRE                                         r  fir_Qx/shift_reg_reg[0][5]/D
  -------------------------------------------------------------------    -------------------

                         (clock clk rise edge)        0.000     0.000 r  <hidden>
    E5                                                0.000     0.000 r  clk
                         net (fo=0)                   0.000     0.000    clk_IBUF_inst/I
    E5                   INBUF (Prop_INBUF_HPIOB_M_PAD_O)
                                                      0.344     0.344 r  clk_IBUF_inst/INBUF_INST/O
                         net (fo=1, routed)           0.000     0.344    clk_IBUF_inst/OUT
    E5                   IBUFCTRL (Prop_IBUFCTRL_HPIOB_M_I_O)
                                                      0.000     0.344 r  clk_IBUF_inst/IBUFCTRL_INST/O
                         net (fo=1, routed)           0.306     0.650    clk_IBUF
    BUFGCE_X0Y93         BUFGCE (Prop_BUFCE_BUFGCE_I_O)
                                                      0.026     0.676 r  clk_IBUF_BUFG_inst/O
    X0Y2 (CLOCK_ROOT)    net (fo=941, routed)         1.409     2.085    fir_Qx/CLK
    SLICE_X31Y133        FDRE                                         r  fir_Qx/shift_reg_reg[0][5]/C

Slack:                    inf
  Source:                 Qx[2]
                            (input port)
  Destination:            fir_Qx/shift_reg_reg[0][2]/D
                            (rising edge-triggered cell FDRE clocked by clk  {rise@0.000ns fall@2.000ns period=4.000ns})
  Path Group:             (none)
  Path Type:              Hold (Min at Fast Process Corner)
  Data Path Delay:        0.754ns  (logic 0.170ns (22.504%)  route 0.584ns (77.496%))
  Logic Levels:           2  (IBUFCTRL=1 INBUF=1)
  Clock Path Skew:        2.085ns (DCD - SCD - CPR)
    Destination Clock Delay (DCD):    2.085ns
    Source Clock Delay      (SCD):    0.000ns
    Clock Pessimism Removal (CPR):    -0.000ns
  Clock Net Delay (Destination): 1.409ns (routing 0.679ns, distribution 0.730ns)

    Location             Delay type                Incr(ns)  Path(ns)    Netlist Resource(s)
  -------------------------------------------------------------------    -------------------
    AB2                                               0.000     0.000 r  Qx[2]
                         net (fo=0)                   0.000     0.000    Qx_IBUF[2]_inst/I
    AB2                  INBUF (Prop_INBUF_HPIOB_M_PAD_O)
                                                      0.170     0.170 r  Qx_IBUF[2]_inst/INBUF_INST/O
                         net (fo=1, routed)           0.000     0.170    Qx_IBUF[2]_inst/OUT
    AB2                  IBUFCTRL (Prop_IBUFCTRL_HPIOB_M_I_O)
                                                      0.000     0.170 r  Qx_IBUF[2]_inst/IBUFCTRL_INST/O
                         net (fo=1, routed)           0.584     0.754    fir_Qx/D[2]
    SLICE_X31Y133        FDRE                                         r  fir_Qx/shift_reg_reg[0][2]/D
  -------------------------------------------------------------------    -------------------

                         (clock clk rise edge)        0.000     0.000 r  <hidden>
    E5                                                0.000     0.000 r  clk
                         net (fo=0)                   0.000     0.000    clk_IBUF_inst/I
    E5                   INBUF (Prop_INBUF_HPIOB_M_PAD_O)
                                                      0.344     0.344 r  clk_IBUF_inst/INBUF_INST/O
                         net (fo=1, routed)           0.000     0.344    clk_IBUF_inst/OUT
    E5                   IBUFCTRL (Prop_IBUFCTRL_HPIOB_M_I_O)
                                                      0.000     0.344 r  clk_IBUF_inst/IBUFCTRL_INST/O
                         net (fo=1, routed)           0.306     0.650    clk_IBUF
    BUFGCE_X0Y93         BUFGCE (Prop_BUFCE_BUFGCE_I_O)
                                                      0.026     0.676 r  clk_IBUF_BUFG_inst/O
    X0Y2 (CLOCK_ROOT)    net (fo=941, routed)         1.409     2.085    fir_Qx/CLK
    SLICE_X31Y133        FDRE                                         r  fir_Qx/shift_reg_reg[0][2]/C

Slack:                    inf
  Source:                 Qx[3]
                            (input port)
  Destination:            fir_Qx/shift_reg_reg[0][3]/D
                            (rising edge-triggered cell FDRE clocked by clk  {rise@0.000ns fall@2.000ns period=4.000ns})
  Path Group:             (none)
  Path Type:              Hold (Min at Fast Process Corner)
  Data Path Delay:        0.760ns  (logic 0.175ns (23.050%)  route 0.585ns (76.950%))
  Logic Levels:           2  (IBUFCTRL=1 INBUF=1)
  Clock Path Skew:        2.082ns (DCD - SCD - CPR)
    Destination Clock Delay (DCD):    2.082ns
    Source Clock Delay      (SCD):    0.000ns
    Clock Pessimism Removal (CPR):    -0.000ns
  Clock Net Delay (Destination): 1.406ns (routing 0.679ns, distribution 0.727ns)

    Location             Delay type                Incr(ns)  Path(ns)    Netlist Resource(s)
  -------------------------------------------------------------------    -------------------
    AC2                                               0.000     0.000 r  Qx[3]
                         net (fo=0)                   0.000     0.000    Qx_IBUF[3]_inst/I
    AC2                  INBUF (Prop_INBUF_HPIOB_S_PAD_O)
                                                      0.175     0.175 r  Qx_IBUF[3]_inst/INBUF_INST/O
                         net (fo=1, routed)           0.000     0.175    Qx_IBUF[3]_inst/OUT
    AC2                  IBUFCTRL (Prop_IBUFCTRL_HPIOB_S_I_O)
                                                      0.000     0.175 r  Qx_IBUF[3]_inst/IBUFCTRL_INST/O
                         net (fo=1, routed)           0.585     0.760    fir_Qx/D[3]
    SLICE_X32Y134        FDRE                                         r  fir_Qx/shift_reg_reg[0][3]/D
  -------------------------------------------------------------------    -------------------

                         (clock clk rise edge)        0.000     0.000 r  <hidden>
    E5                                                0.000     0.000 r  clk
                         net (fo=0)                   0.000     0.000    clk_IBUF_inst/I
    E5                   INBUF (Prop_INBUF_HPIOB_M_PAD_O)
                                                      0.344     0.344 r  clk_IBUF_inst/INBUF_INST/O
                         net (fo=1, routed)           0.000     0.344    clk_IBUF_inst/OUT
    E5                   IBUFCTRL (Prop_IBUFCTRL_HPIOB_M_I_O)
                                                      0.000     0.344 r  clk_IBUF_inst/IBUFCTRL_INST/O
                         net (fo=1, routed)           0.306     0.650    clk_IBUF
    BUFGCE_X0Y93         BUFGCE (Prop_BUFCE_BUFGCE_I_O)
                                                      0.026     0.676 r  clk_IBUF_BUFG_inst/O
    X0Y2 (CLOCK_ROOT)    net (fo=941, routed)         1.406     2.082    fir_Qx/CLK
    SLICE_X32Y134        FDRE                                         r  fir_Qx/shift_reg_reg[0][3]/C

Slack:                    inf
  Source:                 Ix[4]
                            (input port)
  Destination:            fir_Ix/shift_reg_reg[0][4]/D
                            (rising edge-triggered cell FDRE clocked by clk  {rise@0.000ns fall@2.000ns period=4.000ns})
  Path Group:             (none)
  Path Type:              Hold (Min at Fast Process Corner)
  Data Path Delay:        0.769ns  (logic 0.144ns (18.716%)  route 0.625ns (81.284%))
  Logic Levels:           2  (IBUFCTRL=1 INBUF=1)
  Clock Path Skew:        1.994ns (DCD - SCD - CPR)
    Destination Clock Delay (DCD):    1.994ns
    Source Clock Delay      (SCD):    0.000ns
    Clock Pessimism Removal (CPR):    -0.000ns
  Clock Net Delay (Destination): 1.318ns (routing 0.679ns, distribution 0.639ns)

    Location             Delay type                Incr(ns)  Path(ns)    Netlist Resource(s)
  -------------------------------------------------------------------    -------------------
    G6                                                0.000     0.000 r  Ix[4]
                         net (fo=0)                   0.000     0.000    Ix_IBUF[4]_inst/I
    G6                   INBUF (Prop_INBUF_HPIOB_M_PAD_O)
                                                      0.144     0.144 r  Ix_IBUF[4]_inst/INBUF_INST/O
                         net (fo=1, routed)           0.000     0.144    Ix_IBUF[4]_inst/OUT
    G6                   IBUFCTRL (Prop_IBUFCTRL_HPIOB_M_I_O)
                                                      0.000     0.144 r  Ix_IBUF[4]_inst/IBUFCTRL_INST/O
                         net (fo=1, routed)           0.625     0.769    fir_Ix/D[4]
    SLICE_X21Y174        FDRE                                         r  fir_Ix/shift_reg_reg[0][4]/D
  -------------------------------------------------------------------    -------------------

                         (clock clk rise edge)        0.000     0.000 r  <hidden>
    E5                                                0.000     0.000 r  clk
                         net (fo=0)                   0.000     0.000    clk_IBUF_inst/I
    E5                   INBUF (Prop_INBUF_HPIOB_M_PAD_O)
                                                      0.344     0.344 r  clk_IBUF_inst/INBUF_INST/O
                         net (fo=1, routed)           0.000     0.344    clk_IBUF_inst/OUT
    E5                   IBUFCTRL (Prop_IBUFCTRL_HPIOB_M_I_O)
                                                      0.000     0.344 r  clk_IBUF_inst/IBUFCTRL_INST/O
                         net (fo=1, routed)           0.306     0.650    clk_IBUF
    BUFGCE_X0Y93         BUFGCE (Prop_BUFCE_BUFGCE_I_O)
                                                      0.026     0.676 r  clk_IBUF_BUFG_inst/O
    X0Y2 (CLOCK_ROOT)    net (fo=941, routed)         1.318     1.994    fir_Ix/CLK
    SLICE_X21Y174        FDRE                                         r  fir_Ix/shift_reg_reg[0][4]/C

Slack:                    inf
  Source:                 Qx[7]
                            (input port)
  Destination:            fir_Qx/shift_reg_reg[0][7]/D
                            (rising edge-triggered cell FDRE clocked by clk  {rise@0.000ns fall@2.000ns period=4.000ns})
  Path Group:             (none)
  Path Type:              Hold (Min at Fast Process Corner)
  Data Path Delay:        0.771ns  (logic 0.163ns (21.095%)  route 0.608ns (78.905%))
  Logic Levels:           2  (IBUFCTRL=1 INBUF=1)
  Clock Path Skew:        2.077ns (DCD - SCD - CPR)
    Destination Clock Delay (DCD):    2.077ns
    Source Clock Delay      (SCD):    0.000ns
    Clock Pessimism Removal (CPR):    -0.000ns
  Clock Net Delay (Destination): 1.401ns (routing 0.679ns, distribution 0.722ns)

    Location             Delay type                Incr(ns)  Path(ns)    Netlist Resource(s)
  -------------------------------------------------------------------    -------------------
    AB3                                               0.000     0.000 r  Qx[7]
                         net (fo=0)                   0.000     0.000    Qx_IBUF[7]_inst/I
    AB3                  INBUF (Prop_INBUF_HPIOB_S_PAD_O)
                                                      0.163     0.163 r  Qx_IBUF[7]_inst/INBUF_INST/O
                         net (fo=1, routed)           0.000     0.163    Qx_IBUF[7]_inst/OUT
    AB3                  IBUFCTRL (Prop_IBUFCTRL_HPIOB_S_I_O)
                                                      0.000     0.163 r  Qx_IBUF[7]_inst/IBUFCTRL_INST/O
                         net (fo=1, routed)           0.608     0.771    fir_Qx/D[7]
    SLICE_X32Y133        FDRE                                         r  fir_Qx/shift_reg_reg[0][7]/D
  -------------------------------------------------------------------    -------------------

                         (clock clk rise edge)        0.000     0.000 r  <hidden>
    E5                                                0.000     0.000 r  clk
                         net (fo=0)                   0.000     0.000    clk_IBUF_inst/I
    E5                   INBUF (Prop_INBUF_HPIOB_M_PAD_O)
                                                      0.344     0.344 r  clk_IBUF_inst/INBUF_INST/O
                         net (fo=1, routed)           0.000     0.344    clk_IBUF_inst/OUT
    E5                   IBUFCTRL (Prop_IBUFCTRL_HPIOB_M_I_O)
                                                      0.000     0.344 r  clk_IBUF_inst/IBUFCTRL_INST/O
                         net (fo=1, routed)           0.306     0.650    clk_IBUF
    BUFGCE_X0Y93         BUFGCE (Prop_BUFCE_BUFGCE_I_O)
                                                      0.026     0.676 r  clk_IBUF_BUFG_inst/O
    X0Y2 (CLOCK_ROOT)    net (fo=941, routed)         1.401     2.077    fir_Qx/CLK
    SLICE_X32Y133        FDRE                                         r  fir_Qx/shift_reg_reg[0][7]/C

Slack:                    inf
  Source:                 Qx[1]
                            (input port)
  Destination:            fir_Qx/shift_reg_reg[0][1]/D
                            (rising edge-triggered cell FDRE clocked by clk  {rise@0.000ns fall@2.000ns period=4.000ns})
  Path Group:             (none)
  Path Type:              Hold (Min at Fast Process Corner)
  Data Path Delay:        0.780ns  (logic 0.208ns (26.626%)  route 0.572ns (73.374%))
  Logic Levels:           2  (IBUFCTRL=1 INBUF=1)
  Clock Path Skew:        2.086ns (DCD - SCD - CPR)
    Destination Clock Delay (DCD):    2.086ns
    Source Clock Delay      (SCD):    0.000ns
    Clock Pessimism Removal (CPR):    -0.000ns
  Clock Net Delay (Destination): 1.410ns (routing 0.679ns, distribution 0.731ns)

    Location             Delay type                Incr(ns)  Path(ns)    Netlist Resource(s)
  -------------------------------------------------------------------    -------------------
    AH4                                               0.000     0.000 r  Qx[1]
                         net (fo=0)                   0.000     0.000    Qx_IBUF[1]_inst/I
    AH4                  INBUF (Prop_INBUF_HPIOB_S_PAD_O)
                                                      0.208     0.208 r  Qx_IBUF[1]_inst/INBUF_INST/O
                         net (fo=1, routed)           0.000     0.208    Qx_IBUF[1]_inst/OUT
    AH4                  IBUFCTRL (Prop_IBUFCTRL_HPIOB_S_I_O)
                                                      0.000     0.208 r  Qx_IBUF[1]_inst/IBUFCTRL_INST/O
                         net (fo=1, routed)           0.572     0.780    fir_Qx/D[1]
    SLICE_X31Y133        FDRE                                         r  fir_Qx/shift_reg_reg[0][1]/D
  -------------------------------------------------------------------    -------------------

                         (clock clk rise edge)        0.000     0.000 r  <hidden>
    E5                                                0.000     0.000 r  clk
                         net (fo=0)                   0.000     0.000    clk_IBUF_inst/I
    E5                   INBUF (Prop_INBUF_HPIOB_M_PAD_O)
                                                      0.344     0.344 r  clk_IBUF_inst/INBUF_INST/O
                         net (fo=1, routed)           0.000     0.344    clk_IBUF_inst/OUT
    E5                   IBUFCTRL (Prop_IBUFCTRL_HPIOB_M_I_O)
                                                      0.000     0.344 r  clk_IBUF_inst/IBUFCTRL_INST/O
                         net (fo=1, routed)           0.306     0.650    clk_IBUF
    BUFGCE_X0Y93         BUFGCE (Prop_BUFCE_BUFGCE_I_O)
                                                      0.026     0.676 r  clk_IBUF_BUFG_inst/O
    X0Y2 (CLOCK_ROOT)    net (fo=941, routed)         1.410     2.086    fir_Qx/CLK
    SLICE_X31Y133        FDRE                                         r  fir_Qx/shift_reg_reg[0][1]/C

Slack:                    inf
  Source:                 Qx[0]
                            (input port)
  Destination:            fir_Qx/shift_reg_reg[0][0]/D
                            (rising edge-triggered cell FDRE clocked by clk  {rise@0.000ns fall@2.000ns period=4.000ns})
  Path Group:             (none)
  Path Type:              Hold (Min at Fast Process Corner)
  Data Path Delay:        0.782ns  (logic 0.207ns (26.473%)  route 0.575ns (73.527%))
  Logic Levels:           2  (IBUFCTRL=1 INBUF=1)
  Clock Path Skew:        2.081ns (DCD - SCD - CPR)
    Destination Clock Delay (DCD):    2.081ns
    Source Clock Delay      (SCD):    0.000ns
    Clock Pessimism Removal (CPR):    -0.000ns
  Clock Net Delay (Destination): 1.405ns (routing 0.679ns, distribution 0.726ns)

    Location             Delay type                Incr(ns)  Path(ns)    Netlist Resource(s)
  -------------------------------------------------------------------    -------------------
    AG4                                               0.000     0.000 r  Qx[0]
                         net (fo=0)                   0.000     0.000    Qx_IBUF[0]_inst/I
    AG4                  INBUF (Prop_INBUF_HPIOB_M_PAD_O)
                                                      0.207     0.207 r  Qx_IBUF[0]_inst/INBUF_INST/O
                         net (fo=1, routed)           0.000     0.207    Qx_IBUF[0]_inst/OUT
    AG4                  IBUFCTRL (Prop_IBUFCTRL_HPIOB_M_I_O)
                                                      0.000     0.207 r  Qx_IBUF[0]_inst/IBUFCTRL_INST/O
                         net (fo=1, routed)           0.575     0.782    fir_Qx/D[0]
    SLICE_X32Y135        FDRE                                         r  fir_Qx/shift_reg_reg[0][0]/D
  -------------------------------------------------------------------    -------------------

                         (clock clk rise edge)        0.000     0.000 r  <hidden>
    E5                                                0.000     0.000 r  clk
                         net (fo=0)                   0.000     0.000    clk_IBUF_inst/I
    E5                   INBUF (Prop_INBUF_HPIOB_M_PAD_O)
                                                      0.344     0.344 r  clk_IBUF_inst/INBUF_INST/O
                         net (fo=1, routed)           0.000     0.344    clk_IBUF_inst/OUT
    E5                   IBUFCTRL (Prop_IBUFCTRL_HPIOB_M_I_O)
                                                      0.000     0.344 r  clk_IBUF_inst/IBUFCTRL_INST/O
                         net (fo=1, routed)           0.306     0.650    clk_IBUF
    BUFGCE_X0Y93         BUFGCE (Prop_BUFCE_BUFGCE_I_O)
                                                      0.026     0.676 r  clk_IBUF_BUFG_inst/O
    X0Y2 (CLOCK_ROOT)    net (fo=941, routed)         1.405     2.081    fir_Qx/CLK
    SLICE_X32Y135        FDRE                                         r  fir_Qx/shift_reg_reg[0][0]/C

Slack:                    inf
  Source:                 Ix[7]
                            (input port)
  Destination:            fir_Ix/shift_reg_reg[0][7]/D
                            (rising edge-triggered cell FDRE clocked by clk  {rise@0.000ns fall@2.000ns period=4.000ns})
  Path Group:             (none)
  Path Type:              Hold (Min at Fast Process Corner)
  Data Path Delay:        0.797ns  (logic 0.170ns (21.292%)  route 0.627ns (78.708%))
  Logic Levels:           2  (IBUFCTRL=1 INBUF=1)
  Clock Path Skew:        1.994ns (DCD - SCD - CPR)
    Destination Clock Delay (DCD):    1.994ns
    Source Clock Delay      (SCD):    0.000ns
    Clock Pessimism Removal (CPR):    -0.000ns
  Clock Net Delay (Destination): 1.318ns (routing 0.679ns, distribution 0.639ns)

    Location             Delay type                Incr(ns)  Path(ns)    Netlist Resource(s)
  -------------------------------------------------------------------    -------------------
    D7                                                0.000     0.000 r  Ix[7]
                         net (fo=0)                   0.000     0.000    Ix_IBUF[7]_inst/I
    D7                   INBUF (Prop_INBUF_HPIOB_M_PAD_O)
                                                      0.170     0.170 r  Ix_IBUF[7]_inst/INBUF_INST/O
                         net (fo=1, routed)           0.000     0.170    Ix_IBUF[7]_inst/OUT
    D7                   IBUFCTRL (Prop_IBUFCTRL_HPIOB_M_I_O)
                                                      0.000     0.170 r  Ix_IBUF[7]_inst/IBUFCTRL_INST/O
                         net (fo=1, routed)           0.627     0.797    fir_Ix/D[7]
    SLICE_X21Y174        FDRE                                         r  fir_Ix/shift_reg_reg[0][7]/D
  -------------------------------------------------------------------    -------------------

                         (clock clk rise edge)        0.000     0.000 r  <hidden>
    E5                                                0.000     0.000 r  clk
                         net (fo=0)                   0.000     0.000    clk_IBUF_inst/I
    E5                   INBUF (Prop_INBUF_HPIOB_M_PAD_O)
                                                      0.344     0.344 r  clk_IBUF_inst/INBUF_INST/O
                         net (fo=1, routed)           0.000     0.344    clk_IBUF_inst/OUT
    E5                   IBUFCTRL (Prop_IBUFCTRL_HPIOB_M_I_O)
                                                      0.000     0.344 r  clk_IBUF_inst/IBUFCTRL_INST/O
                         net (fo=1, routed)           0.306     0.650    clk_IBUF
    BUFGCE_X0Y93         BUFGCE (Prop_BUFCE_BUFGCE_I_O)
                                                      0.026     0.676 r  clk_IBUF_BUFG_inst/O
    X0Y2 (CLOCK_ROOT)    net (fo=941, routed)         1.318     1.994    fir_Ix/CLK
    SLICE_X21Y174        FDRE                                         r  fir_Ix/shift_reg_reg[0][7]/C

Slack:                    inf
  Source:                 Ix[5]
                            (input port)
  Destination:            fir_Ix/shift_reg_reg[0][5]/D
                            (rising edge-triggered cell FDRE clocked by clk  {rise@0.000ns fall@2.000ns period=4.000ns})
  Path Group:             (none)
  Path Type:              Hold (Min at Fast Process Corner)
  Data Path Delay:        0.804ns  (logic 0.145ns (17.993%)  route 0.659ns (82.007%))
  Logic Levels:           2  (IBUFCTRL=1 INBUF=1)
  Clock Path Skew:        1.994ns (DCD - SCD - CPR)
    Destination Clock Delay (DCD):    1.994ns
    Source Clock Delay      (SCD):    0.000ns
    Clock Pessimism Removal (CPR):    -0.000ns
  Clock Net Delay (Destination): 1.318ns (routing 0.679ns, distribution 0.639ns)

    Location             Delay type                Incr(ns)  Path(ns)    Netlist Resource(s)
  -------------------------------------------------------------------    -------------------
    F6                                                0.000     0.000 r  Ix[5]
                         net (fo=0)                   0.000     0.000    Ix_IBUF[5]_inst/I
    F6                   INBUF (Prop_INBUF_HPIOB_S_PAD_O)
                                                      0.145     0.145 r  Ix_IBUF[5]_inst/INBUF_INST/O
                         net (fo=1, routed)           0.000     0.145    Ix_IBUF[5]_inst/OUT
    F6                   IBUFCTRL (Prop_IBUFCTRL_HPIOB_S_I_O)
                                                      0.000     0.145 r  Ix_IBUF[5]_inst/IBUFCTRL_INST/O
                         net (fo=1, routed)           0.659     0.804    fir_Ix/D[5]
    SLICE_X21Y174        FDRE                                         r  fir_Ix/shift_reg_reg[0][5]/D
  -------------------------------------------------------------------    -------------------

                         (clock clk rise edge)        0.000     0.000 r  <hidden>
    E5                                                0.000     0.000 r  clk
                         net (fo=0)                   0.000     0.000    clk_IBUF_inst/I
    E5                   INBUF (Prop_INBUF_HPIOB_M_PAD_O)
                                                      0.344     0.344 r  clk_IBUF_inst/INBUF_INST/O
                         net (fo=1, routed)           0.000     0.344    clk_IBUF_inst/OUT
    E5                   IBUFCTRL (Prop_IBUFCTRL_HPIOB_M_I_O)
                                                      0.000     0.344 r  clk_IBUF_inst/IBUFCTRL_INST/O
                         net (fo=1, routed)           0.306     0.650    clk_IBUF
    BUFGCE_X0Y93         BUFGCE (Prop_BUFCE_BUFGCE_I_O)
                                                      0.026     0.676 r  clk_IBUF_BUFG_inst/O
    X0Y2 (CLOCK_ROOT)    net (fo=941, routed)         1.318     1.994    fir_Ix/CLK
    SLICE_X21Y174        FDRE                                         r  fir_Ix/shift_reg_reg[0][5]/C





