Copyright 1986-2022 Xilinx, Inc. All Rights Reserved. Copyright 2022-2026 Advanced Micro Devices, Inc. All Rights Reserved.
-----------------------------------------------------------------------------------------------------------------------------------------------------------------------------------------------------------------------------------------------------------------------------------------------
| Tool Version      : Vivado v.2026.1 (win64) Build 6511674 Tue Jun 16 11:02:23 MDT 2026
| Date              : Sun Sep 20 23:55:45 2026
| Host              : Dani running 64-bit major release  (build 9200)
| Command           : report_timing_summary -max_paths 10 -routable_nets -report_unconstrained -file dp_matched_filter_pipeline_timing_summary_routed.rpt -pb dp_matched_filter_pipeline_timing_summary_routed.pb -rpx dp_matched_filter_pipeline_timing_summary_routed.rpx -warn_on_violation
| Design            : dp_matched_filter_pipeline
| Device            : xck26-sfvc784
| Speed File        : -2LV  PRODUCTION 1.31 12-08-2025
| Design State      : Routed
| Temperature Grade : C
-----------------------------------------------------------------------------------------------------------------------------------------------------------------------------------------------------------------------------------------------------------------------------------------------

Timing Summary Report

------------------------------------------------------------------------------------------------
| Timer Settings
| --------------
------------------------------------------------------------------------------------------------

  Enable Multi Corner Analysis               :  Yes
  Enable Pessimism Removal                   :  Yes
  Pessimism Removal Resolution               :  Nearest Common Node
  Enable Input Delay Default Clock           :  No
  Enable Preset / Clear Arcs                 :  No
  Disable Flight Delays                      :  No
  Ignore I/O Paths                           :  No
  Timing Early Launch at Borrowing Latches   :  No
  Borrow Time for Max Delay Exceptions       :  Yes
  Merge Timing Exceptions                    :  Yes
  Inter-SLR Compensation                     :  Conservative

  Corner  Analyze    Analyze    
  Name    Max Paths  Min Paths  
  ------  ---------  ---------  
  Slow    Yes        Yes        
  Fast    Yes        Yes        


------------------------------------------------------------------------------------------------
| Report Methodology
| ------------------
------------------------------------------------------------------------------------------------

Rule       Severity  Description                    Violations  
---------  --------  -----------------------------  ----------  
TIMING-18  Warning   Missing input or output delay  107         

Note: This report is based on the most recent report_methodology run and may not be up-to-date. Run report_methodology on the current design for the latest report.



check_timing report

Table of Contents
-----------------
1. checking no_clock (0)
2. checking constant_clock (0)
3. checking pulse_width_clock (0)
4. checking unconstrained_internal_endpoints (0)
5. checking no_input_delay (34)
6. checking no_output_delay (73)
7. checking multiple_clock (0)
8. checking generated_clocks (0)
9. checking loops (0)
10. checking partial_input_delay (0)
11. checking partial_output_delay (0)
12. checking latch_loops (0)

1. checking no_clock (0)
------------------------
 There are 0 register/latch pins with no clock.


2. checking constant_clock (0)
------------------------------
 There are 0 register/latch pins with constant_clock.


3. checking pulse_width_clock (0)
---------------------------------
 There are 0 register/latch pins which need pulse_width check


4. checking unconstrained_internal_endpoints (0)
------------------------------------------------
 There are 0 pins that are not constrained for maximum delay.

 There are 0 pins that are not constrained for maximum delay due to constant clock.


5. checking no_input_delay (34)
-------------------------------
 There are 34 input ports with no input delay specified. (HIGH)

 There are 0 input ports with no input delay but user has a false path constraint.


6. checking no_output_delay (73)
--------------------------------
 There are 73 ports with no output delay specified. (HIGH)

 There are 0 ports with no output delay but user has a false path constraint

 There are 0 ports with no output delay but with a timing clock defined on it or propagating through it


7. checking multiple_clock (0)
------------------------------
 There are 0 register/latch pins with multiple clocks.


8. checking generated_clocks (0)
--------------------------------
 There are 0 generated clocks that are not connected to a clock source.


9. checking loops (0)
---------------------
 There are 0 combinational loops in the design.


10. checking partial_input_delay (0)
------------------------------------
 There are 0 input ports with partial input delay specified.


11. checking partial_output_delay (0)
-------------------------------------
 There are 0 ports with partial output delay specified.


12. checking latch_loops (0)
----------------------------
 There are 0 combinational latch loops in the design through latch input



------------------------------------------------------------------------------------------------
| Design Timing Summary
| ---------------------
------------------------------------------------------------------------------------------------

    WNS(ns)      TNS(ns)  TNS Failing Endpoints  TNS Total Endpoints      WHS(ns)      THS(ns)  THS Failing Endpoints  THS Total Endpoints     WPWS(ns)     TPWS(ns)  TPWS Failing Endpoints  TPWS Total Endpoints  
    -------      -------  ---------------------  -------------------      -------      -------  ---------------------  -------------------     --------     --------  ----------------------  --------------------  
      0.008        0.000                      0                 7124        0.044        0.000                      0                 7124        1.525        0.000                       0                   738  


All user specified timing constraints are met.


------------------------------------------------------------------------------------------------
| Clock Summary
| -------------
------------------------------------------------------------------------------------------------

Clock  Waveform(ns)         Period(ns)      Frequency(MHz)
-----  ------------         ----------      --------------
clk    {0.000 1.800}        3.600           277.778         


------------------------------------------------------------------------------------------------
| Intra Clock Table
| -----------------
------------------------------------------------------------------------------------------------

Clock             WNS(ns)      TNS(ns)  TNS Failing Endpoints  TNS Total Endpoints      WHS(ns)      THS(ns)  THS Failing Endpoints  THS Total Endpoints     WPWS(ns)     TPWS(ns)  TPWS Failing Endpoints  TPWS Total Endpoints  
-----             -------      -------  ---------------------  -------------------      -------      -------  ---------------------  -------------------     --------     --------  ----------------------  --------------------  
clk                 0.008        0.000                      0                 7124        0.044        0.000                      0                 7124        1.525        0.000                       0                   738  


------------------------------------------------------------------------------------------------
| Inter Clock Table
| -----------------
------------------------------------------------------------------------------------------------

From Clock    To Clock          WNS(ns)      TNS(ns)  TNS Failing Endpoints  TNS Total Endpoints      WHS(ns)      THS(ns)  THS Failing Endpoints  THS Total Endpoints  
----------    --------          -------      -------  ---------------------  -------------------      -------      -------  ---------------------  -------------------  


------------------------------------------------------------------------------------------------
| Other Path Groups Table
| -----------------------
------------------------------------------------------------------------------------------------

Path Group    From Clock    To Clock          WNS(ns)      TNS(ns)  TNS Failing Endpoints  TNS Total Endpoints      WHS(ns)      THS(ns)  THS Failing Endpoints  THS Total Endpoints  
----------    ----------    --------          -------      -------  ---------------------  -------------------      -------      -------  ---------------------  -------------------  


------------------------------------------------------------------------------------------------
| User Ignored Path Table
| -----------------------
------------------------------------------------------------------------------------------------

Path Group    From Clock    To Clock    
----------    ----------    --------    


------------------------------------------------------------------------------------------------
| Unconstrained Path Table
| ------------------------
------------------------------------------------------------------------------------------------

Path Group    From Clock    To Clock    
----------    ----------    --------    
(none)        clk                         
(none)                      clk           


------------------------------------------------------------------------------------------------
| Timing Details
| --------------
------------------------------------------------------------------------------------------------


---------------------------------------------------------------------------------------------------
From Clock:  clk
  To Clock:  clk

Setup :            0  Failing Endpoints,  Worst Slack        0.008ns,  Total Violation        0.000ns
Hold  :            0  Failing Endpoints,  Worst Slack        0.044ns,  Total Violation        0.000ns
PW    :            0  Failing Endpoints,  Worst Slack        1.525ns,  Total Violation        0.000ns
---------------------------------------------------------------------------------------------------


Max Delay Paths
--------------------------------------------------------------------------------------
Slack (MET) :             0.008ns  (required time - arrival time)
  Source:                 fir_Qx/partial_sum_reg[3]/DSP_OUTPUT_INST/CLK
                            (rising edge-triggered cell DSP_OUTPUT clocked by clk  {rise@0.000ns fall@1.800ns period=3.600ns})
  Destination:            fir_Qx/accumulator_reg_reg/DSP_OUTPUT_INST/ALU_OUT[42]
                            (rising edge-triggered cell DSP_OUTPUT clocked by clk  {rise@0.000ns fall@1.800ns period=3.600ns})
  Path Group:             clk
  Path Type:              Setup (Max at Slow Process Corner)
  Requirement:            3.600ns  (clk rise@3.600ns - clk rise@0.000ns)
  Data Path Delay:        3.462ns  (logic 2.334ns (67.426%)  route 1.128ns (32.574%))
  Logic Levels:           5  (DSP_A_B_DATA=1 DSP_ALU=2 DSP_C_DATA=1 DSP_OUTPUT=1)
  Clock Path Skew:        -0.109ns (DCD - SCD + CPR)
    Destination Clock Delay (DCD):    2.918ns = ( 6.518 - 3.600 ) 
    Source Clock Delay      (SCD):    3.526ns
    Clock Pessimism Removal (CPR):    0.499ns
  Clock Uncertainty:      0.035ns  ((TSJ^2 + TIJ^2)^1/2 + DJ) / 2 + PE
    Total System Jitter     (TSJ):    0.071ns
    Total Input Jitter      (TIJ):    0.000ns
    Discrete Jitter          (DJ):    0.000ns
    Phase Error              (PE):    0.000ns
  Clock Net Delay (Source):      2.498ns (routing 1.343ns, distribution 1.155ns)
  Clock Net Delay (Destination): 2.245ns (routing 1.234ns, distribution 1.011ns)

    Location             Delay type                Incr(ns)  Path(ns)    Netlist Resource(s)
  -------------------------------------------------------------------    -------------------
                         (clock clk rise edge)        0.000     0.000 r  <hidden>
    E5                                                0.000     0.000 r  clk
                         net (fo=0)                   0.000     0.000    clk_IBUF_inst/I
    E5                   INBUF (Prop_INBUF_HPIOB_M_PAD_O)
                                                      0.524     0.524 r  clk_IBUF_inst/INBUF_INST/O
                         net (fo=1, routed)           0.000     0.524    clk_IBUF_inst/OUT
    E5                   IBUFCTRL (Prop_IBUFCTRL_HPIOB_M_I_O)
                                                      0.000     0.524 r  clk_IBUF_inst/IBUFCTRL_INST/O
                         net (fo=1, routed)           0.460     0.984    clk_IBUF
    BUFGCE_X0Y93         BUFGCE (Prop_BUFCE_BUFGCE_I_O)
                                                      0.044     1.028 r  clk_IBUF_BUFG_inst/O
    X1Y1 (CLOCK_ROOT)    net (fo=1037, routed)        2.498     3.526    fir_Qx/partial_sum_reg[3]/CLK
    DSP48E2_X10Y52       DSP_OUTPUT                                   r  fir_Qx/partial_sum_reg[3]/DSP_OUTPUT_INST/CLK
  -------------------------------------------------------------------    -------------------
    DSP48E2_X10Y52       DSP_OUTPUT (Prop_DSP_OUTPUT_DSP48E2_CLK_P[23])
                                                      0.276     3.802 r  fir_Qx/partial_sum_reg[3]/DSP_OUTPUT_INST/P[23]
                         net (fo=25, routed)          0.576     4.378    fir_Qx/accumulator_reg0/C[23]
    DSP48E2_X8Y52        DSP_C_DATA (Prop_DSP_C_DATA_DSP48E2_C[23]_C_DATA[23])
                                                      0.135     4.513 r  fir_Qx/accumulator_reg0/DSP_C_DATA_INST/C_DATA[23]
                         net (fo=2, routed)           0.000     4.513    fir_Qx/accumulator_reg0/DSP_C_DATA.C_DATA<23>
    DSP48E2_X8Y52        DSP_ALU (Prop_DSP_ALU_DSP48E2_C_DATA[23]_ALU_OUT[23])
                                                      0.786     5.299 r  fir_Qx/accumulator_reg0/DSP_ALU_INST/ALU_OUT[23]
                         net (fo=1, routed)           0.000     5.299    fir_Qx/accumulator_reg0/DSP_ALU.ALU_OUT<23>
    DSP48E2_X8Y52        DSP_OUTPUT (Prop_DSP_OUTPUT_DSP48E2_ALU_OUT[23]_P[23])
                                                      0.146     5.445 f  fir_Qx/accumulator_reg0/DSP_OUTPUT_INST/P[23]
                         net (fo=25, routed)          0.552     5.996    fir_Qx/accumulator_reg_reg/A[24]
    DSP48E2_X7Y53        DSP_A_B_DATA (Prop_DSP_A_B_DATA_DSP48E2_A[24]_A_ALU[24])
                                                      0.265     6.261 r  fir_Qx/accumulator_reg_reg/DSP_A_B_DATA_INST/A_ALU[24]
                         net (fo=1, routed)           0.000     6.261    fir_Qx/accumulator_reg_reg/DSP_A_B_DATA.A_ALU<24>
    DSP48E2_X7Y53        DSP_ALU (Prop_DSP_ALU_DSP48E2_A_ALU[24]_ALU_OUT[42])
                                                      0.726     6.987 r  fir_Qx/accumulator_reg_reg/DSP_ALU_INST/ALU_OUT[42]
                         net (fo=1, routed)           0.000     6.987    fir_Qx/accumulator_reg_reg/DSP_ALU.ALU_OUT<42>
    DSP48E2_X7Y53        DSP_OUTPUT                                   r  fir_Qx/accumulator_reg_reg/DSP_OUTPUT_INST/ALU_OUT[42]
  -------------------------------------------------------------------    -------------------

                         (clock clk rise edge)        3.600     3.600 r  <hidden>
    E5                                                0.000     3.600 r  clk
                         net (fo=0)                   0.000     3.600    clk_IBUF_inst/I
    E5                   INBUF (Prop_INBUF_HPIOB_M_PAD_O)
                                                      0.274     3.874 r  clk_IBUF_inst/INBUF_INST/O
                         net (fo=1, routed)           0.000     3.874    clk_IBUF_inst/OUT
    E5                   IBUFCTRL (Prop_IBUFCTRL_HPIOB_M_I_O)
                                                      0.000     3.874 r  clk_IBUF_inst/IBUFCTRL_INST/O
                         net (fo=1, routed)           0.360     4.234    clk_IBUF
    BUFGCE_X0Y93         BUFGCE (Prop_BUFCE_BUFGCE_I_O)
                                                      0.039     4.273 r  clk_IBUF_BUFG_inst/O
    X1Y1 (CLOCK_ROOT)    net (fo=1037, routed)        2.245     6.518    fir_Qx/accumulator_reg_reg/CLK
    DSP48E2_X7Y53        DSP_OUTPUT                                   r  fir_Qx/accumulator_reg_reg/DSP_OUTPUT_INST/CLK
                         clock pessimism              0.499     7.017    <hidden>
                         clock uncertainty           -0.035     6.981    <hidden>
    DSP48E2_X7Y53        DSP_OUTPUT (Setup_DSP_OUTPUT_DSP48E2_CLK_ALU_OUT[42])
                                                      0.014     6.995    fir_Qx/accumulator_reg_reg/DSP_OUTPUT_INST
  -------------------------------------------------------------------
                         required time                          6.995    <hidden>
                         arrival time                          -6.987    <hidden>
  -------------------------------------------------------------------
                         slack                                  0.008    <hidden>

Slack (MET) :             0.008ns  (required time - arrival time)
  Source:                 fir_Qx/partial_sum_reg[3]/DSP_OUTPUT_INST/CLK
                            (rising edge-triggered cell DSP_OUTPUT clocked by clk  {rise@0.000ns fall@1.800ns period=3.600ns})
  Destination:            fir_Qx/accumulator_reg_reg/DSP_OUTPUT_INST/ALU_OUT[43]
                            (rising edge-triggered cell DSP_OUTPUT clocked by clk  {rise@0.000ns fall@1.800ns period=3.600ns})
  Path Group:             clk
  Path Type:              Setup (Max at Slow Process Corner)
  Requirement:            3.600ns  (clk rise@3.600ns - clk rise@0.000ns)
  Data Path Delay:        3.462ns  (logic 2.334ns (67.426%)  route 1.128ns (32.574%))
  Logic Levels:           5  (DSP_A_B_DATA=1 DSP_ALU=2 DSP_C_DATA=1 DSP_OUTPUT=1)
  Clock Path Skew:        -0.109ns (DCD - SCD + CPR)
    Destination Clock Delay (DCD):    2.918ns = ( 6.518 - 3.600 ) 
    Source Clock Delay      (SCD):    3.526ns
    Clock Pessimism Removal (CPR):    0.499ns
  Clock Uncertainty:      0.035ns  ((TSJ^2 + TIJ^2)^1/2 + DJ) / 2 + PE
    Total System Jitter     (TSJ):    0.071ns
    Total Input Jitter      (TIJ):    0.000ns
    Discrete Jitter          (DJ):    0.000ns
    Phase Error              (PE):    0.000ns
  Clock Net Delay (Source):      2.498ns (routing 1.343ns, distribution 1.155ns)
  Clock Net Delay (Destination): 2.245ns (routing 1.234ns, distribution 1.011ns)

    Location             Delay type                Incr(ns)  Path(ns)    Netlist Resource(s)
  -------------------------------------------------------------------    -------------------
                         (clock clk rise edge)        0.000     0.000 r  <hidden>
    E5                                                0.000     0.000 r  clk
                         net (fo=0)                   0.000     0.000    clk_IBUF_inst/I
    E5                   INBUF (Prop_INBUF_HPIOB_M_PAD_O)
                                                      0.524     0.524 r  clk_IBUF_inst/INBUF_INST/O
                         net (fo=1, routed)           0.000     0.524    clk_IBUF_inst/OUT
    E5                   IBUFCTRL (Prop_IBUFCTRL_HPIOB_M_I_O)
                                                      0.000     0.524 r  clk_IBUF_inst/IBUFCTRL_INST/O
                         net (fo=1, routed)           0.460     0.984    clk_IBUF
    BUFGCE_X0Y93         BUFGCE (Prop_BUFCE_BUFGCE_I_O)
                                                      0.044     1.028 r  clk_IBUF_BUFG_inst/O
    X1Y1 (CLOCK_ROOT)    net (fo=1037, routed)        2.498     3.526    fir_Qx/partial_sum_reg[3]/CLK
    DSP48E2_X10Y52       DSP_OUTPUT                                   r  fir_Qx/partial_sum_reg[3]/DSP_OUTPUT_INST/CLK
  -------------------------------------------------------------------    -------------------
    DSP48E2_X10Y52       DSP_OUTPUT (Prop_DSP_OUTPUT_DSP48E2_CLK_P[23])
                                                      0.276     3.802 r  fir_Qx/partial_sum_reg[3]/DSP_OUTPUT_INST/P[23]
                         net (fo=25, routed)          0.576     4.378    fir_Qx/accumulator_reg0/C[23]
    DSP48E2_X8Y52        DSP_C_DATA (Prop_DSP_C_DATA_DSP48E2_C[23]_C_DATA[23])
                                                      0.135     4.513 r  fir_Qx/accumulator_reg0/DSP_C_DATA_INST/C_DATA[23]
                         net (fo=2, routed)           0.000     4.513    fir_Qx/accumulator_reg0/DSP_C_DATA.C_DATA<23>
    DSP48E2_X8Y52        DSP_ALU (Prop_DSP_ALU_DSP48E2_C_DATA[23]_ALU_OUT[23])
                                                      0.786     5.299 r  fir_Qx/accumulator_reg0/DSP_ALU_INST/ALU_OUT[23]
                         net (fo=1, routed)           0.000     5.299    fir_Qx/accumulator_reg0/DSP_ALU.ALU_OUT<23>
    DSP48E2_X8Y52        DSP_OUTPUT (Prop_DSP_OUTPUT_DSP48E2_ALU_OUT[23]_P[23])
                                                      0.146     5.445 f  fir_Qx/accumulator_reg0/DSP_OUTPUT_INST/P[23]
                         net (fo=25, routed)          0.552     5.996    fir_Qx/accumulator_reg_reg/A[24]
    DSP48E2_X7Y53        DSP_A_B_DATA (Prop_DSP_A_B_DATA_DSP48E2_A[24]_A_ALU[24])
                                                      0.265     6.261 r  fir_Qx/accumulator_reg_reg/DSP_A_B_DATA_INST/A_ALU[24]
                         net (fo=1, routed)           0.000     6.261    fir_Qx/accumulator_reg_reg/DSP_A_B_DATA.A_ALU<24>
    DSP48E2_X7Y53        DSP_ALU (Prop_DSP_ALU_DSP48E2_A_ALU[24]_ALU_OUT[43])
                                                      0.726     6.987 r  fir_Qx/accumulator_reg_reg/DSP_ALU_INST/ALU_OUT[43]
                         net (fo=1, routed)           0.000     6.987    fir_Qx/accumulator_reg_reg/DSP_ALU.ALU_OUT<43>
    DSP48E2_X7Y53        DSP_OUTPUT                                   r  fir_Qx/accumulator_reg_reg/DSP_OUTPUT_INST/ALU_OUT[43]
  -------------------------------------------------------------------    -------------------

                         (clock clk rise edge)        3.600     3.600 r  <hidden>
    E5                                                0.000     3.600 r  clk
                         net (fo=0)                   0.000     3.600    clk_IBUF_inst/I
    E5                   INBUF (Prop_INBUF_HPIOB_M_PAD_O)
                                                      0.274     3.874 r  clk_IBUF_inst/INBUF_INST/O
                         net (fo=1, routed)           0.000     3.874    clk_IBUF_inst/OUT
    E5                   IBUFCTRL (Prop_IBUFCTRL_HPIOB_M_I_O)
                                                      0.000     3.874 r  clk_IBUF_inst/IBUFCTRL_INST/O
                         net (fo=1, routed)           0.360     4.234    clk_IBUF
    BUFGCE_X0Y93         BUFGCE (Prop_BUFCE_BUFGCE_I_O)
                                                      0.039     4.273 r  clk_IBUF_BUFG_inst/O
    X1Y1 (CLOCK_ROOT)    net (fo=1037, routed)        2.245     6.518    fir_Qx/accumulator_reg_reg/CLK
    DSP48E2_X7Y53        DSP_OUTPUT                                   r  fir_Qx/accumulator_reg_reg/DSP_OUTPUT_INST/CLK
                         clock pessimism              0.499     7.017    <hidden>
                         clock uncertainty           -0.035     6.981    <hidden>
    DSP48E2_X7Y53        DSP_OUTPUT (Setup_DSP_OUTPUT_DSP48E2_CLK_ALU_OUT[43])
                                                      0.014     6.995    fir_Qx/accumulator_reg_reg/DSP_OUTPUT_INST
  -------------------------------------------------------------------
                         required time                          6.995    <hidden>
                         arrival time                          -6.987    <hidden>
  -------------------------------------------------------------------
                         slack                                  0.008    <hidden>

Slack (MET) :             0.008ns  (required time - arrival time)
  Source:                 fir_Qx/partial_sum_reg[3]/DSP_OUTPUT_INST/CLK
                            (rising edge-triggered cell DSP_OUTPUT clocked by clk  {rise@0.000ns fall@1.800ns period=3.600ns})
  Destination:            fir_Qx/accumulator_reg_reg/DSP_OUTPUT_INST/ALU_OUT[44]
                            (rising edge-triggered cell DSP_OUTPUT clocked by clk  {rise@0.000ns fall@1.800ns period=3.600ns})
  Path Group:             clk
  Path Type:              Setup (Max at Slow Process Corner)
  Requirement:            3.600ns  (clk rise@3.600ns - clk rise@0.000ns)
  Data Path Delay:        3.462ns  (logic 2.334ns (67.426%)  route 1.128ns (32.574%))
  Logic Levels:           5  (DSP_A_B_DATA=1 DSP_ALU=2 DSP_C_DATA=1 DSP_OUTPUT=1)
  Clock Path Skew:        -0.109ns (DCD - SCD + CPR)
    Destination Clock Delay (DCD):    2.918ns = ( 6.518 - 3.600 ) 
    Source Clock Delay      (SCD):    3.526ns
    Clock Pessimism Removal (CPR):    0.499ns
  Clock Uncertainty:      0.035ns  ((TSJ^2 + TIJ^2)^1/2 + DJ) / 2 + PE
    Total System Jitter     (TSJ):    0.071ns
    Total Input Jitter      (TIJ):    0.000ns
    Discrete Jitter          (DJ):    0.000ns
    Phase Error              (PE):    0.000ns
  Clock Net Delay (Source):      2.498ns (routing 1.343ns, distribution 1.155ns)
  Clock Net Delay (Destination): 2.245ns (routing 1.234ns, distribution 1.011ns)

    Location             Delay type                Incr(ns)  Path(ns)    Netlist Resource(s)
  -------------------------------------------------------------------    -------------------
                         (clock clk rise edge)        0.000     0.000 r  <hidden>
    E5                                                0.000     0.000 r  clk
                         net (fo=0)                   0.000     0.000    clk_IBUF_inst/I
    E5                   INBUF (Prop_INBUF_HPIOB_M_PAD_O)
                                                      0.524     0.524 r  clk_IBUF_inst/INBUF_INST/O
                         net (fo=1, routed)           0.000     0.524    clk_IBUF_inst/OUT
    E5                   IBUFCTRL (Prop_IBUFCTRL_HPIOB_M_I_O)
                                                      0.000     0.524 r  clk_IBUF_inst/IBUFCTRL_INST/O
                         net (fo=1, routed)           0.460     0.984    clk_IBUF
    BUFGCE_X0Y93         BUFGCE (Prop_BUFCE_BUFGCE_I_O)
                                                      0.044     1.028 r  clk_IBUF_BUFG_inst/O
    X1Y1 (CLOCK_ROOT)    net (fo=1037, routed)        2.498     3.526    fir_Qx/partial_sum_reg[3]/CLK
    DSP48E2_X10Y52       DSP_OUTPUT                                   r  fir_Qx/partial_sum_reg[3]/DSP_OUTPUT_INST/CLK
  -------------------------------------------------------------------    -------------------
    DSP48E2_X10Y52       DSP_OUTPUT (Prop_DSP_OUTPUT_DSP48E2_CLK_P[23])
                                                      0.276     3.802 r  fir_Qx/partial_sum_reg[3]/DSP_OUTPUT_INST/P[23]
                         net (fo=25, routed)          0.576     4.378    fir_Qx/accumulator_reg0/C[23]
    DSP48E2_X8Y52        DSP_C_DATA (Prop_DSP_C_DATA_DSP48E2_C[23]_C_DATA[23])
                                                      0.135     4.513 r  fir_Qx/accumulator_reg0/DSP_C_DATA_INST/C_DATA[23]
                         net (fo=2, routed)           0.000     4.513    fir_Qx/accumulator_reg0/DSP_C_DATA.C_DATA<23>
    DSP48E2_X8Y52        DSP_ALU (Prop_DSP_ALU_DSP48E2_C_DATA[23]_ALU_OUT[23])
                                                      0.786     5.299 r  fir_Qx/accumulator_reg0/DSP_ALU_INST/ALU_OUT[23]
                         net (fo=1, routed)           0.000     5.299    fir_Qx/accumulator_reg0/DSP_ALU.ALU_OUT<23>
    DSP48E2_X8Y52        DSP_OUTPUT (Prop_DSP_OUTPUT_DSP48E2_ALU_OUT[23]_P[23])
                                                      0.146     5.445 f  fir_Qx/accumulator_reg0/DSP_OUTPUT_INST/P[23]
                         net (fo=25, routed)          0.552     5.996    fir_Qx/accumulator_reg_reg/A[24]
    DSP48E2_X7Y53        DSP_A_B_DATA (Prop_DSP_A_B_DATA_DSP48E2_A[24]_A_ALU[24])
                                                      0.265     6.261 r  fir_Qx/accumulator_reg_reg/DSP_A_B_DATA_INST/A_ALU[24]
                         net (fo=1, routed)           0.000     6.261    fir_Qx/accumulator_reg_reg/DSP_A_B_DATA.A_ALU<24>
    DSP48E2_X7Y53        DSP_ALU (Prop_DSP_ALU_DSP48E2_A_ALU[24]_ALU_OUT[44])
                                                      0.726     6.987 r  fir_Qx/accumulator_reg_reg/DSP_ALU_INST/ALU_OUT[44]
                         net (fo=1, routed)           0.000     6.987    fir_Qx/accumulator_reg_reg/DSP_ALU.ALU_OUT<44>
    DSP48E2_X7Y53        DSP_OUTPUT                                   r  fir_Qx/accumulator_reg_reg/DSP_OUTPUT_INST/ALU_OUT[44]
  -------------------------------------------------------------------    -------------------

                         (clock clk rise edge)        3.600     3.600 r  <hidden>
    E5                                                0.000     3.600 r  clk
                         net (fo=0)                   0.000     3.600    clk_IBUF_inst/I
    E5                   INBUF (Prop_INBUF_HPIOB_M_PAD_O)
                                                      0.274     3.874 r  clk_IBUF_inst/INBUF_INST/O
                         net (fo=1, routed)           0.000     3.874    clk_IBUF_inst/OUT
    E5                   IBUFCTRL (Prop_IBUFCTRL_HPIOB_M_I_O)
                                                      0.000     3.874 r  clk_IBUF_inst/IBUFCTRL_INST/O
                         net (fo=1, routed)           0.360     4.234    clk_IBUF
    BUFGCE_X0Y93         BUFGCE (Prop_BUFCE_BUFGCE_I_O)
                                                      0.039     4.273 r  clk_IBUF_BUFG_inst/O
    X1Y1 (CLOCK_ROOT)    net (fo=1037, routed)        2.245     6.518    fir_Qx/accumulator_reg_reg/CLK
    DSP48E2_X7Y53        DSP_OUTPUT                                   r  fir_Qx/accumulator_reg_reg/DSP_OUTPUT_INST/CLK
                         clock pessimism              0.499     7.017    <hidden>
                         clock uncertainty           -0.035     6.981    <hidden>
    DSP48E2_X7Y53        DSP_OUTPUT (Setup_DSP_OUTPUT_DSP48E2_CLK_ALU_OUT[44])
                                                      0.014     6.995    fir_Qx/accumulator_reg_reg/DSP_OUTPUT_INST
  -------------------------------------------------------------------
                         required time                          6.995    <hidden>
                         arrival time                          -6.987    <hidden>
  -------------------------------------------------------------------
                         slack                                  0.008    <hidden>

Slack (MET) :             0.008ns  (required time - arrival time)
  Source:                 fir_Qx/partial_sum_reg[3]/DSP_OUTPUT_INST/CLK
                            (rising edge-triggered cell DSP_OUTPUT clocked by clk  {rise@0.000ns fall@1.800ns period=3.600ns})
  Destination:            fir_Qx/accumulator_reg_reg/DSP_OUTPUT_INST/ALU_OUT[45]
                            (rising edge-triggered cell DSP_OUTPUT clocked by clk  {rise@0.000ns fall@1.800ns period=3.600ns})
  Path Group:             clk
  Path Type:              Setup (Max at Slow Process Corner)
  Requirement:            3.600ns  (clk rise@3.600ns - clk rise@0.000ns)
  Data Path Delay:        3.462ns  (logic 2.334ns (67.426%)  route 1.128ns (32.574%))
  Logic Levels:           5  (DSP_A_B_DATA=1 DSP_ALU=2 DSP_C_DATA=1 DSP_OUTPUT=1)
  Clock Path Skew:        -0.109ns (DCD - SCD + CPR)
    Destination Clock Delay (DCD):    2.918ns = ( 6.518 - 3.600 ) 
    Source Clock Delay      (SCD):    3.526ns
    Clock Pessimism Removal (CPR):    0.499ns
  Clock Uncertainty:      0.035ns  ((TSJ^2 + TIJ^2)^1/2 + DJ) / 2 + PE
    Total System Jitter     (TSJ):    0.071ns
    Total Input Jitter      (TIJ):    0.000ns
    Discrete Jitter          (DJ):    0.000ns
    Phase Error              (PE):    0.000ns
  Clock Net Delay (Source):      2.498ns (routing 1.343ns, distribution 1.155ns)
  Clock Net Delay (Destination): 2.245ns (routing 1.234ns, distribution 1.011ns)

    Location             Delay type                Incr(ns)  Path(ns)    Netlist Resource(s)
  -------------------------------------------------------------------    -------------------
                         (clock clk rise edge)        0.000     0.000 r  <hidden>
    E5                                                0.000     0.000 r  clk
                         net (fo=0)                   0.000     0.000    clk_IBUF_inst/I
    E5                   INBUF (Prop_INBUF_HPIOB_M_PAD_O)
                                                      0.524     0.524 r  clk_IBUF_inst/INBUF_INST/O
                         net (fo=1, routed)           0.000     0.524    clk_IBUF_inst/OUT
    E5                   IBUFCTRL (Prop_IBUFCTRL_HPIOB_M_I_O)
                                                      0.000     0.524 r  clk_IBUF_inst/IBUFCTRL_INST/O
                         net (fo=1, routed)           0.460     0.984    clk_IBUF
    BUFGCE_X0Y93         BUFGCE (Prop_BUFCE_BUFGCE_I_O)
                                                      0.044     1.028 r  clk_IBUF_BUFG_inst/O
    X1Y1 (CLOCK_ROOT)    net (fo=1037, routed)        2.498     3.526    fir_Qx/partial_sum_reg[3]/CLK
    DSP48E2_X10Y52       DSP_OUTPUT                                   r  fir_Qx/partial_sum_reg[3]/DSP_OUTPUT_INST/CLK
  -------------------------------------------------------------------    -------------------
    DSP48E2_X10Y52       DSP_OUTPUT (Prop_DSP_OUTPUT_DSP48E2_CLK_P[23])
                                                      0.276     3.802 r  fir_Qx/partial_sum_reg[3]/DSP_OUTPUT_INST/P[23]
                         net (fo=25, routed)          0.576     4.378    fir_Qx/accumulator_reg0/C[23]
    DSP48E2_X8Y52        DSP_C_DATA (Prop_DSP_C_DATA_DSP48E2_C[23]_C_DATA[23])
                                                      0.135     4.513 r  fir_Qx/accumulator_reg0/DSP_C_DATA_INST/C_DATA[23]
                         net (fo=2, routed)           0.000     4.513    fir_Qx/accumulator_reg0/DSP_C_DATA.C_DATA<23>
    DSP48E2_X8Y52        DSP_ALU (Prop_DSP_ALU_DSP48E2_C_DATA[23]_ALU_OUT[23])
                                                      0.786     5.299 r  fir_Qx/accumulator_reg0/DSP_ALU_INST/ALU_OUT[23]
                         net (fo=1, routed)           0.000     5.299    fir_Qx/accumulator_reg0/DSP_ALU.ALU_OUT<23>
    DSP48E2_X8Y52        DSP_OUTPUT (Prop_DSP_OUTPUT_DSP48E2_ALU_OUT[23]_P[23])
                                                      0.146     5.445 f  fir_Qx/accumulator_reg0/DSP_OUTPUT_INST/P[23]
                         net (fo=25, routed)          0.552     5.996    fir_Qx/accumulator_reg_reg/A[24]
    DSP48E2_X7Y53        DSP_A_B_DATA (Prop_DSP_A_B_DATA_DSP48E2_A[24]_A_ALU[24])
                                                      0.265     6.261 r  fir_Qx/accumulator_reg_reg/DSP_A_B_DATA_INST/A_ALU[24]
                         net (fo=1, routed)           0.000     6.261    fir_Qx/accumulator_reg_reg/DSP_A_B_DATA.A_ALU<24>
    DSP48E2_X7Y53        DSP_ALU (Prop_DSP_ALU_DSP48E2_A_ALU[24]_ALU_OUT[45])
                                                      0.726     6.987 r  fir_Qx/accumulator_reg_reg/DSP_ALU_INST/ALU_OUT[45]
                         net (fo=1, routed)           0.000     6.987    fir_Qx/accumulator_reg_reg/DSP_ALU.ALU_OUT<45>
    DSP48E2_X7Y53        DSP_OUTPUT                                   r  fir_Qx/accumulator_reg_reg/DSP_OUTPUT_INST/ALU_OUT[45]
  -------------------------------------------------------------------    -------------------

                         (clock clk rise edge)        3.600     3.600 r  <hidden>
    E5                                                0.000     3.600 r  clk
                         net (fo=0)                   0.000     3.600    clk_IBUF_inst/I
    E5                   INBUF (Prop_INBUF_HPIOB_M_PAD_O)
                                                      0.274     3.874 r  clk_IBUF_inst/INBUF_INST/O
                         net (fo=1, routed)           0.000     3.874    clk_IBUF_inst/OUT
    E5                   IBUFCTRL (Prop_IBUFCTRL_HPIOB_M_I_O)
                                                      0.000     3.874 r  clk_IBUF_inst/IBUFCTRL_INST/O
                         net (fo=1, routed)           0.360     4.234    clk_IBUF
    BUFGCE_X0Y93         BUFGCE (Prop_BUFCE_BUFGCE_I_O)
                                                      0.039     4.273 r  clk_IBUF_BUFG_inst/O
    X1Y1 (CLOCK_ROOT)    net (fo=1037, routed)        2.245     6.518    fir_Qx/accumulator_reg_reg/CLK
    DSP48E2_X7Y53        DSP_OUTPUT                                   r  fir_Qx/accumulator_reg_reg/DSP_OUTPUT_INST/CLK
                         clock pessimism              0.499     7.017    <hidden>
                         clock uncertainty           -0.035     6.981    <hidden>
    DSP48E2_X7Y53        DSP_OUTPUT (Setup_DSP_OUTPUT_DSP48E2_CLK_ALU_OUT[45])
                                                      0.014     6.995    fir_Qx/accumulator_reg_reg/DSP_OUTPUT_INST
  -------------------------------------------------------------------
                         required time                          6.995    <hidden>
                         arrival time                          -6.987    <hidden>
  -------------------------------------------------------------------
                         slack                                  0.008    <hidden>

Slack (MET) :             0.008ns  (required time - arrival time)
  Source:                 fir_Qx/partial_sum_reg[3]/DSP_OUTPUT_INST/CLK
                            (rising edge-triggered cell DSP_OUTPUT clocked by clk  {rise@0.000ns fall@1.800ns period=3.600ns})
  Destination:            fir_Qx/accumulator_reg_reg/DSP_OUTPUT_INST/ALU_OUT[46]
                            (rising edge-triggered cell DSP_OUTPUT clocked by clk  {rise@0.000ns fall@1.800ns period=3.600ns})
  Path Group:             clk
  Path Type:              Setup (Max at Slow Process Corner)
  Requirement:            3.600ns  (clk rise@3.600ns - clk rise@0.000ns)
  Data Path Delay:        3.462ns  (logic 2.334ns (67.426%)  route 1.128ns (32.574%))
  Logic Levels:           5  (DSP_A_B_DATA=1 DSP_ALU=2 DSP_C_DATA=1 DSP_OUTPUT=1)
  Clock Path Skew:        -0.109ns (DCD - SCD + CPR)
    Destination Clock Delay (DCD):    2.918ns = ( 6.518 - 3.600 ) 
    Source Clock Delay      (SCD):    3.526ns
    Clock Pessimism Removal (CPR):    0.499ns
  Clock Uncertainty:      0.035ns  ((TSJ^2 + TIJ^2)^1/2 + DJ) / 2 + PE
    Total System Jitter     (TSJ):    0.071ns
    Total Input Jitter      (TIJ):    0.000ns
    Discrete Jitter          (DJ):    0.000ns
    Phase Error              (PE):    0.000ns
  Clock Net Delay (Source):      2.498ns (routing 1.343ns, distribution 1.155ns)
  Clock Net Delay (Destination): 2.245ns (routing 1.234ns, distribution 1.011ns)

    Location             Delay type                Incr(ns)  Path(ns)    Netlist Resource(s)
  -------------------------------------------------------------------    -------------------
                         (clock clk rise edge)        0.000     0.000 r  <hidden>
    E5                                                0.000     0.000 r  clk
                         net (fo=0)                   0.000     0.000    clk_IBUF_inst/I
    E5                   INBUF (Prop_INBUF_HPIOB_M_PAD_O)
                                                      0.524     0.524 r  clk_IBUF_inst/INBUF_INST/O
                         net (fo=1, routed)           0.000     0.524    clk_IBUF_inst/OUT
    E5                   IBUFCTRL (Prop_IBUFCTRL_HPIOB_M_I_O)
                                                      0.000     0.524 r  clk_IBUF_inst/IBUFCTRL_INST/O
                         net (fo=1, routed)           0.460     0.984    clk_IBUF
    BUFGCE_X0Y93         BUFGCE (Prop_BUFCE_BUFGCE_I_O)
                                                      0.044     1.028 r  clk_IBUF_BUFG_inst/O
    X1Y1 (CLOCK_ROOT)    net (fo=1037, routed)        2.498     3.526    fir_Qx/partial_sum_reg[3]/CLK
    DSP48E2_X10Y52       DSP_OUTPUT                                   r  fir_Qx/partial_sum_reg[3]/DSP_OUTPUT_INST/CLK
  -------------------------------------------------------------------    -------------------
    DSP48E2_X10Y52       DSP_OUTPUT (Prop_DSP_OUTPUT_DSP48E2_CLK_P[23])
                                                      0.276     3.802 r  fir_Qx/partial_sum_reg[3]/DSP_OUTPUT_INST/P[23]
                         net (fo=25, routed)          0.576     4.378    fir_Qx/accumulator_reg0/C[23]
    DSP48E2_X8Y52        DSP_C_DATA (Prop_DSP_C_DATA_DSP48E2_C[23]_C_DATA[23])
                                                      0.135     4.513 r  fir_Qx/accumulator_reg0/DSP_C_DATA_INST/C_DATA[23]
                         net (fo=2, routed)           0.000     4.513    fir_Qx/accumulator_reg0/DSP_C_DATA.C_DATA<23>
    DSP48E2_X8Y52        DSP_ALU (Prop_DSP_ALU_DSP48E2_C_DATA[23]_ALU_OUT[23])
                                                      0.786     5.299 r  fir_Qx/accumulator_reg0/DSP_ALU_INST/ALU_OUT[23]
                         net (fo=1, routed)           0.000     5.299    fir_Qx/accumulator_reg0/DSP_ALU.ALU_OUT<23>
    DSP48E2_X8Y52        DSP_OUTPUT (Prop_DSP_OUTPUT_DSP48E2_ALU_OUT[23]_P[23])
                                                      0.146     5.445 f  fir_Qx/accumulator_reg0/DSP_OUTPUT_INST/P[23]
                         net (fo=25, routed)          0.552     5.996    fir_Qx/accumulator_reg_reg/A[24]
    DSP48E2_X7Y53        DSP_A_B_DATA (Prop_DSP_A_B_DATA_DSP48E2_A[24]_A_ALU[24])
                                                      0.265     6.261 r  fir_Qx/accumulator_reg_reg/DSP_A_B_DATA_INST/A_ALU[24]
                         net (fo=1, routed)           0.000     6.261    fir_Qx/accumulator_reg_reg/DSP_A_B_DATA.A_ALU<24>
    DSP48E2_X7Y53        DSP_ALU (Prop_DSP_ALU_DSP48E2_A_ALU[24]_ALU_OUT[46])
                                                      0.726     6.987 r  fir_Qx/accumulator_reg_reg/DSP_ALU_INST/ALU_OUT[46]
                         net (fo=1, routed)           0.000     6.987    fir_Qx/accumulator_reg_reg/DSP_ALU.ALU_OUT<46>
    DSP48E2_X7Y53        DSP_OUTPUT                                   r  fir_Qx/accumulator_reg_reg/DSP_OUTPUT_INST/ALU_OUT[46]
  -------------------------------------------------------------------    -------------------

                         (clock clk rise edge)        3.600     3.600 r  <hidden>
    E5                                                0.000     3.600 r  clk
                         net (fo=0)                   0.000     3.600    clk_IBUF_inst/I
    E5                   INBUF (Prop_INBUF_HPIOB_M_PAD_O)
                                                      0.274     3.874 r  clk_IBUF_inst/INBUF_INST/O
                         net (fo=1, routed)           0.000     3.874    clk_IBUF_inst/OUT
    E5                   IBUFCTRL (Prop_IBUFCTRL_HPIOB_M_I_O)
                                                      0.000     3.874 r  clk_IBUF_inst/IBUFCTRL_INST/O
                         net (fo=1, routed)           0.360     4.234    clk_IBUF
    BUFGCE_X0Y93         BUFGCE (Prop_BUFCE_BUFGCE_I_O)
                                                      0.039     4.273 r  clk_IBUF_BUFG_inst/O
    X1Y1 (CLOCK_ROOT)    net (fo=1037, routed)        2.245     6.518    fir_Qx/accumulator_reg_reg/CLK
    DSP48E2_X7Y53        DSP_OUTPUT                                   r  fir_Qx/accumulator_reg_reg/DSP_OUTPUT_INST/CLK
                         clock pessimism              0.499     7.017    <hidden>
                         clock uncertainty           -0.035     6.981    <hidden>
    DSP48E2_X7Y53        DSP_OUTPUT (Setup_DSP_OUTPUT_DSP48E2_CLK_ALU_OUT[46])
                                                      0.014     6.995    fir_Qx/accumulator_reg_reg/DSP_OUTPUT_INST
  -------------------------------------------------------------------
                         required time                          6.995    <hidden>
                         arrival time                          -6.987    <hidden>
  -------------------------------------------------------------------
                         slack                                  0.008    <hidden>

Slack (MET) :             0.008ns  (required time - arrival time)
  Source:                 fir_Qx/partial_sum_reg[3]/DSP_OUTPUT_INST/CLK
                            (rising edge-triggered cell DSP_OUTPUT clocked by clk  {rise@0.000ns fall@1.800ns period=3.600ns})
  Destination:            fir_Qx/accumulator_reg_reg/DSP_OUTPUT_INST/ALU_OUT[47]
                            (rising edge-triggered cell DSP_OUTPUT clocked by clk  {rise@0.000ns fall@1.800ns period=3.600ns})
  Path Group:             clk
  Path Type:              Setup (Max at Slow Process Corner)
  Requirement:            3.600ns  (clk rise@3.600ns - clk rise@0.000ns)
  Data Path Delay:        3.462ns  (logic 2.334ns (67.426%)  route 1.128ns (32.574%))
  Logic Levels:           5  (DSP_A_B_DATA=1 DSP_ALU=2 DSP_C_DATA=1 DSP_OUTPUT=1)
  Clock Path Skew:        -0.109ns (DCD - SCD + CPR)
    Destination Clock Delay (DCD):    2.918ns = ( 6.518 - 3.600 ) 
    Source Clock Delay      (SCD):    3.526ns
    Clock Pessimism Removal (CPR):    0.499ns
  Clock Uncertainty:      0.035ns  ((TSJ^2 + TIJ^2)^1/2 + DJ) / 2 + PE
    Total System Jitter     (TSJ):    0.071ns
    Total Input Jitter      (TIJ):    0.000ns
    Discrete Jitter          (DJ):    0.000ns
    Phase Error              (PE):    0.000ns
  Clock Net Delay (Source):      2.498ns (routing 1.343ns, distribution 1.155ns)
  Clock Net Delay (Destination): 2.245ns (routing 1.234ns, distribution 1.011ns)

    Location             Delay type                Incr(ns)  Path(ns)    Netlist Resource(s)
  -------------------------------------------------------------------    -------------------
                         (clock clk rise edge)        0.000     0.000 r  <hidden>
    E5                                                0.000     0.000 r  clk
                         net (fo=0)                   0.000     0.000    clk_IBUF_inst/I
    E5                   INBUF (Prop_INBUF_HPIOB_M_PAD_O)
                                                      0.524     0.524 r  clk_IBUF_inst/INBUF_INST/O
                         net (fo=1, routed)           0.000     0.524    clk_IBUF_inst/OUT
    E5                   IBUFCTRL (Prop_IBUFCTRL_HPIOB_M_I_O)
                                                      0.000     0.524 r  clk_IBUF_inst/IBUFCTRL_INST/O
                         net (fo=1, routed)           0.460     0.984    clk_IBUF
    BUFGCE_X0Y93         BUFGCE (Prop_BUFCE_BUFGCE_I_O)
                                                      0.044     1.028 r  clk_IBUF_BUFG_inst/O
    X1Y1 (CLOCK_ROOT)    net (fo=1037, routed)        2.498     3.526    fir_Qx/partial_sum_reg[3]/CLK
    DSP48E2_X10Y52       DSP_OUTPUT                                   r  fir_Qx/partial_sum_reg[3]/DSP_OUTPUT_INST/CLK
  -------------------------------------------------------------------    -------------------
    DSP48E2_X10Y52       DSP_OUTPUT (Prop_DSP_OUTPUT_DSP48E2_CLK_P[23])
                                                      0.276     3.802 r  fir_Qx/partial_sum_reg[3]/DSP_OUTPUT_INST/P[23]
                         net (fo=25, routed)          0.576     4.378    fir_Qx/accumulator_reg0/C[23]
    DSP48E2_X8Y52        DSP_C_DATA (Prop_DSP_C_DATA_DSP48E2_C[23]_C_DATA[23])
                                                      0.135     4.513 r  fir_Qx/accumulator_reg0/DSP_C_DATA_INST/C_DATA[23]
                         net (fo=2, routed)           0.000     4.513    fir_Qx/accumulator_reg0/DSP_C_DATA.C_DATA<23>
    DSP48E2_X8Y52        DSP_ALU (Prop_DSP_ALU_DSP48E2_C_DATA[23]_ALU_OUT[23])
                                                      0.786     5.299 r  fir_Qx/accumulator_reg0/DSP_ALU_INST/ALU_OUT[23]
                         net (fo=1, routed)           0.000     5.299    fir_Qx/accumulator_reg0/DSP_ALU.ALU_OUT<23>
    DSP48E2_X8Y52        DSP_OUTPUT (Prop_DSP_OUTPUT_DSP48E2_ALU_OUT[23]_P[23])
                                                      0.146     5.445 f  fir_Qx/accumulator_reg0/DSP_OUTPUT_INST/P[23]
                         net (fo=25, routed)          0.552     5.996    fir_Qx/accumulator_reg_reg/A[24]
    DSP48E2_X7Y53        DSP_A_B_DATA (Prop_DSP_A_B_DATA_DSP48E2_A[24]_A_ALU[24])
                                                      0.265     6.261 r  fir_Qx/accumulator_reg_reg/DSP_A_B_DATA_INST/A_ALU[24]
                         net (fo=1, routed)           0.000     6.261    fir_Qx/accumulator_reg_reg/DSP_A_B_DATA.A_ALU<24>
    DSP48E2_X7Y53        DSP_ALU (Prop_DSP_ALU_DSP48E2_A_ALU[24]_ALU_OUT[47])
                                                      0.726     6.987 r  fir_Qx/accumulator_reg_reg/DSP_ALU_INST/ALU_OUT[47]
                         net (fo=1, routed)           0.000     6.987    fir_Qx/accumulator_reg_reg/DSP_ALU.ALU_OUT<47>
    DSP48E2_X7Y53        DSP_OUTPUT                                   r  fir_Qx/accumulator_reg_reg/DSP_OUTPUT_INST/ALU_OUT[47]
  -------------------------------------------------------------------    -------------------

                         (clock clk rise edge)        3.600     3.600 r  <hidden>
    E5                                                0.000     3.600 r  clk
                         net (fo=0)                   0.000     3.600    clk_IBUF_inst/I
    E5                   INBUF (Prop_INBUF_HPIOB_M_PAD_O)
                                                      0.274     3.874 r  clk_IBUF_inst/INBUF_INST/O
                         net (fo=1, routed)           0.000     3.874    clk_IBUF_inst/OUT
    E5                   IBUFCTRL (Prop_IBUFCTRL_HPIOB_M_I_O)
                                                      0.000     3.874 r  clk_IBUF_inst/IBUFCTRL_INST/O
                         net (fo=1, routed)           0.360     4.234    clk_IBUF
    BUFGCE_X0Y93         BUFGCE (Prop_BUFCE_BUFGCE_I_O)
                                                      0.039     4.273 r  clk_IBUF_BUFG_inst/O
    X1Y1 (CLOCK_ROOT)    net (fo=1037, routed)        2.245     6.518    fir_Qx/accumulator_reg_reg/CLK
    DSP48E2_X7Y53        DSP_OUTPUT                                   r  fir_Qx/accumulator_reg_reg/DSP_OUTPUT_INST/CLK
                         clock pessimism              0.499     7.017    <hidden>
                         clock uncertainty           -0.035     6.981    <hidden>
    DSP48E2_X7Y53        DSP_OUTPUT (Setup_DSP_OUTPUT_DSP48E2_CLK_ALU_OUT[47])
                                                      0.014     6.995    fir_Qx/accumulator_reg_reg/DSP_OUTPUT_INST
  -------------------------------------------------------------------
                         required time                          6.995    <hidden>
                         arrival time                          -6.987    <hidden>
  -------------------------------------------------------------------
                         slack                                  0.008    <hidden>

Slack (MET) :             0.010ns  (required time - arrival time)
  Source:                 fir_Qx/partial_sum_reg[3]/DSP_OUTPUT_INST/CLK
                            (rising edge-triggered cell DSP_OUTPUT clocked by clk  {rise@0.000ns fall@1.800ns period=3.600ns})
  Destination:            fir_Qx/accumulator_reg_reg/DSP_OUTPUT_INST/ALU_OUT[27]
                            (rising edge-triggered cell DSP_OUTPUT clocked by clk  {rise@0.000ns fall@1.800ns period=3.600ns})
  Path Group:             clk
  Path Type:              Setup (Max at Slow Process Corner)
  Requirement:            3.600ns  (clk rise@3.600ns - clk rise@0.000ns)
  Data Path Delay:        3.460ns  (logic 2.334ns (67.460%)  route 1.126ns (32.540%))
  Logic Levels:           5  (DSP_A_B_DATA=1 DSP_ALU=2 DSP_C_DATA=1 DSP_OUTPUT=1)
  Clock Path Skew:        -0.109ns (DCD - SCD + CPR)
    Destination Clock Delay (DCD):    2.918ns = ( 6.518 - 3.600 ) 
    Source Clock Delay      (SCD):    3.526ns
    Clock Pessimism Removal (CPR):    0.499ns
  Clock Uncertainty:      0.035ns  ((TSJ^2 + TIJ^2)^1/2 + DJ) / 2 + PE
    Total System Jitter     (TSJ):    0.071ns
    Total Input Jitter      (TIJ):    0.000ns
    Discrete Jitter          (DJ):    0.000ns
    Phase Error              (PE):    0.000ns
  Clock Net Delay (Source):      2.498ns (routing 1.343ns, distribution 1.155ns)
  Clock Net Delay (Destination): 2.245ns (routing 1.234ns, distribution 1.011ns)

    Location             Delay type                Incr(ns)  Path(ns)    Netlist Resource(s)
  -------------------------------------------------------------------    -------------------
                         (clock clk rise edge)        0.000     0.000 r  <hidden>
    E5                                                0.000     0.000 r  clk
                         net (fo=0)                   0.000     0.000    clk_IBUF_inst/I
    E5                   INBUF (Prop_INBUF_HPIOB_M_PAD_O)
                                                      0.524     0.524 r  clk_IBUF_inst/INBUF_INST/O
                         net (fo=1, routed)           0.000     0.524    clk_IBUF_inst/OUT
    E5                   IBUFCTRL (Prop_IBUFCTRL_HPIOB_M_I_O)
                                                      0.000     0.524 r  clk_IBUF_inst/IBUFCTRL_INST/O
                         net (fo=1, routed)           0.460     0.984    clk_IBUF
    BUFGCE_X0Y93         BUFGCE (Prop_BUFCE_BUFGCE_I_O)
                                                      0.044     1.028 r  clk_IBUF_BUFG_inst/O
    X1Y1 (CLOCK_ROOT)    net (fo=1037, routed)        2.498     3.526    fir_Qx/partial_sum_reg[3]/CLK
    DSP48E2_X10Y52       DSP_OUTPUT                                   r  fir_Qx/partial_sum_reg[3]/DSP_OUTPUT_INST/CLK
  -------------------------------------------------------------------    -------------------
    DSP48E2_X10Y52       DSP_OUTPUT (Prop_DSP_OUTPUT_DSP48E2_CLK_P[23])
                                                      0.276     3.802 r  fir_Qx/partial_sum_reg[3]/DSP_OUTPUT_INST/P[23]
                         net (fo=25, routed)          0.576     4.378    fir_Qx/accumulator_reg0/C[23]
    DSP48E2_X8Y52        DSP_C_DATA (Prop_DSP_C_DATA_DSP48E2_C[23]_C_DATA[23])
                                                      0.135     4.513 r  fir_Qx/accumulator_reg0/DSP_C_DATA_INST/C_DATA[23]
                         net (fo=2, routed)           0.000     4.513    fir_Qx/accumulator_reg0/DSP_C_DATA.C_DATA<23>
    DSP48E2_X8Y52        DSP_ALU (Prop_DSP_ALU_DSP48E2_C_DATA[23]_ALU_OUT[23])
                                                      0.786     5.299 r  fir_Qx/accumulator_reg0/DSP_ALU_INST/ALU_OUT[23]
                         net (fo=1, routed)           0.000     5.299    fir_Qx/accumulator_reg0/DSP_ALU.ALU_OUT<23>
    DSP48E2_X8Y52        DSP_OUTPUT (Prop_DSP_OUTPUT_DSP48E2_ALU_OUT[23]_P[23])
                                                      0.146     5.445 f  fir_Qx/accumulator_reg0/DSP_OUTPUT_INST/P[23]
                         net (fo=25, routed)          0.550     5.994    fir_Qx/accumulator_reg_reg/A[9]
    DSP48E2_X7Y53        DSP_A_B_DATA (Prop_DSP_A_B_DATA_DSP48E2_A[9]_A_ALU[9])
                                                      0.265     6.259 r  fir_Qx/accumulator_reg_reg/DSP_A_B_DATA_INST/A_ALU[9]
                         net (fo=1, routed)           0.000     6.259    fir_Qx/accumulator_reg_reg/DSP_A_B_DATA.A_ALU<9>
    DSP48E2_X7Y53        DSP_ALU (Prop_DSP_ALU_DSP48E2_A_ALU[9]_ALU_OUT[27])
                                                      0.726     6.985 r  fir_Qx/accumulator_reg_reg/DSP_ALU_INST/ALU_OUT[27]
                         net (fo=1, routed)           0.000     6.985    fir_Qx/accumulator_reg_reg/DSP_ALU.ALU_OUT<27>
    DSP48E2_X7Y53        DSP_OUTPUT                                   r  fir_Qx/accumulator_reg_reg/DSP_OUTPUT_INST/ALU_OUT[27]
  -------------------------------------------------------------------    -------------------

                         (clock clk rise edge)        3.600     3.600 r  <hidden>
    E5                                                0.000     3.600 r  clk
                         net (fo=0)                   0.000     3.600    clk_IBUF_inst/I
    E5                   INBUF (Prop_INBUF_HPIOB_M_PAD_O)
                                                      0.274     3.874 r  clk_IBUF_inst/INBUF_INST/O
                         net (fo=1, routed)           0.000     3.874    clk_IBUF_inst/OUT
    E5                   IBUFCTRL (Prop_IBUFCTRL_HPIOB_M_I_O)
                                                      0.000     3.874 r  clk_IBUF_inst/IBUFCTRL_INST/O
                         net (fo=1, routed)           0.360     4.234    clk_IBUF
    BUFGCE_X0Y93         BUFGCE (Prop_BUFCE_BUFGCE_I_O)
                                                      0.039     4.273 r  clk_IBUF_BUFG_inst/O
    X1Y1 (CLOCK_ROOT)    net (fo=1037, routed)        2.245     6.518    fir_Qx/accumulator_reg_reg/CLK
    DSP48E2_X7Y53        DSP_OUTPUT                                   r  fir_Qx/accumulator_reg_reg/DSP_OUTPUT_INST/CLK
                         clock pessimism              0.499     7.017    <hidden>
                         clock uncertainty           -0.035     6.981    <hidden>
    DSP48E2_X7Y53        DSP_OUTPUT (Setup_DSP_OUTPUT_DSP48E2_CLK_ALU_OUT[27])
                                                      0.014     6.995    fir_Qx/accumulator_reg_reg/DSP_OUTPUT_INST
  -------------------------------------------------------------------
                         required time                          6.995    <hidden>
                         arrival time                          -6.985    <hidden>
  -------------------------------------------------------------------
                         slack                                  0.010    <hidden>

Slack (MET) :             0.010ns  (required time - arrival time)
  Source:                 fir_Qx/partial_sum_reg[3]/DSP_OUTPUT_INST/CLK
                            (rising edge-triggered cell DSP_OUTPUT clocked by clk  {rise@0.000ns fall@1.800ns period=3.600ns})
  Destination:            fir_Qx/accumulator_reg_reg/DSP_OUTPUT_INST/ALU_OUT[28]
                            (rising edge-triggered cell DSP_OUTPUT clocked by clk  {rise@0.000ns fall@1.800ns period=3.600ns})
  Path Group:             clk
  Path Type:              Setup (Max at Slow Process Corner)
  Requirement:            3.600ns  (clk rise@3.600ns - clk rise@0.000ns)
  Data Path Delay:        3.460ns  (logic 2.334ns (67.460%)  route 1.126ns (32.540%))
  Logic Levels:           5  (DSP_A_B_DATA=1 DSP_ALU=2 DSP_C_DATA=1 DSP_OUTPUT=1)
  Clock Path Skew:        -0.109ns (DCD - SCD + CPR)
    Destination Clock Delay (DCD):    2.918ns = ( 6.518 - 3.600 ) 
    Source Clock Delay      (SCD):    3.526ns
    Clock Pessimism Removal (CPR):    0.499ns
  Clock Uncertainty:      0.035ns  ((TSJ^2 + TIJ^2)^1/2 + DJ) / 2 + PE
    Total System Jitter     (TSJ):    0.071ns
    Total Input Jitter      (TIJ):    0.000ns
    Discrete Jitter          (DJ):    0.000ns
    Phase Error              (PE):    0.000ns
  Clock Net Delay (Source):      2.498ns (routing 1.343ns, distribution 1.155ns)
  Clock Net Delay (Destination): 2.245ns (routing 1.234ns, distribution 1.011ns)

    Location             Delay type                Incr(ns)  Path(ns)    Netlist Resource(s)
  -------------------------------------------------------------------    -------------------
                         (clock clk rise edge)        0.000     0.000 r  <hidden>
    E5                                                0.000     0.000 r  clk
                         net (fo=0)                   0.000     0.000    clk_IBUF_inst/I
    E5                   INBUF (Prop_INBUF_HPIOB_M_PAD_O)
                                                      0.524     0.524 r  clk_IBUF_inst/INBUF_INST/O
                         net (fo=1, routed)           0.000     0.524    clk_IBUF_inst/OUT
    E5                   IBUFCTRL (Prop_IBUFCTRL_HPIOB_M_I_O)
                                                      0.000     0.524 r  clk_IBUF_inst/IBUFCTRL_INST/O
                         net (fo=1, routed)           0.460     0.984    clk_IBUF
    BUFGCE_X0Y93         BUFGCE (Prop_BUFCE_BUFGCE_I_O)
                                                      0.044     1.028 r  clk_IBUF_BUFG_inst/O
    X1Y1 (CLOCK_ROOT)    net (fo=1037, routed)        2.498     3.526    fir_Qx/partial_sum_reg[3]/CLK
    DSP48E2_X10Y52       DSP_OUTPUT                                   r  fir_Qx/partial_sum_reg[3]/DSP_OUTPUT_INST/CLK
  -------------------------------------------------------------------    -------------------
    DSP48E2_X10Y52       DSP_OUTPUT (Prop_DSP_OUTPUT_DSP48E2_CLK_P[23])
                                                      0.276     3.802 r  fir_Qx/partial_sum_reg[3]/DSP_OUTPUT_INST/P[23]
                         net (fo=25, routed)          0.576     4.378    fir_Qx/accumulator_reg0/C[23]
    DSP48E2_X8Y52        DSP_C_DATA (Prop_DSP_C_DATA_DSP48E2_C[23]_C_DATA[23])
                                                      0.135     4.513 r  fir_Qx/accumulator_reg0/DSP_C_DATA_INST/C_DATA[23]
                         net (fo=2, routed)           0.000     4.513    fir_Qx/accumulator_reg0/DSP_C_DATA.C_DATA<23>
    DSP48E2_X8Y52        DSP_ALU (Prop_DSP_ALU_DSP48E2_C_DATA[23]_ALU_OUT[23])
                                                      0.786     5.299 r  fir_Qx/accumulator_reg0/DSP_ALU_INST/ALU_OUT[23]
                         net (fo=1, routed)           0.000     5.299    fir_Qx/accumulator_reg0/DSP_ALU.ALU_OUT<23>
    DSP48E2_X8Y52        DSP_OUTPUT (Prop_DSP_OUTPUT_DSP48E2_ALU_OUT[23]_P[23])
                                                      0.146     5.445 f  fir_Qx/accumulator_reg0/DSP_OUTPUT_INST/P[23]
                         net (fo=25, routed)          0.550     5.994    fir_Qx/accumulator_reg_reg/A[9]
    DSP48E2_X7Y53        DSP_A_B_DATA (Prop_DSP_A_B_DATA_DSP48E2_A[9]_A_ALU[9])
                                                      0.265     6.259 r  fir_Qx/accumulator_reg_reg/DSP_A_B_DATA_INST/A_ALU[9]
                         net (fo=1, routed)           0.000     6.259    fir_Qx/accumulator_reg_reg/DSP_A_B_DATA.A_ALU<9>
    DSP48E2_X7Y53        DSP_ALU (Prop_DSP_ALU_DSP48E2_A_ALU[9]_ALU_OUT[28])
                                                      0.726     6.985 r  fir_Qx/accumulator_reg_reg/DSP_ALU_INST/ALU_OUT[28]
                         net (fo=1, routed)           0.000     6.985    fir_Qx/accumulator_reg_reg/DSP_ALU.ALU_OUT<28>
    DSP48E2_X7Y53        DSP_OUTPUT                                   r  fir_Qx/accumulator_reg_reg/DSP_OUTPUT_INST/ALU_OUT[28]
  -------------------------------------------------------------------    -------------------

                         (clock clk rise edge)        3.600     3.600 r  <hidden>
    E5                                                0.000     3.600 r  clk
                         net (fo=0)                   0.000     3.600    clk_IBUF_inst/I
    E5                   INBUF (Prop_INBUF_HPIOB_M_PAD_O)
                                                      0.274     3.874 r  clk_IBUF_inst/INBUF_INST/O
                         net (fo=1, routed)           0.000     3.874    clk_IBUF_inst/OUT
    E5                   IBUFCTRL (Prop_IBUFCTRL_HPIOB_M_I_O)
                                                      0.000     3.874 r  clk_IBUF_inst/IBUFCTRL_INST/O
                         net (fo=1, routed)           0.360     4.234    clk_IBUF
    BUFGCE_X0Y93         BUFGCE (Prop_BUFCE_BUFGCE_I_O)
                                                      0.039     4.273 r  clk_IBUF_BUFG_inst/O
    X1Y1 (CLOCK_ROOT)    net (fo=1037, routed)        2.245     6.518    fir_Qx/accumulator_reg_reg/CLK
    DSP48E2_X7Y53        DSP_OUTPUT                                   r  fir_Qx/accumulator_reg_reg/DSP_OUTPUT_INST/CLK
                         clock pessimism              0.499     7.017    <hidden>
                         clock uncertainty           -0.035     6.981    <hidden>
    DSP48E2_X7Y53        DSP_OUTPUT (Setup_DSP_OUTPUT_DSP48E2_CLK_ALU_OUT[28])
                                                      0.014     6.995    fir_Qx/accumulator_reg_reg/DSP_OUTPUT_INST
  -------------------------------------------------------------------
                         required time                          6.995    <hidden>
                         arrival time                          -6.985    <hidden>
  -------------------------------------------------------------------
                         slack                                  0.010    <hidden>

Slack (MET) :             0.010ns  (required time - arrival time)
  Source:                 fir_Qx/partial_sum_reg[3]/DSP_OUTPUT_INST/CLK
                            (rising edge-triggered cell DSP_OUTPUT clocked by clk  {rise@0.000ns fall@1.800ns period=3.600ns})
  Destination:            fir_Qx/accumulator_reg_reg/DSP_OUTPUT_INST/ALU_OUT[29]
                            (rising edge-triggered cell DSP_OUTPUT clocked by clk  {rise@0.000ns fall@1.800ns period=3.600ns})
  Path Group:             clk
  Path Type:              Setup (Max at Slow Process Corner)
  Requirement:            3.600ns  (clk rise@3.600ns - clk rise@0.000ns)
  Data Path Delay:        3.460ns  (logic 2.334ns (67.460%)  route 1.126ns (32.540%))
  Logic Levels:           5  (DSP_A_B_DATA=1 DSP_ALU=2 DSP_C_DATA=1 DSP_OUTPUT=1)
  Clock Path Skew:        -0.109ns (DCD - SCD + CPR)
    Destination Clock Delay (DCD):    2.918ns = ( 6.518 - 3.600 ) 
    Source Clock Delay      (SCD):    3.526ns
    Clock Pessimism Removal (CPR):    0.499ns
  Clock Uncertainty:      0.035ns  ((TSJ^2 + TIJ^2)^1/2 + DJ) / 2 + PE
    Total System Jitter     (TSJ):    0.071ns
    Total Input Jitter      (TIJ):    0.000ns
    Discrete Jitter          (DJ):    0.000ns
    Phase Error              (PE):    0.000ns
  Clock Net Delay (Source):      2.498ns (routing 1.343ns, distribution 1.155ns)
  Clock Net Delay (Destination): 2.245ns (routing 1.234ns, distribution 1.011ns)

    Location             Delay type                Incr(ns)  Path(ns)    Netlist Resource(s)
  -------------------------------------------------------------------    -------------------
                         (clock clk rise edge)        0.000     0.000 r  <hidden>
    E5                                                0.000     0.000 r  clk
                         net (fo=0)                   0.000     0.000    clk_IBUF_inst/I
    E5                   INBUF (Prop_INBUF_HPIOB_M_PAD_O)
                                                      0.524     0.524 r  clk_IBUF_inst/INBUF_INST/O
                         net (fo=1, routed)           0.000     0.524    clk_IBUF_inst/OUT
    E5                   IBUFCTRL (Prop_IBUFCTRL_HPIOB_M_I_O)
                                                      0.000     0.524 r  clk_IBUF_inst/IBUFCTRL_INST/O
                         net (fo=1, routed)           0.460     0.984    clk_IBUF
    BUFGCE_X0Y93         BUFGCE (Prop_BUFCE_BUFGCE_I_O)
                                                      0.044     1.028 r  clk_IBUF_BUFG_inst/O
    X1Y1 (CLOCK_ROOT)    net (fo=1037, routed)        2.498     3.526    fir_Qx/partial_sum_reg[3]/CLK
    DSP48E2_X10Y52       DSP_OUTPUT                                   r  fir_Qx/partial_sum_reg[3]/DSP_OUTPUT_INST/CLK
  -------------------------------------------------------------------    -------------------
    DSP48E2_X10Y52       DSP_OUTPUT (Prop_DSP_OUTPUT_DSP48E2_CLK_P[23])
                                                      0.276     3.802 r  fir_Qx/partial_sum_reg[3]/DSP_OUTPUT_INST/P[23]
                         net (fo=25, routed)          0.576     4.378    fir_Qx/accumulator_reg0/C[23]
    DSP48E2_X8Y52        DSP_C_DATA (Prop_DSP_C_DATA_DSP48E2_C[23]_C_DATA[23])
                                                      0.135     4.513 r  fir_Qx/accumulator_reg0/DSP_C_DATA_INST/C_DATA[23]
                         net (fo=2, routed)           0.000     4.513    fir_Qx/accumulator_reg0/DSP_C_DATA.C_DATA<23>
    DSP48E2_X8Y52        DSP_ALU (Prop_DSP_ALU_DSP48E2_C_DATA[23]_ALU_OUT[23])
                                                      0.786     5.299 r  fir_Qx/accumulator_reg0/DSP_ALU_INST/ALU_OUT[23]
                         net (fo=1, routed)           0.000     5.299    fir_Qx/accumulator_reg0/DSP_ALU.ALU_OUT<23>
    DSP48E2_X8Y52        DSP_OUTPUT (Prop_DSP_OUTPUT_DSP48E2_ALU_OUT[23]_P[23])
                                                      0.146     5.445 f  fir_Qx/accumulator_reg0/DSP_OUTPUT_INST/P[23]
                         net (fo=25, routed)          0.550     5.994    fir_Qx/accumulator_reg_reg/A[9]
    DSP48E2_X7Y53        DSP_A_B_DATA (Prop_DSP_A_B_DATA_DSP48E2_A[9]_A_ALU[9])
                                                      0.265     6.259 r  fir_Qx/accumulator_reg_reg/DSP_A_B_DATA_INST/A_ALU[9]
                         net (fo=1, routed)           0.000     6.259    fir_Qx/accumulator_reg_reg/DSP_A_B_DATA.A_ALU<9>
    DSP48E2_X7Y53        DSP_ALU (Prop_DSP_ALU_DSP48E2_A_ALU[9]_ALU_OUT[29])
                                                      0.726     6.985 r  fir_Qx/accumulator_reg_reg/DSP_ALU_INST/ALU_OUT[29]
                         net (fo=1, routed)           0.000     6.985    fir_Qx/accumulator_reg_reg/DSP_ALU.ALU_OUT<29>
    DSP48E2_X7Y53        DSP_OUTPUT                                   r  fir_Qx/accumulator_reg_reg/DSP_OUTPUT_INST/ALU_OUT[29]
  -------------------------------------------------------------------    -------------------

                         (clock clk rise edge)        3.600     3.600 r  <hidden>
    E5                                                0.000     3.600 r  clk
                         net (fo=0)                   0.000     3.600    clk_IBUF_inst/I
    E5                   INBUF (Prop_INBUF_HPIOB_M_PAD_O)
                                                      0.274     3.874 r  clk_IBUF_inst/INBUF_INST/O
                         net (fo=1, routed)           0.000     3.874    clk_IBUF_inst/OUT
    E5                   IBUFCTRL (Prop_IBUFCTRL_HPIOB_M_I_O)
                                                      0.000     3.874 r  clk_IBUF_inst/IBUFCTRL_INST/O
                         net (fo=1, routed)           0.360     4.234    clk_IBUF
    BUFGCE_X0Y93         BUFGCE (Prop_BUFCE_BUFGCE_I_O)
                                                      0.039     4.273 r  clk_IBUF_BUFG_inst/O
    X1Y1 (CLOCK_ROOT)    net (fo=1037, routed)        2.245     6.518    fir_Qx/accumulator_reg_reg/CLK
    DSP48E2_X7Y53        DSP_OUTPUT                                   r  fir_Qx/accumulator_reg_reg/DSP_OUTPUT_INST/CLK
                         clock pessimism              0.499     7.017    <hidden>
                         clock uncertainty           -0.035     6.981    <hidden>
    DSP48E2_X7Y53        DSP_OUTPUT (Setup_DSP_OUTPUT_DSP48E2_CLK_ALU_OUT[29])
                                                      0.014     6.995    fir_Qx/accumulator_reg_reg/DSP_OUTPUT_INST
  -------------------------------------------------------------------
                         required time                          6.995    <hidden>
                         arrival time                          -6.985    <hidden>
  -------------------------------------------------------------------
                         slack                                  0.010    <hidden>

Slack (MET) :             0.010ns  (required time - arrival time)
  Source:                 fir_Qx/partial_sum_reg[3]/DSP_OUTPUT_INST/CLK
                            (rising edge-triggered cell DSP_OUTPUT clocked by clk  {rise@0.000ns fall@1.800ns period=3.600ns})
  Destination:            fir_Qx/accumulator_reg_reg/DSP_OUTPUT_INST/ALU_OUT[30]
                            (rising edge-triggered cell DSP_OUTPUT clocked by clk  {rise@0.000ns fall@1.800ns period=3.600ns})
  Path Group:             clk
  Path Type:              Setup (Max at Slow Process Corner)
  Requirement:            3.600ns  (clk rise@3.600ns - clk rise@0.000ns)
  Data Path Delay:        3.460ns  (logic 2.334ns (67.460%)  route 1.126ns (32.540%))
  Logic Levels:           5  (DSP_A_B_DATA=1 DSP_ALU=2 DSP_C_DATA=1 DSP_OUTPUT=1)
  Clock Path Skew:        -0.109ns (DCD - SCD + CPR)
    Destination Clock Delay (DCD):    2.918ns = ( 6.518 - 3.600 ) 
    Source Clock Delay      (SCD):    3.526ns
    Clock Pessimism Removal (CPR):    0.499ns
  Clock Uncertainty:      0.035ns  ((TSJ^2 + TIJ^2)^1/2 + DJ) / 2 + PE
    Total System Jitter     (TSJ):    0.071ns
    Total Input Jitter      (TIJ):    0.000ns
    Discrete Jitter          (DJ):    0.000ns
    Phase Error              (PE):    0.000ns
  Clock Net Delay (Source):      2.498ns (routing 1.343ns, distribution 1.155ns)
  Clock Net Delay (Destination): 2.245ns (routing 1.234ns, distribution 1.011ns)

    Location             Delay type                Incr(ns)  Path(ns)    Netlist Resource(s)
  -------------------------------------------------------------------    -------------------
                         (clock clk rise edge)        0.000     0.000 r  <hidden>
    E5                                                0.000     0.000 r  clk
                         net (fo=0)                   0.000     0.000    clk_IBUF_inst/I
    E5                   INBUF (Prop_INBUF_HPIOB_M_PAD_O)
                                                      0.524     0.524 r  clk_IBUF_inst/INBUF_INST/O
                         net (fo=1, routed)           0.000     0.524    clk_IBUF_inst/OUT
    E5                   IBUFCTRL (Prop_IBUFCTRL_HPIOB_M_I_O)
                                                      0.000     0.524 r  clk_IBUF_inst/IBUFCTRL_INST/O
                         net (fo=1, routed)           0.460     0.984    clk_IBUF
    BUFGCE_X0Y93         BUFGCE (Prop_BUFCE_BUFGCE_I_O)
                                                      0.044     1.028 r  clk_IBUF_BUFG_inst/O
    X1Y1 (CLOCK_ROOT)    net (fo=1037, routed)        2.498     3.526    fir_Qx/partial_sum_reg[3]/CLK
    DSP48E2_X10Y52       DSP_OUTPUT                                   r  fir_Qx/partial_sum_reg[3]/DSP_OUTPUT_INST/CLK
  -------------------------------------------------------------------    -------------------
    DSP48E2_X10Y52       DSP_OUTPUT (Prop_DSP_OUTPUT_DSP48E2_CLK_P[23])
                                                      0.276     3.802 r  fir_Qx/partial_sum_reg[3]/DSP_OUTPUT_INST/P[23]
                         net (fo=25, routed)          0.576     4.378    fir_Qx/accumulator_reg0/C[23]
    DSP48E2_X8Y52        DSP_C_DATA (Prop_DSP_C_DATA_DSP48E2_C[23]_C_DATA[23])
                                                      0.135     4.513 r  fir_Qx/accumulator_reg0/DSP_C_DATA_INST/C_DATA[23]
                         net (fo=2, routed)           0.000     4.513    fir_Qx/accumulator_reg0/DSP_C_DATA.C_DATA<23>
    DSP48E2_X8Y52        DSP_ALU (Prop_DSP_ALU_DSP48E2_C_DATA[23]_ALU_OUT[23])
                                                      0.786     5.299 r  fir_Qx/accumulator_reg0/DSP_ALU_INST/ALU_OUT[23]
                         net (fo=1, routed)           0.000     5.299    fir_Qx/accumulator_reg0/DSP_ALU.ALU_OUT<23>
    DSP48E2_X8Y52        DSP_OUTPUT (Prop_DSP_OUTPUT_DSP48E2_ALU_OUT[23]_P[23])
                                                      0.146     5.445 f  fir_Qx/accumulator_reg0/DSP_OUTPUT_INST/P[23]
                         net (fo=25, routed)          0.550     5.994    fir_Qx/accumulator_reg_reg/A[9]
    DSP48E2_X7Y53        DSP_A_B_DATA (Prop_DSP_A_B_DATA_DSP48E2_A[9]_A_ALU[9])
                                                      0.265     6.259 r  fir_Qx/accumulator_reg_reg/DSP_A_B_DATA_INST/A_ALU[9]
                         net (fo=1, routed)           0.000     6.259    fir_Qx/accumulator_reg_reg/DSP_A_B_DATA.A_ALU<9>
    DSP48E2_X7Y53        DSP_ALU (Prop_DSP_ALU_DSP48E2_A_ALU[9]_ALU_OUT[30])
                                                      0.726     6.985 r  fir_Qx/accumulator_reg_reg/DSP_ALU_INST/ALU_OUT[30]
                         net (fo=1, routed)           0.000     6.985    fir_Qx/accumulator_reg_reg/DSP_ALU.ALU_OUT<30>
    DSP48E2_X7Y53        DSP_OUTPUT                                   r  fir_Qx/accumulator_reg_reg/DSP_OUTPUT_INST/ALU_OUT[30]
  -------------------------------------------------------------------    -------------------

                         (clock clk rise edge)        3.600     3.600 r  <hidden>
    E5                                                0.000     3.600 r  clk
                         net (fo=0)                   0.000     3.600    clk_IBUF_inst/I
    E5                   INBUF (Prop_INBUF_HPIOB_M_PAD_O)
                                                      0.274     3.874 r  clk_IBUF_inst/INBUF_INST/O
                         net (fo=1, routed)           0.000     3.874    clk_IBUF_inst/OUT
    E5                   IBUFCTRL (Prop_IBUFCTRL_HPIOB_M_I_O)
                                                      0.000     3.874 r  clk_IBUF_inst/IBUFCTRL_INST/O
                         net (fo=1, routed)           0.360     4.234    clk_IBUF
    BUFGCE_X0Y93         BUFGCE (Prop_BUFCE_BUFGCE_I_O)
                                                      0.039     4.273 r  clk_IBUF_BUFG_inst/O
    X1Y1 (CLOCK_ROOT)    net (fo=1037, routed)        2.245     6.518    fir_Qx/accumulator_reg_reg/CLK
    DSP48E2_X7Y53        DSP_OUTPUT                                   r  fir_Qx/accumulator_reg_reg/DSP_OUTPUT_INST/CLK
                         clock pessimism              0.499     7.017    <hidden>
                         clock uncertainty           -0.035     6.981    <hidden>
    DSP48E2_X7Y53        DSP_OUTPUT (Setup_DSP_OUTPUT_DSP48E2_CLK_ALU_OUT[30])
                                                      0.014     6.995    fir_Qx/accumulator_reg_reg/DSP_OUTPUT_INST
  -------------------------------------------------------------------
                         required time                          6.995    <hidden>
                         arrival time                          -6.985    <hidden>
  -------------------------------------------------------------------
                         slack                                  0.010    <hidden>





Min Delay Paths
--------------------------------------------------------------------------------------
Slack (MET) :             0.044ns  (arrival time - required time)
  Source:                 fir_Ix/shift_reg_reg[5][2]/C
                            (rising edge-triggered cell FDRE clocked by clk  {rise@0.000ns fall@1.800ns period=3.600ns})
  Destination:            fir_Ix/shift_reg_reg[6][2]/D
                            (rising edge-triggered cell FDRE clocked by clk  {rise@0.000ns fall@1.800ns period=3.600ns})
  Path Group:             clk
  Path Type:              Hold (Min at Slow Process Corner)
  Requirement:            0.000ns  (clk rise@0.000ns - clk rise@0.000ns)
  Data Path Delay:        0.230ns  (logic 0.111ns (48.334%)  route 0.119ns (51.665%))
  Logic Levels:           0  
  Clock Path Skew:        0.084ns (DCD - SCD - CPR)
    Destination Clock Delay (DCD):    3.459ns
    Source Clock Delay      (SCD):    2.876ns
    Clock Pessimism Removal (CPR):    0.499ns
  Clock Net Delay (Source):      2.203ns (routing 1.234ns, distribution 0.969ns)
  Clock Net Delay (Destination): 2.431ns (routing 1.343ns, distribution 1.088ns)

    Location             Delay type                Incr(ns)  Path(ns)    Netlist Resource(s)
  -------------------------------------------------------------------    -------------------
                         (clock clk rise edge)        0.000     0.000 r  <hidden>
    E5                                                0.000     0.000 r  clk
                         net (fo=0)                   0.000     0.000    clk_IBUF_inst/I
    E5                   INBUF (Prop_INBUF_HPIOB_M_PAD_O)
                                                      0.274     0.274 r  clk_IBUF_inst/INBUF_INST/O
                         net (fo=1, routed)           0.000     0.274    clk_IBUF_inst/OUT
    E5                   IBUFCTRL (Prop_IBUFCTRL_HPIOB_M_I_O)
                                                      0.000     0.274 r  clk_IBUF_inst/IBUFCTRL_INST/O
                         net (fo=1, routed)           0.360     0.634    clk_IBUF
    BUFGCE_X0Y93         BUFGCE (Prop_BUFCE_BUFGCE_I_O)
                                                      0.039     0.673 r  clk_IBUF_BUFG_inst/O
    X1Y1 (CLOCK_ROOT)    net (fo=1037, routed)        2.203     2.876    fir_Ix/CLK
    SLICE_X34Y158        FDRE                                         r  fir_Ix/shift_reg_reg[5][2]/C
  -------------------------------------------------------------------    -------------------
    SLICE_X34Y158        FDRE (Prop_FFF_SLICEM_C_Q)
                                                      0.111     2.987 r  fir_Ix/shift_reg_reg[5][2]/Q
                         net (fo=2, routed)           0.119     3.105    fir_Ix/shift_reg_reg[5]_2[2]
    SLICE_X32Y158        FDRE                                         r  fir_Ix/shift_reg_reg[6][2]/D
  -------------------------------------------------------------------    -------------------

                         (clock clk rise edge)        0.000     0.000 r  <hidden>
    E5                                                0.000     0.000 r  clk
                         net (fo=0)                   0.000     0.000    clk_IBUF_inst/I
    E5                   INBUF (Prop_INBUF_HPIOB_M_PAD_O)
                                                      0.524     0.524 r  clk_IBUF_inst/INBUF_INST/O
                         net (fo=1, routed)           0.000     0.524    clk_IBUF_inst/OUT
    E5                   IBUFCTRL (Prop_IBUFCTRL_HPIOB_M_I_O)
                                                      0.000     0.524 r  clk_IBUF_inst/IBUFCTRL_INST/O
                         net (fo=1, routed)           0.460     0.984    clk_IBUF
    BUFGCE_X0Y93         BUFGCE (Prop_BUFCE_BUFGCE_I_O)
                                                      0.044     1.028 r  clk_IBUF_BUFG_inst/O
    X1Y1 (CLOCK_ROOT)    net (fo=1037, routed)        2.431     3.459    fir_Ix/CLK
    SLICE_X32Y158        FDRE                                         r  fir_Ix/shift_reg_reg[6][2]/C
                         clock pessimism             -0.499     2.959    <hidden>
    SLICE_X32Y158        FDRE (Hold_EFF2_SLICEM_C_D)
                                                      0.102     3.061    fir_Ix/shift_reg_reg[6][2]
  -------------------------------------------------------------------
                         required time                         -3.061    <hidden>
                         arrival time                           3.105    <hidden>
  -------------------------------------------------------------------
                         slack                                  0.044    <hidden>

Slack (MET) :             0.049ns  (arrival time - required time)
  Source:                 fir_Qy/shift_reg_reg[0][7]/C
                            (rising edge-triggered cell FDRE clocked by clk  {rise@0.000ns fall@1.800ns period=3.600ns})
  Destination:            fir_Qy/shift_reg_reg[1][7]/D
                            (rising edge-triggered cell FDRE clocked by clk  {rise@0.000ns fall@1.800ns period=3.600ns})
  Path Group:             clk
  Path Type:              Hold (Min at Slow Process Corner)
  Requirement:            0.000ns  (clk rise@0.000ns - clk rise@0.000ns)
  Data Path Delay:        0.254ns  (logic 0.114ns (44.828%)  route 0.140ns (55.172%))
  Logic Levels:           0  
  Clock Path Skew:        0.105ns (DCD - SCD - CPR)
    Destination Clock Delay (DCD):    3.458ns
    Source Clock Delay      (SCD):    2.858ns
    Clock Pessimism Removal (CPR):    0.496ns
  Clock Net Delay (Source):      2.185ns (routing 1.234ns, distribution 0.951ns)
  Clock Net Delay (Destination): 2.431ns (routing 1.343ns, distribution 1.088ns)

    Location             Delay type                Incr(ns)  Path(ns)    Netlist Resource(s)
  -------------------------------------------------------------------    -------------------
                         (clock clk rise edge)        0.000     0.000 r  <hidden>
    E5                                                0.000     0.000 r  clk
                         net (fo=0)                   0.000     0.000    clk_IBUF_inst/I
    E5                   INBUF (Prop_INBUF_HPIOB_M_PAD_O)
                                                      0.274     0.274 r  clk_IBUF_inst/INBUF_INST/O
                         net (fo=1, routed)           0.000     0.274    clk_IBUF_inst/OUT
    E5                   IBUFCTRL (Prop_IBUFCTRL_HPIOB_M_I_O)
                                                      0.000     0.274 r  clk_IBUF_inst/IBUFCTRL_INST/O
                         net (fo=1, routed)           0.360     0.634    clk_IBUF
    BUFGCE_X0Y93         BUFGCE (Prop_BUFCE_BUFGCE_I_O)
                                                      0.039     0.673 r  clk_IBUF_BUFG_inst/O
    X1Y1 (CLOCK_ROOT)    net (fo=1037, routed)        2.185     2.858    fir_Qy/CLK
    SLICE_X28Y106        FDRE                                         r  fir_Qy/shift_reg_reg[0][7]/C
  -------------------------------------------------------------------    -------------------
    SLICE_X28Y106        FDRE (Prop_EFF2_SLICEM_C_Q)
                                                      0.114     2.972 r  fir_Qy/shift_reg_reg[0][7]/Q
                         net (fo=65, routed)          0.140     3.112    fir_Qy/shift_reg_reg_n_0_[0][7]
    SLICE_X29Y106        FDRE                                         r  fir_Qy/shift_reg_reg[1][7]/D
  -------------------------------------------------------------------    -------------------

                         (clock clk rise edge)        0.000     0.000 r  <hidden>
    E5                                                0.000     0.000 r  clk
                         net (fo=0)                   0.000     0.000    clk_IBUF_inst/I
    E5                   INBUF (Prop_INBUF_HPIOB_M_PAD_O)
                                                      0.524     0.524 r  clk_IBUF_inst/INBUF_INST/O
                         net (fo=1, routed)           0.000     0.524    clk_IBUF_inst/OUT
    E5                   IBUFCTRL (Prop_IBUFCTRL_HPIOB_M_I_O)
                                                      0.000     0.524 r  clk_IBUF_inst/IBUFCTRL_INST/O
                         net (fo=1, routed)           0.460     0.984    clk_IBUF
    BUFGCE_X0Y93         BUFGCE (Prop_BUFCE_BUFGCE_I_O)
                                                      0.044     1.028 r  clk_IBUF_BUFG_inst/O
    X1Y1 (CLOCK_ROOT)    net (fo=1037, routed)        2.431     3.458    fir_Qy/CLK
    SLICE_X29Y106        FDRE                                         r  fir_Qy/shift_reg_reg[1][7]/C
                         clock pessimism             -0.496     2.962    <hidden>
    SLICE_X29Y106        FDRE (Hold_EFF_SLICEM_C_D)
                                                      0.101     3.063    fir_Qy/shift_reg_reg[1][7]
  -------------------------------------------------------------------
                         required time                         -3.063    <hidden>
                         arrival time                           3.112    <hidden>
  -------------------------------------------------------------------
                         slack                                  0.049    <hidden>

Slack (MET) :             0.057ns  (arrival time - required time)
  Source:                 fir_Ix/shift_reg_reg[6][2]/C
                            (rising edge-triggered cell FDRE clocked by clk  {rise@0.000ns fall@1.800ns period=3.600ns})
  Destination:            fir_Ix/shift_reg_reg[7][2]/D
                            (rising edge-triggered cell FDRE clocked by clk  {rise@0.000ns fall@1.800ns period=3.600ns})
  Path Group:             clk
  Path Type:              Hold (Min at Slow Process Corner)
  Requirement:            0.000ns  (clk rise@0.000ns - clk rise@0.000ns)
  Data Path Delay:        0.268ns  (logic 0.114ns (42.489%)  route 0.154ns (57.511%))
  Logic Levels:           0  
  Clock Path Skew:        0.110ns (DCD - SCD - CPR)
    Destination Clock Delay (DCD):    3.483ns
    Source Clock Delay      (SCD):    2.875ns
    Clock Pessimism Removal (CPR):    0.499ns
  Clock Net Delay (Source):      2.202ns (routing 1.234ns, distribution 0.968ns)
  Clock Net Delay (Destination): 2.456ns (routing 1.343ns, distribution 1.113ns)

    Location             Delay type                Incr(ns)  Path(ns)    Netlist Resource(s)
  -------------------------------------------------------------------    -------------------
                         (clock clk rise edge)        0.000     0.000 r  <hidden>
    E5                                                0.000     0.000 r  clk
                         net (fo=0)                   0.000     0.000    clk_IBUF_inst/I
    E5                   INBUF (Prop_INBUF_HPIOB_M_PAD_O)
                                                      0.274     0.274 r  clk_IBUF_inst/INBUF_INST/O
                         net (fo=1, routed)           0.000     0.274    clk_IBUF_inst/OUT
    E5                   IBUFCTRL (Prop_IBUFCTRL_HPIOB_M_I_O)
                                                      0.000     0.274 r  clk_IBUF_inst/IBUFCTRL_INST/O
                         net (fo=1, routed)           0.360     0.634    clk_IBUF
    BUFGCE_X0Y93         BUFGCE (Prop_BUFCE_BUFGCE_I_O)
                                                      0.039     0.673 r  clk_IBUF_BUFG_inst/O
    X1Y1 (CLOCK_ROOT)    net (fo=1037, routed)        2.202     2.875    fir_Ix/CLK
    SLICE_X32Y158        FDRE                                         r  fir_Ix/shift_reg_reg[6][2]/C
  -------------------------------------------------------------------    -------------------
    SLICE_X32Y158        FDRE (Prop_EFF2_SLICEM_C_Q)
                                                      0.114     2.989 r  fir_Ix/shift_reg_reg[6][2]/Q
                         net (fo=2, routed)           0.154     3.143    fir_Ix/shift_reg_reg[6]_3[2]
    SLICE_X31Y160        FDRE                                         r  fir_Ix/shift_reg_reg[7][2]/D
  -------------------------------------------------------------------    -------------------

                         (clock clk rise edge)        0.000     0.000 r  <hidden>
    E5                                                0.000     0.000 r  clk
                         net (fo=0)                   0.000     0.000    clk_IBUF_inst/I
    E5                   INBUF (Prop_INBUF_HPIOB_M_PAD_O)
                                                      0.524     0.524 r  clk_IBUF_inst/INBUF_INST/O
                         net (fo=1, routed)           0.000     0.524    clk_IBUF_inst/OUT
    E5                   IBUFCTRL (Prop_IBUFCTRL_HPIOB_M_I_O)
                                                      0.000     0.524 r  clk_IBUF_inst/IBUFCTRL_INST/O
                         net (fo=1, routed)           0.460     0.984    clk_IBUF
    BUFGCE_X0Y93         BUFGCE (Prop_BUFCE_BUFGCE_I_O)
                                                      0.044     1.028 r  clk_IBUF_BUFG_inst/O
    X1Y1 (CLOCK_ROOT)    net (fo=1037, routed)        2.456     3.483    fir_Ix/CLK
    SLICE_X31Y160        FDRE                                         r  fir_Ix/shift_reg_reg[7][2]/C
                         clock pessimism             -0.499     2.984    <hidden>
    SLICE_X31Y160        FDRE (Hold_CFF2_SLICEM_C_D)
                                                      0.102     3.086    fir_Ix/shift_reg_reg[7][2]
  -------------------------------------------------------------------
                         required time                         -3.086    <hidden>
                         arrival time                           3.143    <hidden>
  -------------------------------------------------------------------
                         slack                                  0.057    <hidden>

Slack (MET) :             0.058ns  (arrival time - required time)
  Source:                 fir_Qy/shift_reg_reg[8][5]/C
                            (rising edge-triggered cell FDRE clocked by clk  {rise@0.000ns fall@1.800ns period=3.600ns})
  Destination:            fir_Qy/shift_reg_reg[9][5]/D
                            (rising edge-triggered cell FDRE clocked by clk  {rise@0.000ns fall@1.800ns period=3.600ns})
  Path Group:             clk
  Path Type:              Hold (Min at Slow Process Corner)
  Requirement:            0.000ns  (clk rise@0.000ns - clk rise@0.000ns)
  Data Path Delay:        0.174ns  (logic 0.112ns (64.256%)  route 0.062ns (35.744%))
  Logic Levels:           0  
  Clock Path Skew:        0.013ns (DCD - SCD - CPR)
    Destination Clock Delay (DCD):    3.458ns
    Source Clock Delay      (SCD):    2.858ns
    Clock Pessimism Removal (CPR):    0.588ns
  Clock Net Delay (Source):      2.185ns (routing 1.234ns, distribution 0.951ns)
  Clock Net Delay (Destination): 2.431ns (routing 1.343ns, distribution 1.088ns)

    Location             Delay type                Incr(ns)  Path(ns)    Netlist Resource(s)
  -------------------------------------------------------------------    -------------------
                         (clock clk rise edge)        0.000     0.000 r  <hidden>
    E5                                                0.000     0.000 r  clk
                         net (fo=0)                   0.000     0.000    clk_IBUF_inst/I
    E5                   INBUF (Prop_INBUF_HPIOB_M_PAD_O)
                                                      0.274     0.274 r  clk_IBUF_inst/INBUF_INST/O
                         net (fo=1, routed)           0.000     0.274    clk_IBUF_inst/OUT
    E5                   IBUFCTRL (Prop_IBUFCTRL_HPIOB_M_I_O)
                                                      0.000     0.274 r  clk_IBUF_inst/IBUFCTRL_INST/O
                         net (fo=1, routed)           0.360     0.634    clk_IBUF
    BUFGCE_X0Y93         BUFGCE (Prop_BUFCE_BUFGCE_I_O)
                                                      0.039     0.673 r  clk_IBUF_BUFG_inst/O
    X1Y1 (CLOCK_ROOT)    net (fo=1037, routed)        2.185     2.858    fir_Qy/CLK
    SLICE_X30Y106        FDRE                                         r  fir_Qy/shift_reg_reg[8][5]/C
  -------------------------------------------------------------------    -------------------
    SLICE_X30Y106        FDRE (Prop_HFF_SLICEL_C_Q)
                                                      0.112     2.970 r  fir_Qy/shift_reg_reg[8][5]/Q
                         net (fo=2, routed)           0.062     3.032    fir_Qy/shift_reg_reg[8]_4[5]
    SLICE_X30Y106        FDRE                                         r  fir_Qy/shift_reg_reg[9][5]/D
  -------------------------------------------------------------------    -------------------

                         (clock clk rise edge)        0.000     0.000 r  <hidden>
    E5                                                0.000     0.000 r  clk
                         net (fo=0)                   0.000     0.000    clk_IBUF_inst/I
    E5                   INBUF (Prop_INBUF_HPIOB_M_PAD_O)
                                                      0.524     0.524 r  clk_IBUF_inst/INBUF_INST/O
                         net (fo=1, routed)           0.000     0.524    clk_IBUF_inst/OUT
    E5                   IBUFCTRL (Prop_IBUFCTRL_HPIOB_M_I_O)
                                                      0.000     0.524 r  clk_IBUF_inst/IBUFCTRL_INST/O
                         net (fo=1, routed)           0.460     0.984    clk_IBUF
    BUFGCE_X0Y93         BUFGCE (Prop_BUFCE_BUFGCE_I_O)
                                                      0.044     1.028 r  clk_IBUF_BUFG_inst/O
    X1Y1 (CLOCK_ROOT)    net (fo=1037, routed)        2.431     3.458    fir_Qy/CLK
    SLICE_X30Y106        FDRE                                         r  fir_Qy/shift_reg_reg[9][5]/C
                         clock pessimism             -0.588     2.871    <hidden>
    SLICE_X30Y106        FDRE (Hold_HFF2_SLICEL_C_D)
                                                      0.103     2.974    fir_Qy/shift_reg_reg[9][5]
  -------------------------------------------------------------------
                         required time                         -2.974    <hidden>
                         arrival time                           3.032    <hidden>
  -------------------------------------------------------------------
                         slack                                  0.058    <hidden>

Slack (MET) :             0.058ns  (arrival time - required time)
  Source:                 fir_Iy/shift_reg_reg[7][4]/C
                            (rising edge-triggered cell FDRE clocked by clk  {rise@0.000ns fall@1.800ns period=3.600ns})
  Destination:            fir_Iy/shift_reg_reg[8][4]/D
                            (rising edge-triggered cell FDRE clocked by clk  {rise@0.000ns fall@1.800ns period=3.600ns})
  Path Group:             clk
  Path Type:              Hold (Min at Slow Process Corner)
  Requirement:            0.000ns  (clk rise@0.000ns - clk rise@0.000ns)
  Data Path Delay:        0.174ns  (logic 0.112ns (64.256%)  route 0.062ns (35.744%))
  Logic Levels:           0  
  Clock Path Skew:        0.013ns (DCD - SCD - CPR)
    Destination Clock Delay (DCD):    3.514ns
    Source Clock Delay      (SCD):    2.902ns
    Clock Pessimism Removal (CPR):    0.599ns
  Clock Net Delay (Source):      2.230ns (routing 1.234ns, distribution 0.996ns)
  Clock Net Delay (Destination): 2.487ns (routing 1.343ns, distribution 1.144ns)

    Location             Delay type                Incr(ns)  Path(ns)    Netlist Resource(s)
  -------------------------------------------------------------------    -------------------
                         (clock clk rise edge)        0.000     0.000 r  <hidden>
    E5                                                0.000     0.000 r  clk
                         net (fo=0)                   0.000     0.000    clk_IBUF_inst/I
    E5                   INBUF (Prop_INBUF_HPIOB_M_PAD_O)
                                                      0.274     0.274 r  clk_IBUF_inst/INBUF_INST/O
                         net (fo=1, routed)           0.000     0.274    clk_IBUF_inst/OUT
    E5                   IBUFCTRL (Prop_IBUFCTRL_HPIOB_M_I_O)
                                                      0.000     0.274 r  clk_IBUF_inst/IBUFCTRL_INST/O
                         net (fo=1, routed)           0.360     0.634    clk_IBUF
    BUFGCE_X0Y93         BUFGCE (Prop_BUFCE_BUFGCE_I_O)
                                                      0.039     0.673 r  clk_IBUF_BUFG_inst/O
    X1Y1 (CLOCK_ROOT)    net (fo=1037, routed)        2.230     2.902    fir_Iy/CLK
    SLICE_X30Y145        FDRE                                         r  fir_Iy/shift_reg_reg[7][4]/C
  -------------------------------------------------------------------    -------------------
    SLICE_X30Y145        FDRE (Prop_HFF_SLICEL_C_Q)
                                                      0.112     3.014 r  fir_Iy/shift_reg_reg[7][4]/Q
                         net (fo=2, routed)           0.062     3.077    fir_Iy/shift_reg_reg[7][7]_0[4]
    SLICE_X30Y145        FDRE                                         r  fir_Iy/shift_reg_reg[8][4]/D
  -------------------------------------------------------------------    -------------------

                         (clock clk rise edge)        0.000     0.000 r  <hidden>
    E5                                                0.000     0.000 r  clk
                         net (fo=0)                   0.000     0.000    clk_IBUF_inst/I
    E5                   INBUF (Prop_INBUF_HPIOB_M_PAD_O)
                                                      0.524     0.524 r  clk_IBUF_inst/INBUF_INST/O
                         net (fo=1, routed)           0.000     0.524    clk_IBUF_inst/OUT
    E5                   IBUFCTRL (Prop_IBUFCTRL_HPIOB_M_I_O)
                                                      0.000     0.524 r  clk_IBUF_inst/IBUFCTRL_INST/O
                         net (fo=1, routed)           0.460     0.984    clk_IBUF
    BUFGCE_X0Y93         BUFGCE (Prop_BUFCE_BUFGCE_I_O)
                                                      0.044     1.028 r  clk_IBUF_BUFG_inst/O
    X1Y1 (CLOCK_ROOT)    net (fo=1037, routed)        2.487     3.514    fir_Iy/CLK
    SLICE_X30Y145        FDRE                                         r  fir_Iy/shift_reg_reg[8][4]/C
                         clock pessimism             -0.599     2.915    <hidden>
    SLICE_X30Y145        FDRE (Hold_HFF2_SLICEL_C_D)
                                                      0.103     3.018    fir_Iy/shift_reg_reg[8][4]
  -------------------------------------------------------------------
                         required time                         -3.018    <hidden>
                         arrival time                           3.077    <hidden>
  -------------------------------------------------------------------
                         slack                                  0.058    <hidden>

Slack (MET) :             0.058ns  (arrival time - required time)
  Source:                 fir_Qy/shift_reg_reg[8][3]/C
                            (rising edge-triggered cell FDRE clocked by clk  {rise@0.000ns fall@1.800ns period=3.600ns})
  Destination:            fir_Qy/shift_reg_reg[9][3]/D
                            (rising edge-triggered cell FDRE clocked by clk  {rise@0.000ns fall@1.800ns period=3.600ns})
  Path Group:             clk
  Path Type:              Hold (Min at Slow Process Corner)
  Requirement:            0.000ns  (clk rise@0.000ns - clk rise@0.000ns)
  Data Path Delay:        0.174ns  (logic 0.112ns (64.256%)  route 0.062ns (35.744%))
  Logic Levels:           0  
  Clock Path Skew:        0.013ns (DCD - SCD - CPR)
    Destination Clock Delay (DCD):    3.441ns
    Source Clock Delay      (SCD):    2.850ns
    Clock Pessimism Removal (CPR):    0.579ns
  Clock Net Delay (Source):      2.177ns (routing 1.234ns, distribution 0.943ns)
  Clock Net Delay (Destination): 2.414ns (routing 1.343ns, distribution 1.071ns)

    Location             Delay type                Incr(ns)  Path(ns)    Netlist Resource(s)
  -------------------------------------------------------------------    -------------------
                         (clock clk rise edge)        0.000     0.000 r  <hidden>
    E5                                                0.000     0.000 r  clk
                         net (fo=0)                   0.000     0.000    clk_IBUF_inst/I
    E5                   INBUF (Prop_INBUF_HPIOB_M_PAD_O)
                                                      0.274     0.274 r  clk_IBUF_inst/INBUF_INST/O
                         net (fo=1, routed)           0.000     0.274    clk_IBUF_inst/OUT
    E5                   IBUFCTRL (Prop_IBUFCTRL_HPIOB_M_I_O)
                                                      0.000     0.274 r  clk_IBUF_inst/IBUFCTRL_INST/O
                         net (fo=1, routed)           0.360     0.634    clk_IBUF
    BUFGCE_X0Y93         BUFGCE (Prop_BUFCE_BUFGCE_I_O)
                                                      0.039     0.673 r  clk_IBUF_BUFG_inst/O
    X1Y1 (CLOCK_ROOT)    net (fo=1037, routed)        2.177     2.850    fir_Qy/CLK
    SLICE_X30Y103        FDRE                                         r  fir_Qy/shift_reg_reg[8][3]/C
  -------------------------------------------------------------------    -------------------
    SLICE_X30Y103        FDRE (Prop_HFF_SLICEL_C_Q)
                                                      0.112     2.962 r  fir_Qy/shift_reg_reg[8][3]/Q
                         net (fo=2, routed)           0.062     3.024    fir_Qy/shift_reg_reg[8]_4[3]
    SLICE_X30Y103        FDRE                                         r  fir_Qy/shift_reg_reg[9][3]/D
  -------------------------------------------------------------------    -------------------

                         (clock clk rise edge)        0.000     0.000 r  <hidden>
    E5                                                0.000     0.000 r  clk
                         net (fo=0)                   0.000     0.000    clk_IBUF_inst/I
    E5                   INBUF (Prop_INBUF_HPIOB_M_PAD_O)
                                                      0.524     0.524 r  clk_IBUF_inst/INBUF_INST/O
                         net (fo=1, routed)           0.000     0.524    clk_IBUF_inst/OUT
    E5                   IBUFCTRL (Prop_IBUFCTRL_HPIOB_M_I_O)
                                                      0.000     0.524 r  clk_IBUF_inst/IBUFCTRL_INST/O
                         net (fo=1, routed)           0.460     0.984    clk_IBUF
    BUFGCE_X0Y93         BUFGCE (Prop_BUFCE_BUFGCE_I_O)
                                                      0.044     1.028 r  clk_IBUF_BUFG_inst/O
    X1Y1 (CLOCK_ROOT)    net (fo=1037, routed)        2.414     3.441    fir_Qy/CLK
    SLICE_X30Y103        FDRE                                         r  fir_Qy/shift_reg_reg[9][3]/C
                         clock pessimism             -0.579     2.863    <hidden>
    SLICE_X30Y103        FDRE (Hold_HFF2_SLICEL_C_D)
                                                      0.103     2.966    fir_Qy/shift_reg_reg[9][3]
  -------------------------------------------------------------------
                         required time                         -2.966    <hidden>
                         arrival time                           3.024    <hidden>
  -------------------------------------------------------------------
                         slack                                  0.058    <hidden>

Slack (MET) :             0.058ns  (arrival time - required time)
  Source:                 fir_Qy/shift_reg_reg[8][7]/C
                            (rising edge-triggered cell FDRE clocked by clk  {rise@0.000ns fall@1.800ns period=3.600ns})
  Destination:            fir_Qy/shift_reg_reg[9][7]/D
                            (rising edge-triggered cell FDRE clocked by clk  {rise@0.000ns fall@1.800ns period=3.600ns})
  Path Group:             clk
  Path Type:              Hold (Min at Slow Process Corner)
  Requirement:            0.000ns  (clk rise@0.000ns - clk rise@0.000ns)
  Data Path Delay:        0.174ns  (logic 0.112ns (64.256%)  route 0.062ns (35.744%))
  Logic Levels:           0  
  Clock Path Skew:        0.013ns (DCD - SCD - CPR)
    Destination Clock Delay (DCD):    3.472ns
    Source Clock Delay      (SCD):    2.863ns
    Clock Pessimism Removal (CPR):    0.596ns
  Clock Net Delay (Source):      2.190ns (routing 1.234ns, distribution 0.956ns)
  Clock Net Delay (Destination): 2.445ns (routing 1.343ns, distribution 1.102ns)

    Location             Delay type                Incr(ns)  Path(ns)    Netlist Resource(s)
  -------------------------------------------------------------------    -------------------
                         (clock clk rise edge)        0.000     0.000 r  <hidden>
    E5                                                0.000     0.000 r  clk
                         net (fo=0)                   0.000     0.000    clk_IBUF_inst/I
    E5                   INBUF (Prop_INBUF_HPIOB_M_PAD_O)
                                                      0.274     0.274 r  clk_IBUF_inst/INBUF_INST/O
                         net (fo=1, routed)           0.000     0.274    clk_IBUF_inst/OUT
    E5                   IBUFCTRL (Prop_IBUFCTRL_HPIOB_M_I_O)
                                                      0.000     0.274 r  clk_IBUF_inst/IBUFCTRL_INST/O
                         net (fo=1, routed)           0.360     0.634    clk_IBUF
    BUFGCE_X0Y93         BUFGCE (Prop_BUFCE_BUFGCE_I_O)
                                                      0.039     0.673 r  clk_IBUF_BUFG_inst/O
    X1Y1 (CLOCK_ROOT)    net (fo=1037, routed)        2.190     2.863    fir_Qy/CLK
    SLICE_X30Y105        FDRE                                         r  fir_Qy/shift_reg_reg[8][7]/C
  -------------------------------------------------------------------    -------------------
    SLICE_X30Y105        FDRE (Prop_HFF_SLICEL_C_Q)
                                                      0.112     2.975 r  fir_Qy/shift_reg_reg[8][7]/Q
                         net (fo=24, routed)          0.062     3.037    fir_Qy/shift_reg_reg[8]_4[7]
    SLICE_X30Y105        FDRE                                         r  fir_Qy/shift_reg_reg[9][7]/D
  -------------------------------------------------------------------    -------------------

                         (clock clk rise edge)        0.000     0.000 r  <hidden>
    E5                                                0.000     0.000 r  clk
                         net (fo=0)                   0.000     0.000    clk_IBUF_inst/I
    E5                   INBUF (Prop_INBUF_HPIOB_M_PAD_O)
                                                      0.524     0.524 r  clk_IBUF_inst/INBUF_INST/O
                         net (fo=1, routed)           0.000     0.524    clk_IBUF_inst/OUT
    E5                   IBUFCTRL (Prop_IBUFCTRL_HPIOB_M_I_O)
                                                      0.000     0.524 r  clk_IBUF_inst/IBUFCTRL_INST/O
                         net (fo=1, routed)           0.460     0.984    clk_IBUF
    BUFGCE_X0Y93         BUFGCE (Prop_BUFCE_BUFGCE_I_O)
                                                      0.044     1.028 r  clk_IBUF_BUFG_inst/O
    X1Y1 (CLOCK_ROOT)    net (fo=1037, routed)        2.445     3.472    fir_Qy/CLK
    SLICE_X30Y105        FDRE                                         r  fir_Qy/shift_reg_reg[9][7]/C
                         clock pessimism             -0.596     2.876    <hidden>
    SLICE_X30Y105        FDRE (Hold_HFF2_SLICEL_C_D)
                                                      0.103     2.979    fir_Qy/shift_reg_reg[9][7]
  -------------------------------------------------------------------
                         required time                         -2.979    <hidden>
                         arrival time                           3.037    <hidden>
  -------------------------------------------------------------------
                         slack                                  0.058    <hidden>

Slack (MET) :             0.065ns  (arrival time - required time)
  Source:                 fir_Ix/shift_reg_reg[12][5]/C
                            (rising edge-triggered cell FDRE clocked by clk  {rise@0.000ns fall@1.800ns period=3.600ns})
  Destination:            fir_Ix/shift_reg_reg[13][5]/D
                            (rising edge-triggered cell FDRE clocked by clk  {rise@0.000ns fall@1.800ns period=3.600ns})
  Path Group:             clk
  Path Type:              Hold (Min at Slow Process Corner)
  Requirement:            0.000ns  (clk rise@0.000ns - clk rise@0.000ns)
  Data Path Delay:        0.265ns  (logic 0.111ns (41.953%)  route 0.154ns (58.047%))
  Logic Levels:           0  
  Clock Path Skew:        0.099ns (DCD - SCD - CPR)
    Destination Clock Delay (DCD):    3.485ns
    Source Clock Delay      (SCD):    2.888ns
    Clock Pessimism Removal (CPR):    0.499ns
  Clock Net Delay (Source):      2.215ns (routing 1.234ns, distribution 0.981ns)
  Clock Net Delay (Destination): 2.458ns (routing 1.343ns, distribution 1.115ns)

    Location             Delay type                Incr(ns)  Path(ns)    Netlist Resource(s)
  -------------------------------------------------------------------    -------------------
                         (clock clk rise edge)        0.000     0.000 r  <hidden>
    E5                                                0.000     0.000 r  clk
                         net (fo=0)                   0.000     0.000    clk_IBUF_inst/I
    E5                   INBUF (Prop_INBUF_HPIOB_M_PAD_O)
                                                      0.274     0.274 r  clk_IBUF_inst/INBUF_INST/O
                         net (fo=1, routed)           0.000     0.274    clk_IBUF_inst/OUT
    E5                   IBUFCTRL (Prop_IBUFCTRL_HPIOB_M_I_O)
                                                      0.000     0.274 r  clk_IBUF_inst/IBUFCTRL_INST/O
                         net (fo=1, routed)           0.360     0.634    clk_IBUF
    BUFGCE_X0Y93         BUFGCE (Prop_BUFCE_BUFGCE_I_O)
                                                      0.039     0.673 r  clk_IBUF_BUFG_inst/O
    X1Y1 (CLOCK_ROOT)    net (fo=1037, routed)        2.215     2.888    fir_Ix/CLK
    SLICE_X31Y160        FDRE                                         r  fir_Ix/shift_reg_reg[12][5]/C
  -------------------------------------------------------------------    -------------------
    SLICE_X31Y160        FDRE (Prop_BFF_SLICEM_C_Q)
                                                      0.111     2.999 r  fir_Ix/shift_reg_reg[12][5]/Q
                         net (fo=2, routed)           0.154     3.152    fir_Ix/shift_reg_reg[12]_7[5]
    SLICE_X30Y160        FDRE                                         r  fir_Ix/shift_reg_reg[13][5]/D
  -------------------------------------------------------------------    -------------------

                         (clock clk rise edge)        0.000     0.000 r  <hidden>
    E5                                                0.000     0.000 r  clk
                         net (fo=0)                   0.000     0.000    clk_IBUF_inst/I
    E5                   INBUF (Prop_INBUF_HPIOB_M_PAD_O)
                                                      0.524     0.524 r  clk_IBUF_inst/INBUF_INST/O
                         net (fo=1, routed)           0.000     0.524    clk_IBUF_inst/OUT
    E5                   IBUFCTRL (Prop_IBUFCTRL_HPIOB_M_I_O)
                                                      0.000     0.524 r  clk_IBUF_inst/IBUFCTRL_INST/O
                         net (fo=1, routed)           0.460     0.984    clk_IBUF
    BUFGCE_X0Y93         BUFGCE (Prop_BUFCE_BUFGCE_I_O)
                                                      0.044     1.028 r  clk_IBUF_BUFG_inst/O
    X1Y1 (CLOCK_ROOT)    net (fo=1037, routed)        2.458     3.485    fir_Ix/CLK
    SLICE_X30Y160        FDRE                                         r  fir_Ix/shift_reg_reg[13][5]/C
                         clock pessimism             -0.499     2.986    <hidden>
    SLICE_X30Y160        FDRE (Hold_EFF_SLICEL_C_D)
                                                      0.101     3.087    fir_Ix/shift_reg_reg[13][5]
  -------------------------------------------------------------------
                         required time                         -3.087    <hidden>
                         arrival time                           3.152    <hidden>
  -------------------------------------------------------------------
                         slack                                  0.065    <hidden>

Slack (MET) :             0.067ns  (arrival time - required time)
  Source:                 fir_Iy/shift_reg_reg[7][6]/C
                            (rising edge-triggered cell FDRE clocked by clk  {rise@0.000ns fall@1.800ns period=3.600ns})
  Destination:            fir_Iy/shift_reg_reg[8][6]/D
                            (rising edge-triggered cell FDRE clocked by clk  {rise@0.000ns fall@1.800ns period=3.600ns})
  Path Group:             clk
  Path Type:              Hold (Min at Slow Process Corner)
  Requirement:            0.000ns  (clk rise@0.000ns - clk rise@0.000ns)
  Data Path Delay:        0.182ns  (logic 0.112ns (61.436%)  route 0.070ns (38.564%))
  Logic Levels:           0  
  Clock Path Skew:        0.012ns (DCD - SCD - CPR)
    Destination Clock Delay (DCD):    3.484ns
    Source Clock Delay      (SCD):    2.889ns
    Clock Pessimism Removal (CPR):    0.583ns
  Clock Net Delay (Source):      2.216ns (routing 1.234ns, distribution 0.982ns)
  Clock Net Delay (Destination): 2.456ns (routing 1.343ns, distribution 1.113ns)

    Location             Delay type                Incr(ns)  Path(ns)    Netlist Resource(s)
  -------------------------------------------------------------------    -------------------
                         (clock clk rise edge)        0.000     0.000 r  <hidden>
    E5                                                0.000     0.000 r  clk
                         net (fo=0)                   0.000     0.000    clk_IBUF_inst/I
    E5                   INBUF (Prop_INBUF_HPIOB_M_PAD_O)
                                                      0.274     0.274 r  clk_IBUF_inst/INBUF_INST/O
                         net (fo=1, routed)           0.000     0.274    clk_IBUF_inst/OUT
    E5                   IBUFCTRL (Prop_IBUFCTRL_HPIOB_M_I_O)
                                                      0.000     0.274 r  clk_IBUF_inst/IBUFCTRL_INST/O
                         net (fo=1, routed)           0.360     0.634    clk_IBUF
    BUFGCE_X0Y93         BUFGCE (Prop_BUFCE_BUFGCE_I_O)
                                                      0.039     0.673 r  clk_IBUF_BUFG_inst/O
    X1Y1 (CLOCK_ROOT)    net (fo=1037, routed)        2.216     2.889    fir_Iy/CLK
    SLICE_X31Y147        FDRE                                         r  fir_Iy/shift_reg_reg[7][6]/C
  -------------------------------------------------------------------    -------------------
    SLICE_X31Y147        FDRE (Prop_HFF_SLICEM_C_Q)
                                                      0.112     3.001 r  fir_Iy/shift_reg_reg[7][6]/Q
                         net (fo=2, routed)           0.070     3.071    fir_Iy/shift_reg_reg[7][7]_0[6]
    SLICE_X31Y147        FDRE                                         r  fir_Iy/shift_reg_reg[8][6]/D
  -------------------------------------------------------------------    -------------------

                         (clock clk rise edge)        0.000     0.000 r  <hidden>
    E5                                                0.000     0.000 r  clk
                         net (fo=0)                   0.000     0.000    clk_IBUF_inst/I
    E5                   INBUF (Prop_INBUF_HPIOB_M_PAD_O)
                                                      0.524     0.524 r  clk_IBUF_inst/INBUF_INST/O
                         net (fo=1, routed)           0.000     0.524    clk_IBUF_inst/OUT
    E5                   IBUFCTRL (Prop_IBUFCTRL_HPIOB_M_I_O)
                                                      0.000     0.524 r  clk_IBUF_inst/IBUFCTRL_INST/O
                         net (fo=1, routed)           0.460     0.984    clk_IBUF
    BUFGCE_X0Y93         BUFGCE (Prop_BUFCE_BUFGCE_I_O)
                                                      0.044     1.028 r  clk_IBUF_BUFG_inst/O
    X1Y1 (CLOCK_ROOT)    net (fo=1037, routed)        2.456     3.484    fir_Iy/CLK
    SLICE_X31Y147        FDRE                                         r  fir_Iy/shift_reg_reg[8][6]/C
                         clock pessimism             -0.583     2.901    <hidden>
    SLICE_X31Y147        FDRE (Hold_HFF2_SLICEM_C_D)
                                                      0.103     3.004    fir_Iy/shift_reg_reg[8][6]
  -------------------------------------------------------------------
                         required time                         -3.004    <hidden>
                         arrival time                           3.071    <hidden>
  -------------------------------------------------------------------
                         slack                                  0.067    <hidden>

Slack (MET) :             0.067ns  (arrival time - required time)
  Source:                 fir_Qy/shift_reg_reg[8][0]/C
                            (rising edge-triggered cell FDRE clocked by clk  {rise@0.000ns fall@1.800ns period=3.600ns})
  Destination:            fir_Qy/shift_reg_reg[9][0]/D
                            (rising edge-triggered cell FDRE clocked by clk  {rise@0.000ns fall@1.800ns period=3.600ns})
  Path Group:             clk
  Path Type:              Hold (Min at Slow Process Corner)
  Requirement:            0.000ns  (clk rise@0.000ns - clk rise@0.000ns)
  Data Path Delay:        0.182ns  (logic 0.112ns (61.436%)  route 0.070ns (38.564%))
  Logic Levels:           0  
  Clock Path Skew:        0.012ns (DCD - SCD - CPR)
    Destination Clock Delay (DCD):    3.438ns
    Source Clock Delay      (SCD):    2.848ns
    Clock Pessimism Removal (CPR):    0.579ns
  Clock Net Delay (Source):      2.175ns (routing 1.234ns, distribution 0.941ns)
  Clock Net Delay (Destination): 2.411ns (routing 1.343ns, distribution 1.068ns)

    Location             Delay type                Incr(ns)  Path(ns)    Netlist Resource(s)
  -------------------------------------------------------------------    -------------------
                         (clock clk rise edge)        0.000     0.000 r  <hidden>
    E5                                                0.000     0.000 r  clk
                         net (fo=0)                   0.000     0.000    clk_IBUF_inst/I
    E5                   INBUF (Prop_INBUF_HPIOB_M_PAD_O)
                                                      0.274     0.274 r  clk_IBUF_inst/INBUF_INST/O
                         net (fo=1, routed)           0.000     0.274    clk_IBUF_inst/OUT
    E5                   IBUFCTRL (Prop_IBUFCTRL_HPIOB_M_I_O)
                                                      0.000     0.274 r  clk_IBUF_inst/IBUFCTRL_INST/O
                         net (fo=1, routed)           0.360     0.634    clk_IBUF
    BUFGCE_X0Y93         BUFGCE (Prop_BUFCE_BUFGCE_I_O)
                                                      0.039     0.673 r  clk_IBUF_BUFG_inst/O
    X1Y1 (CLOCK_ROOT)    net (fo=1037, routed)        2.175     2.848    fir_Qy/CLK
    SLICE_X31Y105        FDRE                                         r  fir_Qy/shift_reg_reg[8][0]/C
  -------------------------------------------------------------------    -------------------
    SLICE_X31Y105        FDRE (Prop_HFF_SLICEM_C_Q)
                                                      0.112     2.960 r  fir_Qy/shift_reg_reg[8][0]/Q
                         net (fo=2, routed)           0.070     3.030    fir_Qy/shift_reg_reg[8]_4[0]
    SLICE_X31Y105        FDRE                                         r  fir_Qy/shift_reg_reg[9][0]/D
  -------------------------------------------------------------------    -------------------

                         (clock clk rise edge)        0.000     0.000 r  <hidden>
    E5                                                0.000     0.000 r  clk
                         net (fo=0)                   0.000     0.000    clk_IBUF_inst/I
    E5                   INBUF (Prop_INBUF_HPIOB_M_PAD_O)
                                                      0.524     0.524 r  clk_IBUF_inst/INBUF_INST/O
                         net (fo=1, routed)           0.000     0.524    clk_IBUF_inst/OUT
    E5                   IBUFCTRL (Prop_IBUFCTRL_HPIOB_M_I_O)
                                                      0.000     0.524 r  clk_IBUF_inst/IBUFCTRL_INST/O
                         net (fo=1, routed)           0.460     0.984    clk_IBUF
    BUFGCE_X0Y93         BUFGCE (Prop_BUFCE_BUFGCE_I_O)
                                                      0.044     1.028 r  clk_IBUF_BUFG_inst/O
    X1Y1 (CLOCK_ROOT)    net (fo=1037, routed)        2.411     3.438    fir_Qy/CLK
    SLICE_X31Y105        FDRE                                         r  fir_Qy/shift_reg_reg[9][0]/C
                         clock pessimism             -0.579     2.860    <hidden>
    SLICE_X31Y105        FDRE (Hold_HFF2_SLICEM_C_D)
                                                      0.103     2.963    fir_Qy/shift_reg_reg[9][0]
  -------------------------------------------------------------------
                         required time                         -2.963    <hidden>
                         arrival time                           3.030    <hidden>
  -------------------------------------------------------------------
                         slack                                  0.067    <hidden>





Pulse Width Checks
--------------------------------------------------------------------------------------
Clock Name:         clk
Waveform(ns):       { 0.000 1.800 }
Period(ns):         3.600
Sources:            { clk }

Check Type        Corner  Lib Pin         Reference Pin  Required(ns)  Actual(ns)  Slack(ns)  Location       Pin
Min Period        n/a     BUFGCE/I        n/a            1.379         3.600       2.221      BUFGCE_X0Y93   clk_IBUF_BUFG_inst/I
Min Period        n/a     DSP_OUTPUT/CLK  n/a            0.850         3.600       2.750      DSP48E2_X9Y66  fir_Ix/accumulator_reg_reg/DSP_OUTPUT_INST/CLK
Min Period        n/a     DSP_OUTPUT/CLK  n/a            0.850         3.600       2.750      DSP48E2_X9Y65  fir_Ix/partial_sum_reg[1]/DSP_OUTPUT_INST/CLK
Min Period        n/a     DSP_OUTPUT/CLK  n/a            0.850         3.600       2.750      DSP48E2_X8Y65  fir_Ix/partial_sum_reg[2]/DSP_OUTPUT_INST/CLK
Min Period        n/a     DSP_OUTPUT/CLK  n/a            0.850         3.600       2.750      DSP48E2_X7Y68  fir_Ix/partial_sum_reg[3]/DSP_OUTPUT_INST/CLK
Min Period        n/a     DSP_OUTPUT/CLK  n/a            0.850         3.600       2.750      DSP48E2_X8Y62  fir_Ix/product_reg_reg[10]/DSP_OUTPUT_INST/CLK
Min Period        n/a     DSP_OUTPUT/CLK  n/a            0.850         3.600       2.750      DSP48E2_X7Y65  fir_Ix/product_reg_reg[14]/DSP_OUTPUT_INST/CLK
Min Period        n/a     DSP_OUTPUT/CLK  n/a            0.850         3.600       2.750      DSP48E2_X7Y62  fir_Ix/product_reg_reg[2]/DSP_OUTPUT_INST/CLK
Min Period        n/a     DSP_OUTPUT/CLK  n/a            0.850         3.600       2.750      DSP48E2_X9Y62  fir_Ix/product_reg_reg[7]/DSP_OUTPUT_INST/CLK
Min Period        n/a     DSP_OUTPUT/CLK  n/a            0.850         3.600       2.750      DSP48E2_X7Y61  fir_Iy/accumulator_reg_reg/DSP_OUTPUT_INST/CLK
Low Pulse Width   Slow    FDRE/C          n/a            0.275         1.800       1.525      SLICE_X34Y169  fir_Ix/sample_out_reg[0]/C
Low Pulse Width   Fast    FDRE/C          n/a            0.275         1.800       1.525      SLICE_X34Y169  fir_Ix/sample_out_reg[0]/C
Low Pulse Width   Slow    FDRE/C          n/a            0.275         1.800       1.525      SLICE_X34Y167  fir_Ix/sample_out_reg[10]/C
Low Pulse Width   Fast    FDRE/C          n/a            0.275         1.800       1.525      SLICE_X34Y167  fir_Ix/sample_out_reg[10]/C
Low Pulse Width   Slow    FDRE/C          n/a            0.275         1.800       1.525      SLICE_X34Y167  fir_Ix/sample_out_reg[11]/C
Low Pulse Width   Fast    FDRE/C          n/a            0.275         1.800       1.525      SLICE_X34Y167  fir_Ix/sample_out_reg[11]/C
Low Pulse Width   Slow    FDRE/C          n/a            0.275         1.800       1.525      SLICE_X34Y167  fir_Ix/sample_out_reg[12]/C
Low Pulse Width   Fast    FDRE/C          n/a            0.275         1.800       1.525      SLICE_X34Y167  fir_Ix/sample_out_reg[12]/C
Low Pulse Width   Slow    FDRE/C          n/a            0.275         1.800       1.525      SLICE_X34Y167  fir_Ix/sample_out_reg[13]/C
Low Pulse Width   Fast    FDRE/C          n/a            0.275         1.800       1.525      SLICE_X34Y167  fir_Ix/sample_out_reg[13]/C
High Pulse Width  Slow    FDRE/C          n/a            0.275         1.800       1.525      SLICE_X34Y169  fir_Ix/sample_out_reg[0]/C
High Pulse Width  Fast    FDRE/C          n/a            0.275         1.800       1.525      SLICE_X34Y169  fir_Ix/sample_out_reg[0]/C
High Pulse Width  Slow    FDRE/C          n/a            0.275         1.800       1.525      SLICE_X34Y167  fir_Ix/sample_out_reg[10]/C
High Pulse Width  Fast    FDRE/C          n/a            0.275         1.800       1.525      SLICE_X34Y167  fir_Ix/sample_out_reg[10]/C
High Pulse Width  Slow    FDRE/C          n/a            0.275         1.800       1.525      SLICE_X34Y167  fir_Ix/sample_out_reg[11]/C
High Pulse Width  Fast    FDRE/C          n/a            0.275         1.800       1.525      SLICE_X34Y167  fir_Ix/sample_out_reg[11]/C
High Pulse Width  Slow    FDRE/C          n/a            0.275         1.800       1.525      SLICE_X34Y167  fir_Ix/sample_out_reg[12]/C
High Pulse Width  Fast    FDRE/C          n/a            0.275         1.800       1.525      SLICE_X34Y167  fir_Ix/sample_out_reg[12]/C
High Pulse Width  Slow    FDRE/C          n/a            0.275         1.800       1.525      SLICE_X34Y167  fir_Ix/sample_out_reg[13]/C
High Pulse Width  Fast    FDRE/C          n/a            0.275         1.800       1.525      SLICE_X34Y167  fir_Ix/sample_out_reg[13]/C



--------------------------------------------------------------------------------------
Path Group:  (none)
From Clock:  clk
  To Clock:  

Max Delay            73 Endpoints
Min Delay            73 Endpoints
--------------------------------------------------------------------------------------


Max Delay Paths
--------------------------------------------------------------------------------------
Slack:                    inf
  Source:                 fir_Qy/sample_out_reg[5]/C
                            (rising edge-triggered cell FDRE clocked by clk  {rise@0.000ns fall@1.800ns period=3.600ns})
  Destination:            Qy_out[5]
                            (output port)
  Path Group:             (none)
  Path Type:              Max at Slow Process Corner
  Data Path Delay:        3.513ns  (logic 1.039ns (29.582%)  route 2.474ns (70.418%))
  Logic Levels:           1  (OBUF=1)
  Clock Uncertainty:      0.025ns  ((TSJ^2 + TIJ^2)^1/2 + DJ) / 2 + PE
    Total System Jitter     (TSJ):    0.050ns
    Total Input Jitter      (TIJ):    0.000ns
    Discrete Jitter          (DJ):    0.000ns
    Phase Error              (PE):    0.000ns
  Clock Net Delay (Source):      2.425ns (routing 1.343ns, distribution 1.082ns)

    Location             Delay type                Incr(ns)  Path(ns)    Netlist Resource(s)
  -------------------------------------------------------------------    -------------------
                         (clock clk rise edge)        0.000     0.000 r  <hidden>
    E5                                                0.000     0.000 r  clk
                         net (fo=0)                   0.000     0.000    clk_IBUF_inst/I
    E5                   INBUF (Prop_INBUF_HPIOB_M_PAD_O)
                                                      0.524     0.524 r  clk_IBUF_inst/INBUF_INST/O
                         net (fo=1, routed)           0.000     0.524    clk_IBUF_inst/OUT
    E5                   IBUFCTRL (Prop_IBUFCTRL_HPIOB_M_I_O)
                                                      0.000     0.524 r  clk_IBUF_inst/IBUFCTRL_INST/O
                         net (fo=1, routed)           0.460     0.984    clk_IBUF
    BUFGCE_X0Y93         BUFGCE (Prop_BUFCE_BUFGCE_I_O)
                                                      0.044     1.028 r  clk_IBUF_BUFG_inst/O
    X1Y1 (CLOCK_ROOT)    net (fo=1037, routed)        2.425     3.452    fir_Qy/CLK
    SLICE_X30Y106        FDRE                                         r  fir_Qy/sample_out_reg[5]/C
  -------------------------------------------------------------------    -------------------
    SLICE_X30Y106        FDRE (Prop_CFF_SLICEL_C_Q)
                                                      0.114     3.566 r  fir_Qy/sample_out_reg[5]/Q
                         net (fo=1, routed)           2.474     6.040    Qy_out_OBUF[5]
    AG8                  OBUF (Prop_OUTBUF_HPIOB_S_I_O)
                                                      0.925     6.966 r  Qy_out_OBUF[5]_inst/O
                         net (fo=0)                   0.000     6.966    Qy_out[5]
    AG8                                                               r  Qy_out[5]
  -------------------------------------------------------------------    -------------------

Slack:                    inf
  Source:                 fir_Qy/sample_out_reg[14]/C
                            (rising edge-triggered cell FDRE clocked by clk  {rise@0.000ns fall@1.800ns period=3.600ns})
  Destination:            Qy_out[14]
                            (output port)
  Path Group:             (none)
  Path Type:              Max at Slow Process Corner
  Data Path Delay:        3.504ns  (logic 1.003ns (28.628%)  route 2.501ns (71.372%))
  Logic Levels:           1  (OBUF=1)
  Clock Uncertainty:      0.025ns  ((TSJ^2 + TIJ^2)^1/2 + DJ) / 2 + PE
    Total System Jitter     (TSJ):    0.050ns
    Total Input Jitter      (TIJ):    0.000ns
    Discrete Jitter          (DJ):    0.000ns
    Phase Error              (PE):    0.000ns
  Clock Net Delay (Source):      2.424ns (routing 1.343ns, distribution 1.081ns)

    Location             Delay type                Incr(ns)  Path(ns)    Netlist Resource(s)
  -------------------------------------------------------------------    -------------------
                         (clock clk rise edge)        0.000     0.000 r  <hidden>
    E5                                                0.000     0.000 r  clk
                         net (fo=0)                   0.000     0.000    clk_IBUF_inst/I
    E5                   INBUF (Prop_INBUF_HPIOB_M_PAD_O)
                                                      0.524     0.524 r  clk_IBUF_inst/INBUF_INST/O
                         net (fo=1, routed)           0.000     0.524    clk_IBUF_inst/OUT
    E5                   IBUFCTRL (Prop_IBUFCTRL_HPIOB_M_I_O)
                                                      0.000     0.524 r  clk_IBUF_inst/IBUFCTRL_INST/O
                         net (fo=1, routed)           0.460     0.984    clk_IBUF
    BUFGCE_X0Y93         BUFGCE (Prop_BUFCE_BUFGCE_I_O)
                                                      0.044     1.028 r  clk_IBUF_BUFG_inst/O
    X1Y1 (CLOCK_ROOT)    net (fo=1037, routed)        2.424     3.451    fir_Qy/CLK
    SLICE_X28Y107        FDRE                                         r  fir_Qy/sample_out_reg[14]/C
  -------------------------------------------------------------------    -------------------
    SLICE_X28Y107        FDRE (Prop_AFF_SLICEM_C_Q)
                                                      0.113     3.564 r  fir_Qy/sample_out_reg[14]/Q
                         net (fo=1, routed)           2.501     6.065    Qy_out_OBUF[14]
    AE9                  OBUF (Prop_OUTBUF_HPIOB_M_I_O)
                                                      0.890     6.956 r  Qy_out_OBUF[14]_inst/O
                         net (fo=0)                   0.000     6.956    Qy_out[14]
    AE9                                                               r  Qy_out[14]
  -------------------------------------------------------------------    -------------------

Slack:                    inf
  Source:                 fir_Qy/sample_out_reg[1]/C
                            (rising edge-triggered cell FDRE clocked by clk  {rise@0.000ns fall@1.800ns period=3.600ns})
  Destination:            Qy_out[1]
                            (output port)
  Path Group:             (none)
  Path Type:              Max at Slow Process Corner
  Data Path Delay:        3.478ns  (logic 1.033ns (29.705%)  route 2.445ns (70.295%))
  Logic Levels:           1  (OBUF=1)
  Clock Uncertainty:      0.025ns  ((TSJ^2 + TIJ^2)^1/2 + DJ) / 2 + PE
    Total System Jitter     (TSJ):    0.050ns
    Total Input Jitter      (TIJ):    0.000ns
    Discrete Jitter          (DJ):    0.000ns
    Phase Error              (PE):    0.000ns
  Clock Net Delay (Source):      2.445ns (routing 1.343ns, distribution 1.102ns)

    Location             Delay type                Incr(ns)  Path(ns)    Netlist Resource(s)
  -------------------------------------------------------------------    -------------------
                         (clock clk rise edge)        0.000     0.000 r  <hidden>
    E5                                                0.000     0.000 r  clk
                         net (fo=0)                   0.000     0.000    clk_IBUF_inst/I
    E5                   INBUF (Prop_INBUF_HPIOB_M_PAD_O)
                                                      0.524     0.524 r  clk_IBUF_inst/INBUF_INST/O
                         net (fo=1, routed)           0.000     0.524    clk_IBUF_inst/OUT
    E5                   IBUFCTRL (Prop_IBUFCTRL_HPIOB_M_I_O)
                                                      0.000     0.524 r  clk_IBUF_inst/IBUFCTRL_INST/O
                         net (fo=1, routed)           0.460     0.984    clk_IBUF
    BUFGCE_X0Y93         BUFGCE (Prop_BUFCE_BUFGCE_I_O)
                                                      0.044     1.028 r  clk_IBUF_BUFG_inst/O
    X1Y1 (CLOCK_ROOT)    net (fo=1037, routed)        2.445     3.472    fir_Qy/CLK
    SLICE_X29Y105        FDRE                                         r  fir_Qy/sample_out_reg[1]/C
  -------------------------------------------------------------------    -------------------
    SLICE_X29Y105        FDRE (Prop_EFF_SLICEM_C_Q)
                                                      0.113     3.585 r  fir_Qy/sample_out_reg[1]/Q
                         net (fo=1, routed)           2.445     6.030    Qy_out_OBUF[1]
    AG5                  OBUF (Prop_OUTBUF_HPIOB_S_I_O)
                                                      0.920     6.950 r  Qy_out_OBUF[1]_inst/O
                         net (fo=0)                   0.000     6.950    Qy_out[1]
    AG5                                                               r  Qy_out[1]
  -------------------------------------------------------------------    -------------------

Slack:                    inf
  Source:                 fir_Qy/sample_out_reg[13]/C
                            (rising edge-triggered cell FDRE clocked by clk  {rise@0.000ns fall@1.800ns period=3.600ns})
  Destination:            Qy_out[13]
                            (output port)
  Path Group:             (none)
  Path Type:              Max at Slow Process Corner
  Data Path Delay:        3.490ns  (logic 0.994ns (28.472%)  route 2.496ns (71.528%))
  Logic Levels:           1  (OBUF=1)
  Clock Uncertainty:      0.025ns  ((TSJ^2 + TIJ^2)^1/2 + DJ) / 2 + PE
    Total System Jitter     (TSJ):    0.050ns
    Total Input Jitter      (TIJ):    0.000ns
    Discrete Jitter          (DJ):    0.000ns
    Phase Error              (PE):    0.000ns
  Clock Net Delay (Source):      2.425ns (routing 1.343ns, distribution 1.082ns)

    Location             Delay type                Incr(ns)  Path(ns)    Netlist Resource(s)
  -------------------------------------------------------------------    -------------------
                         (clock clk rise edge)        0.000     0.000 r  <hidden>
    E5                                                0.000     0.000 r  clk
                         net (fo=0)                   0.000     0.000    clk_IBUF_inst/I
    E5                   INBUF (Prop_INBUF_HPIOB_M_PAD_O)
                                                      0.524     0.524 r  clk_IBUF_inst/INBUF_INST/O
                         net (fo=1, routed)           0.000     0.524    clk_IBUF_inst/OUT
    E5                   IBUFCTRL (Prop_IBUFCTRL_HPIOB_M_I_O)
                                                      0.000     0.524 r  clk_IBUF_inst/IBUFCTRL_INST/O
                         net (fo=1, routed)           0.460     0.984    clk_IBUF
    BUFGCE_X0Y93         BUFGCE (Prop_BUFCE_BUFGCE_I_O)
                                                      0.044     1.028 r  clk_IBUF_BUFG_inst/O
    X1Y1 (CLOCK_ROOT)    net (fo=1037, routed)        2.425     3.452    fir_Qy/CLK
    SLICE_X30Y106        FDRE                                         r  fir_Qy/sample_out_reg[13]/C
  -------------------------------------------------------------------    -------------------
    SLICE_X30Y106        FDRE (Prop_BFF2_SLICEL_C_Q)
                                                      0.115     3.567 r  fir_Qy/sample_out_reg[13]/Q
                         net (fo=1, routed)           2.496     6.063    Qy_out_OBUF[13]
    AC8                  OBUF (Prop_OUTBUF_HPIOB_S_I_O)
                                                      0.879     6.942 r  Qy_out_OBUF[13]_inst/O
                         net (fo=0)                   0.000     6.942    Qy_out[13]
    AC8                                                               r  Qy_out[13]
  -------------------------------------------------------------------    -------------------

Slack:                    inf
  Source:                 fir_Qy/sample_out_reg[8]/C
                            (rising edge-triggered cell FDRE clocked by clk  {rise@0.000ns fall@1.800ns period=3.600ns})
  Destination:            Qy_out[8]
                            (output port)
  Path Group:             (none)
  Path Type:              Max at Slow Process Corner
  Data Path Delay:        3.353ns  (logic 0.995ns (29.665%)  route 2.358ns (70.335%))
  Logic Levels:           1  (OBUF=1)
  Clock Uncertainty:      0.025ns  ((TSJ^2 + TIJ^2)^1/2 + DJ) / 2 + PE
    Total System Jitter     (TSJ):    0.050ns
    Total Input Jitter      (TIJ):    0.000ns
    Discrete Jitter          (DJ):    0.000ns
    Phase Error              (PE):    0.000ns
  Clock Net Delay (Source):      2.445ns (routing 1.343ns, distribution 1.102ns)

    Location             Delay type                Incr(ns)  Path(ns)    Netlist Resource(s)
  -------------------------------------------------------------------    -------------------
                         (clock clk rise edge)        0.000     0.000 r  <hidden>
    E5                                                0.000     0.000 r  clk
                         net (fo=0)                   0.000     0.000    clk_IBUF_inst/I
    E5                   INBUF (Prop_INBUF_HPIOB_M_PAD_O)
                                                      0.524     0.524 r  clk_IBUF_inst/INBUF_INST/O
                         net (fo=1, routed)           0.000     0.524    clk_IBUF_inst/OUT
    E5                   IBUFCTRL (Prop_IBUFCTRL_HPIOB_M_I_O)
                                                      0.000     0.524 r  clk_IBUF_inst/IBUFCTRL_INST/O
                         net (fo=1, routed)           0.460     0.984    clk_IBUF
    BUFGCE_X0Y93         BUFGCE (Prop_BUFCE_BUFGCE_I_O)
                                                      0.044     1.028 r  clk_IBUF_BUFG_inst/O
    X1Y1 (CLOCK_ROOT)    net (fo=1037, routed)        2.445     3.472    fir_Qy/CLK
    SLICE_X29Y105        FDRE                                         r  fir_Qy/sample_out_reg[8]/C
  -------------------------------------------------------------------    -------------------
    SLICE_X29Y105        FDRE (Prop_GFF_SLICEM_C_Q)
                                                      0.116     3.588 r  fir_Qy/sample_out_reg[8]/Q
                         net (fo=1, routed)           2.358     5.946    Qy_out_OBUF[8]
    AB7                  OBUF (Prop_OUTBUF_HPIOB_M_I_O)
                                                      0.879     6.825 r  Qy_out_OBUF[8]_inst/O
                         net (fo=0)                   0.000     6.825    Qy_out[8]
    AB7                                                               r  Qy_out[8]
  -------------------------------------------------------------------    -------------------

Slack:                    inf
  Source:                 fir_Qy/sample_out_reg[12]/C
                            (rising edge-triggered cell FDRE clocked by clk  {rise@0.000ns fall@1.800ns period=3.600ns})
  Destination:            Qy_out[12]
                            (output port)
  Path Group:             (none)
  Path Type:              Max at Slow Process Corner
  Data Path Delay:        3.304ns  (logic 0.991ns (30.003%)  route 2.313ns (69.997%))
  Logic Levels:           1  (OBUF=1)
  Clock Uncertainty:      0.025ns  ((TSJ^2 + TIJ^2)^1/2 + DJ) / 2 + PE
    Total System Jitter     (TSJ):    0.050ns
    Total Input Jitter      (TIJ):    0.000ns
    Discrete Jitter          (DJ):    0.000ns
    Phase Error              (PE):    0.000ns
  Clock Net Delay (Source):      2.425ns (routing 1.343ns, distribution 1.082ns)

    Location             Delay type                Incr(ns)  Path(ns)    Netlist Resource(s)
  -------------------------------------------------------------------    -------------------
                         (clock clk rise edge)        0.000     0.000 r  <hidden>
    E5                                                0.000     0.000 r  clk
                         net (fo=0)                   0.000     0.000    clk_IBUF_inst/I
    E5                   INBUF (Prop_INBUF_HPIOB_M_PAD_O)
                                                      0.524     0.524 r  clk_IBUF_inst/INBUF_INST/O
                         net (fo=1, routed)           0.000     0.524    clk_IBUF_inst/OUT
    E5                   IBUFCTRL (Prop_IBUFCTRL_HPIOB_M_I_O)
                                                      0.000     0.524 r  clk_IBUF_inst/IBUFCTRL_INST/O
                         net (fo=1, routed)           0.460     0.984    clk_IBUF
    BUFGCE_X0Y93         BUFGCE (Prop_BUFCE_BUFGCE_I_O)
                                                      0.044     1.028 r  clk_IBUF_BUFG_inst/O
    X1Y1 (CLOCK_ROOT)    net (fo=1037, routed)        2.425     3.452    fir_Qy/CLK
    SLICE_X30Y106        FDRE                                         r  fir_Qy/sample_out_reg[12]/C
  -------------------------------------------------------------------    -------------------
    SLICE_X30Y106        FDRE (Prop_BFF_SLICEL_C_Q)
                                                      0.113     3.565 r  fir_Qy/sample_out_reg[12]/Q
                         net (fo=1, routed)           2.313     5.878    Qy_out_OBUF[12]
    AB8                  OBUF (Prop_OUTBUF_HPIOB_M_I_O)
                                                      0.878     6.757 r  Qy_out_OBUF[12]_inst/O
                         net (fo=0)                   0.000     6.757    Qy_out[12]
    AB8                                                               r  Qy_out[12]
  -------------------------------------------------------------------    -------------------

Slack:                    inf
  Source:                 fir_Qy/sample_out_reg[6]/C
                            (rising edge-triggered cell FDRE clocked by clk  {rise@0.000ns fall@1.800ns period=3.600ns})
  Destination:            Qy_out[6]
                            (output port)
  Path Group:             (none)
  Path Type:              Max at Slow Process Corner
  Data Path Delay:        3.264ns  (logic 1.033ns (31.649%)  route 2.231ns (68.351%))
  Logic Levels:           1  (OBUF=1)
  Clock Uncertainty:      0.025ns  ((TSJ^2 + TIJ^2)^1/2 + DJ) / 2 + PE
    Total System Jitter     (TSJ):    0.050ns
    Total Input Jitter      (TIJ):    0.000ns
    Discrete Jitter          (DJ):    0.000ns
    Phase Error              (PE):    0.000ns
  Clock Net Delay (Source):      2.445ns (routing 1.343ns, distribution 1.102ns)

    Location             Delay type                Incr(ns)  Path(ns)    Netlist Resource(s)
  -------------------------------------------------------------------    -------------------
                         (clock clk rise edge)        0.000     0.000 r  <hidden>
    E5                                                0.000     0.000 r  clk
                         net (fo=0)                   0.000     0.000    clk_IBUF_inst/I
    E5                   INBUF (Prop_INBUF_HPIOB_M_PAD_O)
                                                      0.524     0.524 r  clk_IBUF_inst/INBUF_INST/O
                         net (fo=1, routed)           0.000     0.524    clk_IBUF_inst/OUT
    E5                   IBUFCTRL (Prop_IBUFCTRL_HPIOB_M_I_O)
                                                      0.000     0.524 r  clk_IBUF_inst/IBUFCTRL_INST/O
                         net (fo=1, routed)           0.460     0.984    clk_IBUF
    BUFGCE_X0Y93         BUFGCE (Prop_BUFCE_BUFGCE_I_O)
                                                      0.044     1.028 r  clk_IBUF_BUFG_inst/O
    X1Y1 (CLOCK_ROOT)    net (fo=1037, routed)        2.445     3.472    fir_Qy/CLK
    SLICE_X29Y105        FDRE                                         r  fir_Qy/sample_out_reg[6]/C
  -------------------------------------------------------------------    -------------------
    SLICE_X29Y105        FDRE (Prop_FFF_SLICEM_C_Q)
                                                      0.112     3.584 r  fir_Qy/sample_out_reg[6]/Q
                         net (fo=1, routed)           2.231     5.815    Qy_out_OBUF[6]
    AG9                  OBUF (Prop_OUTBUF_HPIOB_M_I_O)
                                                      0.921     6.736 r  Qy_out_OBUF[6]_inst/O
                         net (fo=0)                   0.000     6.736    Qy_out[6]
    AG9                                                               r  Qy_out[6]
  -------------------------------------------------------------------    -------------------

Slack:                    inf
  Source:                 fir_Ix/valid_out_reg/C
                            (rising edge-triggered cell FDRE clocked by clk  {rise@0.000ns fall@1.800ns period=3.600ns})
  Destination:            valid_out
                            (output port)
  Path Group:             (none)
  Path Type:              Max at Slow Process Corner
  Data Path Delay:        3.199ns  (logic 1.040ns (32.503%)  route 2.159ns (67.497%))
  Logic Levels:           1  (OBUF=1)
  Clock Uncertainty:      0.025ns  ((TSJ^2 + TIJ^2)^1/2 + DJ) / 2 + PE
    Total System Jitter     (TSJ):    0.050ns
    Total Input Jitter      (TIJ):    0.000ns
    Discrete Jitter          (DJ):    0.000ns
    Phase Error              (PE):    0.000ns
  Clock Net Delay (Source):      2.431ns (routing 1.343ns, distribution 1.088ns)

    Location             Delay type                Incr(ns)  Path(ns)    Netlist Resource(s)
  -------------------------------------------------------------------    -------------------
                         (clock clk rise edge)        0.000     0.000 r  <hidden>
    E5                                                0.000     0.000 r  clk
                         net (fo=0)                   0.000     0.000    clk_IBUF_inst/I
    E5                   INBUF (Prop_INBUF_HPIOB_M_PAD_O)
                                                      0.524     0.524 r  clk_IBUF_inst/INBUF_INST/O
                         net (fo=1, routed)           0.000     0.524    clk_IBUF_inst/OUT
    E5                   IBUFCTRL (Prop_IBUFCTRL_HPIOB_M_I_O)
                                                      0.000     0.524 r  clk_IBUF_inst/IBUFCTRL_INST/O
                         net (fo=1, routed)           0.460     0.984    clk_IBUF
    BUFGCE_X0Y93         BUFGCE (Prop_BUFCE_BUFGCE_I_O)
                                                      0.044     1.028 r  clk_IBUF_BUFG_inst/O
    X1Y1 (CLOCK_ROOT)    net (fo=1037, routed)        2.431     3.459    fir_Ix/CLK
    SLICE_X23Y68         FDRE                                         r  fir_Ix/valid_out_reg/C
  -------------------------------------------------------------------    -------------------
    SLICE_X23Y68         FDRE (Prop_EFF_SLICEL_C_Q)
                                                      0.114     3.573 r  fir_Ix/valid_out_reg/Q
                         net (fo=1, routed)           2.159     5.732    valid_out_OBUF
    D1                   OBUF (Prop_OUTBUF_HPIOB_S_I_O)
                                                      0.926     6.657 r  valid_out_OBUF_inst/O
                         net (fo=0)                   0.000     6.657    valid_out
    D1                                                                r  valid_out
  -------------------------------------------------------------------    -------------------

Slack:                    inf
  Source:                 fir_Qx/sample_out_reg[17]/C
                            (rising edge-triggered cell FDRE clocked by clk  {rise@0.000ns fall@1.800ns period=3.600ns})
  Destination:            Qx_out[17]
                            (output port)
  Path Group:             (none)
  Path Type:              Max at Slow Process Corner
  Data Path Delay:        3.046ns  (logic 0.985ns (32.335%)  route 2.061ns (67.665%))
  Logic Levels:           1  (OBUF=1)
  Clock Uncertainty:      0.025ns  ((TSJ^2 + TIJ^2)^1/2 + DJ) / 2 + PE
    Total System Jitter     (TSJ):    0.050ns
    Total Input Jitter      (TIJ):    0.000ns
    Discrete Jitter          (DJ):    0.000ns
    Phase Error              (PE):    0.000ns
  Clock Net Delay (Source):      2.480ns (routing 1.343ns, distribution 1.137ns)

    Location             Delay type                Incr(ns)  Path(ns)    Netlist Resource(s)
  -------------------------------------------------------------------    -------------------
                         (clock clk rise edge)        0.000     0.000 r  <hidden>
    E5                                                0.000     0.000 r  clk
                         net (fo=0)                   0.000     0.000    clk_IBUF_inst/I
    E5                   INBUF (Prop_INBUF_HPIOB_M_PAD_O)
                                                      0.524     0.524 r  clk_IBUF_inst/INBUF_INST/O
                         net (fo=1, routed)           0.000     0.524    clk_IBUF_inst/OUT
    E5                   IBUFCTRL (Prop_IBUFCTRL_HPIOB_M_I_O)
                                                      0.000     0.524 r  clk_IBUF_inst/IBUFCTRL_INST/O
                         net (fo=1, routed)           0.460     0.984    clk_IBUF
    BUFGCE_X0Y93         BUFGCE (Prop_BUFCE_BUFGCE_I_O)
                                                      0.044     1.028 r  clk_IBUF_BUFG_inst/O
    X1Y1 (CLOCK_ROOT)    net (fo=1037, routed)        2.480     3.508    fir_Qx/CLK
    SLICE_X28Y132        FDRE                                         r  fir_Qx/sample_out_reg[17]/C
  -------------------------------------------------------------------    -------------------
    SLICE_X28Y132        FDRE (Prop_GFF_SLICEM_C_Q)
                                                      0.116     3.624 r  fir_Qx/sample_out_reg[17]/Q
                         net (fo=1, routed)           2.061     5.685    Qx_out_OBUF[16]
    T8                   OBUF (Prop_OUTBUF_HPIOB_S_I_O)
                                                      0.869     6.554 r  Qx_out_OBUF[17]_inst/O
                         net (fo=0)                   0.000     6.554    Qx_out[17]
    T8                                                                r  Qx_out[17]
  -------------------------------------------------------------------    -------------------

Slack:                    inf
  Source:                 fir_Qx/sample_out_reg[17]_lopt_replica/C
                            (rising edge-triggered cell FDRE clocked by clk  {rise@0.000ns fall@1.800ns period=3.600ns})
  Destination:            Qx_out[16]
                            (output port)
  Path Group:             (none)
  Path Type:              Max at Slow Process Corner
  Data Path Delay:        3.045ns  (logic 0.986ns (32.387%)  route 2.059ns (67.613%))
  Logic Levels:           1  (OBUF=1)
  Clock Uncertainty:      0.025ns  ((TSJ^2 + TIJ^2)^1/2 + DJ) / 2 + PE
    Total System Jitter     (TSJ):    0.050ns
    Total Input Jitter      (TIJ):    0.000ns
    Discrete Jitter          (DJ):    0.000ns
    Phase Error              (PE):    0.000ns
  Clock Net Delay (Source):      2.480ns (routing 1.343ns, distribution 1.137ns)

    Location             Delay type                Incr(ns)  Path(ns)    Netlist Resource(s)
  -------------------------------------------------------------------    -------------------
                         (clock clk rise edge)        0.000     0.000 r  <hidden>
    E5                                                0.000     0.000 r  clk
                         net (fo=0)                   0.000     0.000    clk_IBUF_inst/I
    E5                   INBUF (Prop_INBUF_HPIOB_M_PAD_O)
                                                      0.524     0.524 r  clk_IBUF_inst/INBUF_INST/O
                         net (fo=1, routed)           0.000     0.524    clk_IBUF_inst/OUT
    E5                   IBUFCTRL (Prop_IBUFCTRL_HPIOB_M_I_O)
                                                      0.000     0.524 r  clk_IBUF_inst/IBUFCTRL_INST/O
                         net (fo=1, routed)           0.460     0.984    clk_IBUF
    BUFGCE_X0Y93         BUFGCE (Prop_BUFCE_BUFGCE_I_O)
                                                      0.044     1.028 r  clk_IBUF_BUFG_inst/O
    X1Y1 (CLOCK_ROOT)    net (fo=1037, routed)        2.480     3.508    fir_Qx/CLK
    SLICE_X28Y132        FDRE                                         r  fir_Qx/sample_out_reg[17]_lopt_replica/C
  -------------------------------------------------------------------    -------------------
    SLICE_X28Y132        FDRE (Prop_GFF2_SLICEM_C_Q)
                                                      0.118     3.626 r  fir_Qx/sample_out_reg[17]_lopt_replica/Q
                         net (fo=1, routed)           2.059     5.685    lopt_4
    R8                   OBUF (Prop_OUTBUF_HPIOB_M_I_O)
                                                      0.868     6.553 r  Qx_out_OBUF[16]_inst/O
                         net (fo=0)                   0.000     6.553    Qx_out[16]
    R8                                                                r  Qx_out[16]
  -------------------------------------------------------------------    -------------------





Min Delay Paths
--------------------------------------------------------------------------------------
Slack:                    inf
  Source:                 fir_Iy/sample_out_reg[17]_lopt_replica/C
                            (rising edge-triggered cell FDRE clocked by clk  {rise@0.000ns fall@1.800ns period=3.600ns})
  Destination:            Iy_out[16]
                            (output port)
  Path Group:             (none)
  Path Type:              Min at Fast Process Corner
  Data Path Delay:        0.912ns  (logic 0.464ns (50.895%)  route 0.448ns (49.105%))
  Logic Levels:           1  (OBUF=1)
  Clock Uncertainty:      0.025ns  ((TSJ^2 + TIJ^2)^1/2 + DJ) / 2 + PE
    Total System Jitter     (TSJ):    0.050ns
    Total Input Jitter      (TIJ):    0.000ns
    Discrete Jitter          (DJ):    0.000ns
    Phase Error              (PE):    0.000ns
  Clock Net Delay (Source):      1.349ns (routing 0.739ns, distribution 0.610ns)

    Location             Delay type                Incr(ns)  Path(ns)    Netlist Resource(s)
  -------------------------------------------------------------------    -------------------
                         (clock clk rise edge)        0.000     0.000 r  <hidden>
    E5                                                0.000     0.000 r  clk
                         net (fo=0)                   0.000     0.000    clk_IBUF_inst/I
    E5                   INBUF (Prop_INBUF_HPIOB_M_PAD_O)
                                                      0.159     0.159 r  clk_IBUF_inst/INBUF_INST/O
                         net (fo=1, routed)           0.000     0.159    clk_IBUF_inst/OUT
    E5                   IBUFCTRL (Prop_IBUFCTRL_HPIOB_M_I_O)
                                                      0.000     0.159 r  clk_IBUF_inst/IBUFCTRL_INST/O
                         net (fo=1, routed)           0.176     0.335    clk_IBUF
    BUFGCE_X0Y93         BUFGCE (Prop_BUFCE_BUFGCE_I_O)
                                                      0.023     0.358 r  clk_IBUF_BUFG_inst/O
    X1Y1 (CLOCK_ROOT)    net (fo=1037, routed)        1.349     1.707    fir_Iy/CLK
    SLICE_X23Y152        FDRE                                         r  fir_Iy/sample_out_reg[17]_lopt_replica/C
  -------------------------------------------------------------------    -------------------
    SLICE_X23Y152        FDRE (Prop_EFF2_SLICEL_C_Q)
                                                      0.085     1.792 r  fir_Iy/sample_out_reg[17]_lopt_replica/Q
                         net (fo=1, routed)           0.448     2.240    lopt_2
    M6                   OBUF (Prop_OUTBUF_HPIOB_M_I_O)
                                                      0.379     2.619 r  Iy_out_OBUF[16]_inst/O
                         net (fo=0)                   0.000     2.619    Iy_out[16]
    M6                                                                r  Iy_out[16]
  -------------------------------------------------------------------    -------------------

Slack:                    inf
  Source:                 fir_Iy/sample_out_reg[17]/C
                            (rising edge-triggered cell FDRE clocked by clk  {rise@0.000ns fall@1.800ns period=3.600ns})
  Destination:            Iy_out[17]
                            (output port)
  Path Group:             (none)
  Path Type:              Min at Fast Process Corner
  Data Path Delay:        0.930ns  (logic 0.463ns (49.759%)  route 0.467ns (50.241%))
  Logic Levels:           1  (OBUF=1)
  Clock Uncertainty:      0.025ns  ((TSJ^2 + TIJ^2)^1/2 + DJ) / 2 + PE
    Total System Jitter     (TSJ):    0.050ns
    Total Input Jitter      (TIJ):    0.000ns
    Discrete Jitter          (DJ):    0.000ns
    Phase Error              (PE):    0.000ns
  Clock Net Delay (Source):      1.349ns (routing 0.739ns, distribution 0.610ns)

    Location             Delay type                Incr(ns)  Path(ns)    Netlist Resource(s)
  -------------------------------------------------------------------    -------------------
                         (clock clk rise edge)        0.000     0.000 r  <hidden>
    E5                                                0.000     0.000 r  clk
                         net (fo=0)                   0.000     0.000    clk_IBUF_inst/I
    E5                   INBUF (Prop_INBUF_HPIOB_M_PAD_O)
                                                      0.159     0.159 r  clk_IBUF_inst/INBUF_INST/O
                         net (fo=1, routed)           0.000     0.159    clk_IBUF_inst/OUT
    E5                   IBUFCTRL (Prop_IBUFCTRL_HPIOB_M_I_O)
                                                      0.000     0.159 r  clk_IBUF_inst/IBUFCTRL_INST/O
                         net (fo=1, routed)           0.176     0.335    clk_IBUF
    BUFGCE_X0Y93         BUFGCE (Prop_BUFCE_BUFGCE_I_O)
                                                      0.023     0.358 r  clk_IBUF_BUFG_inst/O
    X1Y1 (CLOCK_ROOT)    net (fo=1037, routed)        1.349     1.707    fir_Iy/CLK
    SLICE_X23Y152        FDRE                                         r  fir_Iy/sample_out_reg[17]/C
  -------------------------------------------------------------------    -------------------
    SLICE_X23Y152        FDRE (Prop_EFF_SLICEL_C_Q)
                                                      0.084     1.791 r  fir_Iy/sample_out_reg[17]/Q
                         net (fo=1, routed)           0.467     2.258    Iy_out_OBUF[16]
    L5                   OBUF (Prop_OUTBUF_HPIOB_S_I_O)
                                                      0.379     2.636 r  Iy_out_OBUF[17]_inst/O
                         net (fo=0)                   0.000     2.636    Iy_out[17]
    L5                                                                r  Iy_out[17]
  -------------------------------------------------------------------    -------------------

Slack:                    inf
  Source:                 fir_Qx/sample_out_reg[12]/C
                            (rising edge-triggered cell FDRE clocked by clk  {rise@0.000ns fall@1.800ns period=3.600ns})
  Destination:            Qx_out[12]
                            (output port)
  Path Group:             (none)
  Path Type:              Min at Fast Process Corner
  Data Path Delay:        0.991ns  (logic 0.485ns (48.926%)  route 0.506ns (51.074%))
  Logic Levels:           1  (OBUF=1)
  Clock Uncertainty:      0.025ns  ((TSJ^2 + TIJ^2)^1/2 + DJ) / 2 + PE
    Total System Jitter     (TSJ):    0.050ns
    Total Input Jitter      (TIJ):    0.000ns
    Discrete Jitter          (DJ):    0.000ns
    Phase Error              (PE):    0.000ns
  Clock Net Delay (Source):      1.350ns (routing 0.739ns, distribution 0.611ns)

    Location             Delay type                Incr(ns)  Path(ns)    Netlist Resource(s)
  -------------------------------------------------------------------    -------------------
                         (clock clk rise edge)        0.000     0.000 r  <hidden>
    E5                                                0.000     0.000 r  clk
                         net (fo=0)                   0.000     0.000    clk_IBUF_inst/I
    E5                   INBUF (Prop_INBUF_HPIOB_M_PAD_O)
                                                      0.159     0.159 r  clk_IBUF_inst/INBUF_INST/O
                         net (fo=1, routed)           0.000     0.159    clk_IBUF_inst/OUT
    E5                   IBUFCTRL (Prop_IBUFCTRL_HPIOB_M_I_O)
                                                      0.000     0.159 r  clk_IBUF_inst/IBUFCTRL_INST/O
                         net (fo=1, routed)           0.176     0.335    clk_IBUF
    BUFGCE_X0Y93         BUFGCE (Prop_BUFCE_BUFGCE_I_O)
                                                      0.023     0.358 r  clk_IBUF_BUFG_inst/O
    X1Y1 (CLOCK_ROOT)    net (fo=1037, routed)        1.350     1.708    fir_Qx/CLK
    SLICE_X28Y136        FDRE                                         r  fir_Qx/sample_out_reg[12]/C
  -------------------------------------------------------------------    -------------------
    SLICE_X28Y136        FDRE (Prop_EFF2_SLICEM_C_Q)
                                                      0.084     1.792 r  fir_Qx/sample_out_reg[12]/Q
                         net (fo=1, routed)           0.506     2.298    Qx_out_OBUF[12]
    L1                   OBUF (Prop_OUTBUF_HPIOB_M_I_O)
                                                      0.401     2.698 r  Qx_out_OBUF[12]_inst/O
                         net (fo=0)                   0.000     2.698    Qx_out[12]
    L1                                                                r  Qx_out[12]
  -------------------------------------------------------------------    -------------------

Slack:                    inf
  Source:                 fir_Iy/sample_out_reg[14]/C
                            (rising edge-triggered cell FDRE clocked by clk  {rise@0.000ns fall@1.800ns period=3.600ns})
  Destination:            Iy_out[14]
                            (output port)
  Path Group:             (none)
  Path Type:              Min at Fast Process Corner
  Data Path Delay:        1.001ns  (logic 0.457ns (45.662%)  route 0.544ns (54.338%))
  Logic Levels:           1  (OBUF=1)
  Clock Uncertainty:      0.025ns  ((TSJ^2 + TIJ^2)^1/2 + DJ) / 2 + PE
    Total System Jitter     (TSJ):    0.050ns
    Total Input Jitter      (TIJ):    0.000ns
    Discrete Jitter          (DJ):    0.000ns
    Phase Error              (PE):    0.000ns
  Clock Net Delay (Source):      1.343ns (routing 0.739ns, distribution 0.604ns)

    Location             Delay type                Incr(ns)  Path(ns)    Netlist Resource(s)
  -------------------------------------------------------------------    -------------------
                         (clock clk rise edge)        0.000     0.000 r  <hidden>
    E5                                                0.000     0.000 r  clk
                         net (fo=0)                   0.000     0.000    clk_IBUF_inst/I
    E5                   INBUF (Prop_INBUF_HPIOB_M_PAD_O)
                                                      0.159     0.159 r  clk_IBUF_inst/INBUF_INST/O
                         net (fo=1, routed)           0.000     0.159    clk_IBUF_inst/OUT
    E5                   IBUFCTRL (Prop_IBUFCTRL_HPIOB_M_I_O)
                                                      0.000     0.159 r  clk_IBUF_inst/IBUFCTRL_INST/O
                         net (fo=1, routed)           0.176     0.335    clk_IBUF
    BUFGCE_X0Y93         BUFGCE (Prop_BUFCE_BUFGCE_I_O)
                                                      0.023     0.358 r  clk_IBUF_BUFG_inst/O
    X1Y1 (CLOCK_ROOT)    net (fo=1037, routed)        1.343     1.700    fir_Iy/CLK
    SLICE_X28Y152        FDRE                                         r  fir_Iy/sample_out_reg[14]/C
  -------------------------------------------------------------------    -------------------
    SLICE_X28Y152        FDRE (Prop_GFF_SLICEM_C_Q)
                                                      0.083     1.783 r  fir_Iy/sample_out_reg[14]/Q
                         net (fo=1, routed)           0.544     2.327    Iy_out_OBUF[14]
    N7                   OBUF (Prop_OUTBUF_HPIOB_M_I_O)
                                                      0.374     2.701 r  Iy_out_OBUF[14]_inst/O
                         net (fo=0)                   0.000     2.701    Iy_out[14]
    N7                                                                r  Iy_out[14]
  -------------------------------------------------------------------    -------------------

Slack:                    inf
  Source:                 fir_Qx/sample_out_reg[15]/C
                            (rising edge-triggered cell FDRE clocked by clk  {rise@0.000ns fall@1.800ns period=3.600ns})
  Destination:            Qx_out[15]
                            (output port)
  Path Group:             (none)
  Path Type:              Min at Fast Process Corner
  Data Path Delay:        0.989ns  (logic 0.445ns (44.992%)  route 0.544ns (55.008%))
  Logic Levels:           1  (OBUF=1)
  Clock Uncertainty:      0.025ns  ((TSJ^2 + TIJ^2)^1/2 + DJ) / 2 + PE
    Total System Jitter     (TSJ):    0.050ns
    Total Input Jitter      (TIJ):    0.000ns
    Discrete Jitter          (DJ):    0.000ns
    Phase Error              (PE):    0.000ns
  Clock Net Delay (Source):      1.358ns (routing 0.739ns, distribution 0.619ns)

    Location             Delay type                Incr(ns)  Path(ns)    Netlist Resource(s)
  -------------------------------------------------------------------    -------------------
                         (clock clk rise edge)        0.000     0.000 r  <hidden>
    E5                                                0.000     0.000 r  clk
                         net (fo=0)                   0.000     0.000    clk_IBUF_inst/I
    E5                   INBUF (Prop_INBUF_HPIOB_M_PAD_O)
                                                      0.159     0.159 r  clk_IBUF_inst/INBUF_INST/O
                         net (fo=1, routed)           0.000     0.159    clk_IBUF_inst/OUT
    E5                   IBUFCTRL (Prop_IBUFCTRL_HPIOB_M_I_O)
                                                      0.000     0.159 r  clk_IBUF_inst/IBUFCTRL_INST/O
                         net (fo=1, routed)           0.176     0.335    clk_IBUF
    BUFGCE_X0Y93         BUFGCE (Prop_BUFCE_BUFGCE_I_O)
                                                      0.023     0.358 r  clk_IBUF_BUFG_inst/O
    X1Y1 (CLOCK_ROOT)    net (fo=1037, routed)        1.358     1.715    fir_Qx/CLK
    SLICE_X28Y132        FDRE                                         r  fir_Qx/sample_out_reg[15]/C
  -------------------------------------------------------------------    -------------------
    SLICE_X28Y132        FDRE (Prop_AFF2_SLICEM_C_Q)
                                                      0.084     1.799 r  fir_Qx/sample_out_reg[15]/Q
                         net (fo=1, routed)           0.544     2.343    Qx_out_OBUF[15]
    T7                   OBUF (Prop_OUTBUF_HPIOB_S_I_O)
                                                      0.361     2.704 r  Qx_out_OBUF[15]_inst/O
                         net (fo=0)                   0.000     2.704    Qx_out[15]
    T7                                                                r  Qx_out[15]
  -------------------------------------------------------------------    -------------------

Slack:                    inf
  Source:                 fir_Qx/sample_out_reg[14]/C
                            (rising edge-triggered cell FDRE clocked by clk  {rise@0.000ns fall@1.800ns period=3.600ns})
  Destination:            Qx_out[14]
                            (output port)
  Path Group:             (none)
  Path Type:              Min at Fast Process Corner
  Data Path Delay:        0.995ns  (logic 0.445ns (44.738%)  route 0.550ns (55.262%))
  Logic Levels:           1  (OBUF=1)
  Clock Uncertainty:      0.025ns  ((TSJ^2 + TIJ^2)^1/2 + DJ) / 2 + PE
    Total System Jitter     (TSJ):    0.050ns
    Total Input Jitter      (TIJ):    0.000ns
    Discrete Jitter          (DJ):    0.000ns
    Phase Error              (PE):    0.000ns
  Clock Net Delay (Source):      1.357ns (routing 0.739ns, distribution 0.618ns)

    Location             Delay type                Incr(ns)  Path(ns)    Netlist Resource(s)
  -------------------------------------------------------------------    -------------------
                         (clock clk rise edge)        0.000     0.000 r  <hidden>
    E5                                                0.000     0.000 r  clk
                         net (fo=0)                   0.000     0.000    clk_IBUF_inst/I
    E5                   INBUF (Prop_INBUF_HPIOB_M_PAD_O)
                                                      0.159     0.159 r  clk_IBUF_inst/INBUF_INST/O
                         net (fo=1, routed)           0.000     0.159    clk_IBUF_inst/OUT
    E5                   IBUFCTRL (Prop_IBUFCTRL_HPIOB_M_I_O)
                                                      0.000     0.159 r  clk_IBUF_inst/IBUFCTRL_INST/O
                         net (fo=1, routed)           0.176     0.335    clk_IBUF
    BUFGCE_X0Y93         BUFGCE (Prop_BUFCE_BUFGCE_I_O)
                                                      0.023     0.358 r  clk_IBUF_BUFG_inst/O
    X1Y1 (CLOCK_ROOT)    net (fo=1037, routed)        1.357     1.714    fir_Qx/CLK
    SLICE_X28Y132        FDRE                                         r  fir_Qx/sample_out_reg[14]/C
  -------------------------------------------------------------------    -------------------
    SLICE_X28Y132        FDRE (Prop_FFF2_SLICEM_C_Q)
                                                      0.084     1.798 r  fir_Qx/sample_out_reg[14]/Q
                         net (fo=1, routed)           0.550     2.348    Qx_out_OBUF[14]
    R7                   OBUF (Prop_OUTBUF_HPIOB_M_I_O)
                                                      0.361     2.709 r  Qx_out_OBUF[14]_inst/O
                         net (fo=0)                   0.000     2.709    Qx_out[14]
    R7                                                                r  Qx_out[14]
  -------------------------------------------------------------------    -------------------

Slack:                    inf
  Source:                 fir_Iy/sample_out_reg[11]/C
                            (rising edge-triggered cell FDRE clocked by clk  {rise@0.000ns fall@1.800ns period=3.600ns})
  Destination:            Iy_out[11]
                            (output port)
  Path Group:             (none)
  Path Type:              Min at Fast Process Corner
  Data Path Delay:        1.011ns  (logic 0.446ns (44.140%)  route 0.565ns (55.860%))
  Logic Levels:           1  (OBUF=1)
  Clock Uncertainty:      0.025ns  ((TSJ^2 + TIJ^2)^1/2 + DJ) / 2 + PE
    Total System Jitter     (TSJ):    0.050ns
    Total Input Jitter      (TIJ):    0.000ns
    Discrete Jitter          (DJ):    0.000ns
    Phase Error              (PE):    0.000ns
  Clock Net Delay (Source):      1.344ns (routing 0.739ns, distribution 0.605ns)

    Location             Delay type                Incr(ns)  Path(ns)    Netlist Resource(s)
  -------------------------------------------------------------------    -------------------
                         (clock clk rise edge)        0.000     0.000 r  <hidden>
    E5                                                0.000     0.000 r  clk
                         net (fo=0)                   0.000     0.000    clk_IBUF_inst/I
    E5                   INBUF (Prop_INBUF_HPIOB_M_PAD_O)
                                                      0.159     0.159 r  clk_IBUF_inst/INBUF_INST/O
                         net (fo=1, routed)           0.000     0.159    clk_IBUF_inst/OUT
    E5                   IBUFCTRL (Prop_IBUFCTRL_HPIOB_M_I_O)
                                                      0.000     0.159 r  clk_IBUF_inst/IBUFCTRL_INST/O
                         net (fo=1, routed)           0.176     0.335    clk_IBUF
    BUFGCE_X0Y93         BUFGCE (Prop_BUFCE_BUFGCE_I_O)
                                                      0.023     0.358 r  clk_IBUF_BUFG_inst/O
    X1Y1 (CLOCK_ROOT)    net (fo=1037, routed)        1.344     1.702    fir_Iy/CLK
    SLICE_X27Y156        FDRE                                         r  fir_Iy/sample_out_reg[11]/C
  -------------------------------------------------------------------    -------------------
    SLICE_X27Y156        FDRE (Prop_EFF_SLICEL_C_Q)
                                                      0.084     1.786 r  fir_Iy/sample_out_reg[11]/Q
                         net (fo=1, routed)           0.565     2.351    Iy_out_OBUF[11]
    N8                   OBUF (Prop_OUTBUF_HPIOB_S_I_O)
                                                      0.362     2.713 r  Iy_out_OBUF[11]_inst/O
                         net (fo=0)                   0.000     2.713    Iy_out[11]
    N8                                                                r  Iy_out[11]
  -------------------------------------------------------------------    -------------------

Slack:                    inf
  Source:                 fir_Qy/sample_out_reg[17]_lopt_replica/C
                            (rising edge-triggered cell FDRE clocked by clk  {rise@0.000ns fall@1.800ns period=3.600ns})
  Destination:            Qy_out[16]
                            (output port)
  Path Group:             (none)
  Path Type:              Min at Fast Process Corner
  Data Path Delay:        1.055ns  (logic 0.453ns (42.956%)  route 0.602ns (57.044%))
  Logic Levels:           1  (OBUF=1)
  Clock Uncertainty:      0.025ns  ((TSJ^2 + TIJ^2)^1/2 + DJ) / 2 + PE
    Total System Jitter     (TSJ):    0.050ns
    Total Input Jitter      (TIJ):    0.000ns
    Discrete Jitter          (DJ):    0.000ns
    Phase Error              (PE):    0.000ns
  Clock Net Delay (Source):      1.315ns (routing 0.739ns, distribution 0.576ns)

    Location             Delay type                Incr(ns)  Path(ns)    Netlist Resource(s)
  -------------------------------------------------------------------    -------------------
                         (clock clk rise edge)        0.000     0.000 r  <hidden>
    E5                                                0.000     0.000 r  clk
                         net (fo=0)                   0.000     0.000    clk_IBUF_inst/I
    E5                   INBUF (Prop_INBUF_HPIOB_M_PAD_O)
                                                      0.159     0.159 r  clk_IBUF_inst/INBUF_INST/O
                         net (fo=1, routed)           0.000     0.159    clk_IBUF_inst/OUT
    E5                   IBUFCTRL (Prop_IBUFCTRL_HPIOB_M_I_O)
                                                      0.000     0.159 r  clk_IBUF_inst/IBUFCTRL_INST/O
                         net (fo=1, routed)           0.176     0.335    clk_IBUF
    BUFGCE_X0Y93         BUFGCE (Prop_BUFCE_BUFGCE_I_O)
                                                      0.023     0.358 r  clk_IBUF_BUFG_inst/O
    X1Y1 (CLOCK_ROOT)    net (fo=1037, routed)        1.315     1.673    fir_Qy/CLK
    SLICE_X28Y82         FDRE                                         r  fir_Qy/sample_out_reg[17]_lopt_replica/C
  -------------------------------------------------------------------    -------------------
    SLICE_X28Y82         FDRE (Prop_EFF_SLICEM_C_Q)
                                                      0.082     1.755 r  fir_Qy/sample_out_reg[17]_lopt_replica/Q
                         net (fo=1, routed)           0.602     2.357    lopt_6
    AC9                  OBUF (Prop_OUTBUF_HPIOB_M_I_O)
                                                      0.371     2.728 r  Qy_out_OBUF[16]_inst/O
                         net (fo=0)                   0.000     2.728    Qy_out[16]
    AC9                                                               r  Qy_out[16]
  -------------------------------------------------------------------    -------------------

Slack:                    inf
  Source:                 fir_Qy/sample_out_reg[17]/C
                            (rising edge-triggered cell FDRE clocked by clk  {rise@0.000ns fall@1.800ns period=3.600ns})
  Destination:            Qy_out[17]
                            (output port)
  Path Group:             (none)
  Path Type:              Min at Fast Process Corner
  Data Path Delay:        1.060ns  (logic 0.453ns (42.762%)  route 0.607ns (57.238%))
  Logic Levels:           1  (OBUF=1)
  Clock Uncertainty:      0.025ns  ((TSJ^2 + TIJ^2)^1/2 + DJ) / 2 + PE
    Total System Jitter     (TSJ):    0.050ns
    Total Input Jitter      (TIJ):    0.000ns
    Discrete Jitter          (DJ):    0.000ns
    Phase Error              (PE):    0.000ns
  Clock Net Delay (Source):      1.312ns (routing 0.739ns, distribution 0.573ns)

    Location             Delay type                Incr(ns)  Path(ns)    Netlist Resource(s)
  -------------------------------------------------------------------    -------------------
                         (clock clk rise edge)        0.000     0.000 r  <hidden>
    E5                                                0.000     0.000 r  clk
                         net (fo=0)                   0.000     0.000    clk_IBUF_inst/I
    E5                   INBUF (Prop_INBUF_HPIOB_M_PAD_O)
                                                      0.159     0.159 r  clk_IBUF_inst/INBUF_INST/O
                         net (fo=1, routed)           0.000     0.159    clk_IBUF_inst/OUT
    E5                   IBUFCTRL (Prop_IBUFCTRL_HPIOB_M_I_O)
                                                      0.000     0.159 r  clk_IBUF_inst/IBUFCTRL_INST/O
                         net (fo=1, routed)           0.176     0.335    clk_IBUF
    BUFGCE_X0Y93         BUFGCE (Prop_BUFCE_BUFGCE_I_O)
                                                      0.023     0.358 r  clk_IBUF_BUFG_inst/O
    X1Y1 (CLOCK_ROOT)    net (fo=1037, routed)        1.312     1.670    fir_Qy/CLK
    SLICE_X28Y86         FDRE                                         r  fir_Qy/sample_out_reg[17]/C
  -------------------------------------------------------------------    -------------------
    SLICE_X28Y86         FDRE (Prop_EFF_SLICEM_C_Q)
                                                      0.082     1.752 r  fir_Qy/sample_out_reg[17]/Q
                         net (fo=1, routed)           0.607     2.359    Qy_out_OBUF[16]
    AD9                  OBUF (Prop_OUTBUF_HPIOB_S_I_O)
                                                      0.371     2.730 r  Qy_out_OBUF[17]_inst/O
                         net (fo=0)                   0.000     2.730    Qy_out[17]
    AD9                                                               r  Qy_out[17]
  -------------------------------------------------------------------    -------------------

Slack:                    inf
  Source:                 fir_Iy/sample_out_reg[9]/C
                            (rising edge-triggered cell FDRE clocked by clk  {rise@0.000ns fall@1.800ns period=3.600ns})
  Destination:            Iy_out[9]
                            (output port)
  Path Group:             (none)
  Path Type:              Min at Fast Process Corner
  Data Path Delay:        1.041ns  (logic 0.468ns (44.979%)  route 0.573ns (55.021%))
  Logic Levels:           1  (OBUF=1)
  Clock Uncertainty:      0.025ns  ((TSJ^2 + TIJ^2)^1/2 + DJ) / 2 + PE
    Total System Jitter     (TSJ):    0.050ns
    Total Input Jitter      (TIJ):    0.000ns
    Discrete Jitter          (DJ):    0.000ns
    Phase Error              (PE):    0.000ns
  Clock Net Delay (Source):      1.343ns (routing 0.739ns, distribution 0.604ns)

    Location             Delay type                Incr(ns)  Path(ns)    Netlist Resource(s)
  -------------------------------------------------------------------    -------------------
                         (clock clk rise edge)        0.000     0.000 r  <hidden>
    E5                                                0.000     0.000 r  clk
                         net (fo=0)                   0.000     0.000    clk_IBUF_inst/I
    E5                   INBUF (Prop_INBUF_HPIOB_M_PAD_O)
                                                      0.159     0.159 r  clk_IBUF_inst/INBUF_INST/O
                         net (fo=1, routed)           0.000     0.159    clk_IBUF_inst/OUT
    E5                   IBUFCTRL (Prop_IBUFCTRL_HPIOB_M_I_O)
                                                      0.000     0.159 r  clk_IBUF_inst/IBUFCTRL_INST/O
                         net (fo=1, routed)           0.176     0.335    clk_IBUF
    BUFGCE_X0Y93         BUFGCE (Prop_BUFCE_BUFGCE_I_O)
                                                      0.023     0.358 r  clk_IBUF_BUFG_inst/O
    X1Y1 (CLOCK_ROOT)    net (fo=1037, routed)        1.343     1.700    fir_Iy/CLK
    SLICE_X28Y152        FDRE                                         r  fir_Iy/sample_out_reg[9]/C
  -------------------------------------------------------------------    -------------------
    SLICE_X28Y152        FDRE (Prop_HFF_SLICEM_C_Q)
                                                      0.083     1.783 r  fir_Iy/sample_out_reg[9]/Q
                         net (fo=1, routed)           0.573     2.356    Iy_out_OBUF[9]
    J4                   OBUF (Prop_OUTBUF_HPIOB_S_I_O)
                                                      0.385     2.742 r  Iy_out_OBUF[9]_inst/O
                         net (fo=0)                   0.000     2.742    Iy_out[9]
    J4                                                                r  Iy_out[9]
  -------------------------------------------------------------------    -------------------





--------------------------------------------------------------------------------------
Path Group:  (none)
From Clock:  
  To Clock:  clk

Max Delay           129 Endpoints
Min Delay           129 Endpoints
--------------------------------------------------------------------------------------


Max Delay Paths
--------------------------------------------------------------------------------------
Slack:                    inf
  Source:                 Iy[7]
                            (input port)
  Destination:            fir_Iy/shift_reg_reg[0][7]/D
                            (rising edge-triggered cell FDRE clocked by clk  {rise@0.000ns fall@1.800ns period=3.600ns})
  Path Group:             (none)
  Path Type:              Setup (Max at Slow Process Corner)
  Data Path Delay:        3.218ns  (logic 0.575ns (17.880%)  route 2.643ns (82.120%))
  Logic Levels:           2  (IBUFCTRL=1 INBUF=1)
  Clock Path Skew:        2.912ns (DCD - SCD + CPR)
    Destination Clock Delay (DCD):    2.912ns
    Source Clock Delay      (SCD):    0.000ns
    Clock Pessimism Removal (CPR):    0.000ns
  Clock Uncertainty:      0.025ns  ((TSJ^2 + TIJ^2)^1/2 + DJ) / 2 + PE
    Total System Jitter     (TSJ):    0.050ns
    Total Input Jitter      (TIJ):    0.000ns
    Discrete Jitter          (DJ):    0.000ns
    Phase Error              (PE):    0.000ns
  Clock Net Delay (Destination): 2.239ns (routing 1.234ns, distribution 1.005ns)

    Location             Delay type                Incr(ns)  Path(ns)    Netlist Resource(s)
  -------------------------------------------------------------------    -------------------
    AH3                                               0.000     0.000 r  Iy[7]
                         net (fo=0)                   0.000     0.000    Iy_IBUF[7]_inst/I
    AH3                  INBUF (Prop_INBUF_HPIOB_S_PAD_O)
                                                      0.575     0.575 r  Iy_IBUF[7]_inst/INBUF_INST/O
                         net (fo=1, routed)           0.000     0.575    Iy_IBUF[7]_inst/OUT
    AH3                  IBUFCTRL (Prop_IBUFCTRL_HPIOB_S_I_O)
                                                      0.000     0.575 r  Iy_IBUF[7]_inst/IBUFCTRL_INST/O
                         net (fo=1, routed)           2.643     3.218    fir_Iy/D[7]
    SLICE_X28Y132        FDRE                                         r  fir_Iy/shift_reg_reg[0][7]/D
  -------------------------------------------------------------------    -------------------

                         (clock clk rise edge)        0.000     0.000 r  <hidden>
    E5                                                0.000     0.000 r  clk
                         net (fo=0)                   0.000     0.000    clk_IBUF_inst/I
    E5                   INBUF (Prop_INBUF_HPIOB_M_PAD_O)
                                                      0.274     0.274 r  clk_IBUF_inst/INBUF_INST/O
                         net (fo=1, routed)           0.000     0.274    clk_IBUF_inst/OUT
    E5                   IBUFCTRL (Prop_IBUFCTRL_HPIOB_M_I_O)
                                                      0.000     0.274 r  clk_IBUF_inst/IBUFCTRL_INST/O
                         net (fo=1, routed)           0.360     0.634    clk_IBUF
    BUFGCE_X0Y93         BUFGCE (Prop_BUFCE_BUFGCE_I_O)
                                                      0.039     0.673 r  clk_IBUF_BUFG_inst/O
    X1Y1 (CLOCK_ROOT)    net (fo=1037, routed)        2.239     2.912    fir_Iy/CLK
    SLICE_X28Y132        FDRE                                         r  fir_Iy/shift_reg_reg[0][7]/C

Slack:                    inf
  Source:                 Iy[4]
                            (input port)
  Destination:            fir_Iy/shift_reg_reg[0][4]/D
                            (rising edge-triggered cell FDRE clocked by clk  {rise@0.000ns fall@1.800ns period=3.600ns})
  Path Group:             (none)
  Path Type:              Setup (Max at Slow Process Corner)
  Data Path Delay:        3.033ns  (logic 0.557ns (18.353%)  route 2.476ns (81.647%))
  Logic Levels:           2  (IBUFCTRL=1 INBUF=1)
  Clock Path Skew:        2.900ns (DCD - SCD + CPR)
    Destination Clock Delay (DCD):    2.900ns
    Source Clock Delay      (SCD):    0.000ns
    Clock Pessimism Removal (CPR):    0.000ns
  Clock Uncertainty:      0.025ns  ((TSJ^2 + TIJ^2)^1/2 + DJ) / 2 + PE
    Total System Jitter     (TSJ):    0.050ns
    Total Input Jitter      (TIJ):    0.000ns
    Discrete Jitter          (DJ):    0.000ns
    Phase Error              (PE):    0.000ns
  Clock Net Delay (Destination): 2.227ns (routing 1.234ns, distribution 0.993ns)

    Location             Delay type                Incr(ns)  Path(ns)    Netlist Resource(s)
  -------------------------------------------------------------------    -------------------
    AE3                                               0.000     0.000 r  Iy[4]
                         net (fo=0)                   0.000     0.000    Iy_IBUF[4]_inst/I
    AE3                  INBUF (Prop_INBUF_HPIOB_M_PAD_O)
                                                      0.557     0.557 r  Iy_IBUF[4]_inst/INBUF_INST/O
                         net (fo=1, routed)           0.000     0.557    Iy_IBUF[4]_inst/OUT
    AE3                  IBUFCTRL (Prop_IBUFCTRL_HPIOB_M_I_O)
                                                      0.000     0.557 r  Iy_IBUF[4]_inst/IBUFCTRL_INST/O
                         net (fo=1, routed)           2.476     3.033    fir_Iy/D[4]
    SLICE_X29Y134        FDRE                                         r  fir_Iy/shift_reg_reg[0][4]/D
  -------------------------------------------------------------------    -------------------

                         (clock clk rise edge)        0.000     0.000 r  <hidden>
    E5                                                0.000     0.000 r  clk
                         net (fo=0)                   0.000     0.000    clk_IBUF_inst/I
    E5                   INBUF (Prop_INBUF_HPIOB_M_PAD_O)
                                                      0.274     0.274 r  clk_IBUF_inst/INBUF_INST/O
                         net (fo=1, routed)           0.000     0.274    clk_IBUF_inst/OUT
    E5                   IBUFCTRL (Prop_IBUFCTRL_HPIOB_M_I_O)
                                                      0.000     0.274 r  clk_IBUF_inst/IBUFCTRL_INST/O
                         net (fo=1, routed)           0.360     0.634    clk_IBUF
    BUFGCE_X0Y93         BUFGCE (Prop_BUFCE_BUFGCE_I_O)
                                                      0.039     0.673 r  clk_IBUF_BUFG_inst/O
    X1Y1 (CLOCK_ROOT)    net (fo=1037, routed)        2.227     2.900    fir_Iy/CLK
    SLICE_X29Y134        FDRE                                         r  fir_Iy/shift_reg_reg[0][4]/C

Slack:                    inf
  Source:                 Qy[1]
                            (input port)
  Destination:            fir_Qy/shift_reg_reg[0][1]/D
                            (rising edge-triggered cell FDRE clocked by clk  {rise@0.000ns fall@1.800ns period=3.600ns})
  Path Group:             (none)
  Path Type:              Setup (Max at Slow Process Corner)
  Data Path Delay:        2.898ns  (logic 0.535ns (18.450%)  route 2.363ns (81.550%))
  Logic Levels:           2  (IBUFCTRL=1 INBUF=1)
  Clock Path Skew:        2.859ns (DCD - SCD + CPR)
    Destination Clock Delay (DCD):    2.859ns
    Source Clock Delay      (SCD):    0.000ns
    Clock Pessimism Removal (CPR):    0.000ns
  Clock Uncertainty:      0.025ns  ((TSJ^2 + TIJ^2)^1/2 + DJ) / 2 + PE
    Total System Jitter     (TSJ):    0.050ns
    Total Input Jitter      (TIJ):    0.000ns
    Discrete Jitter          (DJ):    0.000ns
    Phase Error              (PE):    0.000ns
  Clock Net Delay (Destination): 2.186ns (routing 1.234ns, distribution 0.952ns)

    Location             Delay type                Incr(ns)  Path(ns)    Netlist Resource(s)
  -------------------------------------------------------------------    -------------------
    AC3                                               0.000     0.000 r  Qy[1]
                         net (fo=0)                   0.000     0.000    Qy_IBUF[1]_inst/I
    AC3                  INBUF (Prop_INBUF_HPIOB_S_PAD_O)
                                                      0.535     0.535 r  Qy_IBUF[1]_inst/INBUF_INST/O
                         net (fo=1, routed)           0.000     0.535    Qy_IBUF[1]_inst/OUT
    AC3                  IBUFCTRL (Prop_IBUFCTRL_HPIOB_S_I_O)
                                                      0.000     0.535 r  Qy_IBUF[1]_inst/IBUFCTRL_INST/O
                         net (fo=1, routed)           2.363     2.898    fir_Qy/D[1]
    SLICE_X28Y107        FDRE                                         r  fir_Qy/shift_reg_reg[0][1]/D
  -------------------------------------------------------------------    -------------------

                         (clock clk rise edge)        0.000     0.000 r  <hidden>
    E5                                                0.000     0.000 r  clk
                         net (fo=0)                   0.000     0.000    clk_IBUF_inst/I
    E5                   INBUF (Prop_INBUF_HPIOB_M_PAD_O)
                                                      0.274     0.274 r  clk_IBUF_inst/INBUF_INST/O
                         net (fo=1, routed)           0.000     0.274    clk_IBUF_inst/OUT
    E5                   IBUFCTRL (Prop_IBUFCTRL_HPIOB_M_I_O)
                                                      0.000     0.274 r  clk_IBUF_inst/IBUFCTRL_INST/O
                         net (fo=1, routed)           0.360     0.634    clk_IBUF
    BUFGCE_X0Y93         BUFGCE (Prop_BUFCE_BUFGCE_I_O)
                                                      0.039     0.673 r  clk_IBUF_BUFG_inst/O
    X1Y1 (CLOCK_ROOT)    net (fo=1037, routed)        2.186     2.859    fir_Qy/CLK
    SLICE_X28Y107        FDRE                                         r  fir_Qy/shift_reg_reg[0][1]/C

Slack:                    inf
  Source:                 valid_in
                            (input port)
  Destination:            fir_Ix/valid_stage0_reg/D
                            (rising edge-triggered cell FDRE clocked by clk  {rise@0.000ns fall@1.800ns period=3.600ns})
  Path Group:             (none)
  Path Type:              Setup (Max at Slow Process Corner)
  Data Path Delay:        2.864ns  (logic 0.538ns (18.773%)  route 2.326ns (81.227%))
  Logic Levels:           2  (IBUFCTRL=1 INBUF=1)
  Clock Path Skew:        2.873ns (DCD - SCD + CPR)
    Destination Clock Delay (DCD):    2.873ns
    Source Clock Delay      (SCD):    0.000ns
    Clock Pessimism Removal (CPR):    0.000ns
  Clock Uncertainty:      0.025ns  ((TSJ^2 + TIJ^2)^1/2 + DJ) / 2 + PE
    Total System Jitter     (TSJ):    0.050ns
    Total Input Jitter      (TIJ):    0.000ns
    Discrete Jitter          (DJ):    0.000ns
    Phase Error              (PE):    0.000ns
  Clock Net Delay (Destination): 2.200ns (routing 1.234ns, distribution 0.966ns)

    Location             Delay type                Incr(ns)  Path(ns)    Netlist Resource(s)
  -------------------------------------------------------------------    -------------------
    C3                                                0.000     0.000 r  valid_in
                         net (fo=0)                   0.000     0.000    valid_in_IBUF_inst/I
    C3                   INBUF (Prop_INBUF_HPIOB_M_PAD_O)
                                                      0.538     0.538 r  valid_in_IBUF_inst/INBUF_INST/O
                         net (fo=1, routed)           0.000     0.538    valid_in_IBUF_inst/OUT
    C3                   IBUFCTRL (Prop_IBUFCTRL_HPIOB_M_I_O)
                                                      0.000     0.538 r  valid_in_IBUF_inst/IBUFCTRL_INST/O
                         net (fo=1, routed)           2.326     2.864    fir_Ix/valid_in
    SLICE_X23Y68         FDRE                                         r  fir_Ix/valid_stage0_reg/D
  -------------------------------------------------------------------    -------------------

                         (clock clk rise edge)        0.000     0.000 r  <hidden>
    E5                                                0.000     0.000 r  clk
                         net (fo=0)                   0.000     0.000    clk_IBUF_inst/I
    E5                   INBUF (Prop_INBUF_HPIOB_M_PAD_O)
                                                      0.274     0.274 r  clk_IBUF_inst/INBUF_INST/O
                         net (fo=1, routed)           0.000     0.274    clk_IBUF_inst/OUT
    E5                   IBUFCTRL (Prop_IBUFCTRL_HPIOB_M_I_O)
                                                      0.000     0.274 r  clk_IBUF_inst/IBUFCTRL_INST/O
                         net (fo=1, routed)           0.360     0.634    clk_IBUF
    BUFGCE_X0Y93         BUFGCE (Prop_BUFCE_BUFGCE_I_O)
                                                      0.039     0.673 r  clk_IBUF_BUFG_inst/O
    X1Y1 (CLOCK_ROOT)    net (fo=1037, routed)        2.200     2.873    fir_Ix/CLK
    SLICE_X23Y68         FDRE                                         r  fir_Ix/valid_stage0_reg/C

Slack:                    inf
  Source:                 Qx[2]
                            (input port)
  Destination:            fir_Qx/shift_reg_reg[0][2]/D
                            (rising edge-triggered cell FDRE clocked by clk  {rise@0.000ns fall@1.800ns period=3.600ns})
  Path Group:             (none)
  Path Type:              Setup (Max at Slow Process Corner)
  Data Path Delay:        2.829ns  (logic 0.535ns (18.904%)  route 2.294ns (81.096%))
  Logic Levels:           2  (IBUFCTRL=1 INBUF=1)
  Clock Path Skew:        2.905ns (DCD - SCD + CPR)
    Destination Clock Delay (DCD):    2.905ns
    Source Clock Delay      (SCD):    0.000ns
    Clock Pessimism Removal (CPR):    0.000ns
  Clock Uncertainty:      0.025ns  ((TSJ^2 + TIJ^2)^1/2 + DJ) / 2 + PE
    Total System Jitter     (TSJ):    0.050ns
    Total Input Jitter      (TIJ):    0.000ns
    Discrete Jitter          (DJ):    0.000ns
    Phase Error              (PE):    0.000ns
  Clock Net Delay (Destination): 2.232ns (routing 1.234ns, distribution 0.998ns)

    Location             Delay type                Incr(ns)  Path(ns)    Netlist Resource(s)
  -------------------------------------------------------------------    -------------------
    AB2                                               0.000     0.000 r  Qx[2]
                         net (fo=0)                   0.000     0.000    Qx_IBUF[2]_inst/I
    AB2                  INBUF (Prop_INBUF_HPIOB_M_PAD_O)
                                                      0.535     0.535 r  Qx_IBUF[2]_inst/INBUF_INST/O
                         net (fo=1, routed)           0.000     0.535    Qx_IBUF[2]_inst/OUT
    AB2                  IBUFCTRL (Prop_IBUFCTRL_HPIOB_M_I_O)
                                                      0.000     0.535 r  Qx_IBUF[2]_inst/IBUFCTRL_INST/O
                         net (fo=1, routed)           2.294     2.829    fir_Qx/D[2]
    SLICE_X30Y123        FDRE                                         r  fir_Qx/shift_reg_reg[0][2]/D
  -------------------------------------------------------------------    -------------------

                         (clock clk rise edge)        0.000     0.000 r  <hidden>
    E5                                                0.000     0.000 r  clk
                         net (fo=0)                   0.000     0.000    clk_IBUF_inst/I
    E5                   INBUF (Prop_INBUF_HPIOB_M_PAD_O)
                                                      0.274     0.274 r  clk_IBUF_inst/INBUF_INST/O
                         net (fo=1, routed)           0.000     0.274    clk_IBUF_inst/OUT
    E5                   IBUFCTRL (Prop_IBUFCTRL_HPIOB_M_I_O)
                                                      0.000     0.274 r  clk_IBUF_inst/IBUFCTRL_INST/O
                         net (fo=1, routed)           0.360     0.634    clk_IBUF
    BUFGCE_X0Y93         BUFGCE (Prop_BUFCE_BUFGCE_I_O)
                                                      0.039     0.673 r  clk_IBUF_BUFG_inst/O
    X1Y1 (CLOCK_ROOT)    net (fo=1037, routed)        2.232     2.905    fir_Qx/CLK
    SLICE_X30Y123        FDRE                                         r  fir_Qx/shift_reg_reg[0][2]/C

Slack:                    inf
  Source:                 Qx[3]
                            (input port)
  Destination:            fir_Qx/shift_reg_reg[0][3]/D
                            (rising edge-triggered cell FDRE clocked by clk  {rise@0.000ns fall@1.800ns period=3.600ns})
  Path Group:             (none)
  Path Type:              Setup (Max at Slow Process Corner)
  Data Path Delay:        2.814ns  (logic 0.540ns (19.203%)  route 2.274ns (80.797%))
  Logic Levels:           2  (IBUFCTRL=1 INBUF=1)
  Clock Path Skew:        2.904ns (DCD - SCD + CPR)
    Destination Clock Delay (DCD):    2.904ns
    Source Clock Delay      (SCD):    0.000ns
    Clock Pessimism Removal (CPR):    0.000ns
  Clock Uncertainty:      0.025ns  ((TSJ^2 + TIJ^2)^1/2 + DJ) / 2 + PE
    Total System Jitter     (TSJ):    0.050ns
    Total Input Jitter      (TIJ):    0.000ns
    Discrete Jitter          (DJ):    0.000ns
    Phase Error              (PE):    0.000ns
  Clock Net Delay (Destination): 2.231ns (routing 1.234ns, distribution 0.997ns)

    Location             Delay type                Incr(ns)  Path(ns)    Netlist Resource(s)
  -------------------------------------------------------------------    -------------------
    AC2                                               0.000     0.000 r  Qx[3]
                         net (fo=0)                   0.000     0.000    Qx_IBUF[3]_inst/I
    AC2                  INBUF (Prop_INBUF_HPIOB_S_PAD_O)
                                                      0.540     0.540 r  Qx_IBUF[3]_inst/INBUF_INST/O
                         net (fo=1, routed)           0.000     0.540    Qx_IBUF[3]_inst/OUT
    AC2                  IBUFCTRL (Prop_IBUFCTRL_HPIOB_S_I_O)
                                                      0.000     0.540 r  Qx_IBUF[3]_inst/IBUFCTRL_INST/O
                         net (fo=1, routed)           2.274     2.814    fir_Qx/D[3]
    SLICE_X29Y124        FDRE                                         r  fir_Qx/shift_reg_reg[0][3]/D
  -------------------------------------------------------------------    -------------------

                         (clock clk rise edge)        0.000     0.000 r  <hidden>
    E5                                                0.000     0.000 r  clk
                         net (fo=0)                   0.000     0.000    clk_IBUF_inst/I
    E5                   INBUF (Prop_INBUF_HPIOB_M_PAD_O)
                                                      0.274     0.274 r  clk_IBUF_inst/INBUF_INST/O
                         net (fo=1, routed)           0.000     0.274    clk_IBUF_inst/OUT
    E5                   IBUFCTRL (Prop_IBUFCTRL_HPIOB_M_I_O)
                                                      0.000     0.274 r  clk_IBUF_inst/IBUFCTRL_INST/O
                         net (fo=1, routed)           0.360     0.634    clk_IBUF
    BUFGCE_X0Y93         BUFGCE (Prop_BUFCE_BUFGCE_I_O)
                                                      0.039     0.673 r  clk_IBUF_BUFG_inst/O
    X1Y1 (CLOCK_ROOT)    net (fo=1037, routed)        2.231     2.904    fir_Qx/CLK
    SLICE_X29Y124        FDRE                                         r  fir_Qx/shift_reg_reg[0][3]/C

Slack:                    inf
  Source:                 Qy[3]
                            (input port)
  Destination:            fir_Qy/shift_reg_reg[0][3]/D
                            (rising edge-triggered cell FDRE clocked by clk  {rise@0.000ns fall@1.800ns period=3.600ns})
  Path Group:             (none)
  Path Type:              Setup (Max at Slow Process Corner)
  Data Path Delay:        2.711ns  (logic 0.528ns (19.473%)  route 2.183ns (80.527%))
  Logic Levels:           2  (IBUFCTRL=1 INBUF=1)
  Clock Path Skew:        2.859ns (DCD - SCD + CPR)
    Destination Clock Delay (DCD):    2.859ns
    Source Clock Delay      (SCD):    0.000ns
    Clock Pessimism Removal (CPR):    0.000ns
  Clock Uncertainty:      0.025ns  ((TSJ^2 + TIJ^2)^1/2 + DJ) / 2 + PE
    Total System Jitter     (TSJ):    0.050ns
    Total Input Jitter      (TIJ):    0.000ns
    Discrete Jitter          (DJ):    0.000ns
    Phase Error              (PE):    0.000ns
  Clock Net Delay (Destination): 2.186ns (routing 1.234ns, distribution 0.952ns)

    Location             Delay type                Incr(ns)  Path(ns)    Netlist Resource(s)
  -------------------------------------------------------------------    -------------------
    AD4                                               0.000     0.000 r  Qy[3]
                         net (fo=0)                   0.000     0.000    Qy_IBUF[3]_inst/I
    AD4                  INBUF (Prop_INBUF_HPIOB_S_PAD_O)
                                                      0.528     0.528 r  Qy_IBUF[3]_inst/INBUF_INST/O
                         net (fo=1, routed)           0.000     0.528    Qy_IBUF[3]_inst/OUT
    AD4                  IBUFCTRL (Prop_IBUFCTRL_HPIOB_S_I_O)
                                                      0.000     0.528 r  Qy_IBUF[3]_inst/IBUFCTRL_INST/O
                         net (fo=1, routed)           2.183     2.711    fir_Qy/D[3]
    SLICE_X28Y107        FDRE                                         r  fir_Qy/shift_reg_reg[0][3]/D
  -------------------------------------------------------------------    -------------------

                         (clock clk rise edge)        0.000     0.000 r  <hidden>
    E5                                                0.000     0.000 r  clk
                         net (fo=0)                   0.000     0.000    clk_IBUF_inst/I
    E5                   INBUF (Prop_INBUF_HPIOB_M_PAD_O)
                                                      0.274     0.274 r  clk_IBUF_inst/INBUF_INST/O
                         net (fo=1, routed)           0.000     0.274    clk_IBUF_inst/OUT
    E5                   IBUFCTRL (Prop_IBUFCTRL_HPIOB_M_I_O)
                                                      0.000     0.274 r  clk_IBUF_inst/IBUFCTRL_INST/O
                         net (fo=1, routed)           0.360     0.634    clk_IBUF
    BUFGCE_X0Y93         BUFGCE (Prop_BUFCE_BUFGCE_I_O)
                                                      0.039     0.673 r  clk_IBUF_BUFG_inst/O
    X1Y1 (CLOCK_ROOT)    net (fo=1037, routed)        2.186     2.859    fir_Qy/CLK
    SLICE_X28Y107        FDRE                                         r  fir_Qy/shift_reg_reg[0][3]/C

Slack:                    inf
  Source:                 Ix[1]
                            (input port)
  Destination:            fir_Ix/shift_reg_reg[0][1]/D
                            (rising edge-triggered cell FDRE clocked by clk  {rise@0.000ns fall@1.800ns period=3.600ns})
  Path Group:             (none)
  Path Type:              Setup (Max at Slow Process Corner)
  Data Path Delay:        2.334ns  (logic 0.509ns (21.817%)  route 1.825ns (78.183%))
  Logic Levels:           2  (IBUFCTRL=1 INBUF=1)
  Clock Path Skew:        2.900ns (DCD - SCD + CPR)
    Destination Clock Delay (DCD):    2.900ns
    Source Clock Delay      (SCD):    0.000ns
    Clock Pessimism Removal (CPR):    0.000ns
  Clock Uncertainty:      0.025ns  ((TSJ^2 + TIJ^2)^1/2 + DJ) / 2 + PE
    Total System Jitter     (TSJ):    0.050ns
    Total Input Jitter      (TIJ):    0.000ns
    Discrete Jitter          (DJ):    0.000ns
    Phase Error              (PE):    0.000ns
  Clock Net Delay (Destination): 2.227ns (routing 1.234ns, distribution 0.993ns)

    Location             Delay type                Incr(ns)  Path(ns)    Netlist Resource(s)
  -------------------------------------------------------------------    -------------------
    E8                                                0.000     0.000 r  Ix[1]
                         net (fo=0)                   0.000     0.000    Ix_IBUF[1]_inst/I
    E8                   INBUF (Prop_INBUF_HPIOB_S_PAD_O)
                                                      0.509     0.509 r  Ix_IBUF[1]_inst/INBUF_INST/O
                         net (fo=1, routed)           0.000     0.509    Ix_IBUF[1]_inst/OUT
    E8                   IBUFCTRL (Prop_IBUFCTRL_HPIOB_S_I_O)
                                                      0.000     0.509 r  Ix_IBUF[1]_inst/IBUFCTRL_INST/O
                         net (fo=1, routed)           1.825     2.334    fir_Ix/D[1]
    SLICE_X28Y163        FDRE                                         r  fir_Ix/shift_reg_reg[0][1]/D
  -------------------------------------------------------------------    -------------------

                         (clock clk rise edge)        0.000     0.000 r  <hidden>
    E5                                                0.000     0.000 r  clk
                         net (fo=0)                   0.000     0.000    clk_IBUF_inst/I
    E5                   INBUF (Prop_INBUF_HPIOB_M_PAD_O)
                                                      0.274     0.274 r  clk_IBUF_inst/INBUF_INST/O
                         net (fo=1, routed)           0.000     0.274    clk_IBUF_inst/OUT
    E5                   IBUFCTRL (Prop_IBUFCTRL_HPIOB_M_I_O)
                                                      0.000     0.274 r  clk_IBUF_inst/IBUFCTRL_INST/O
                         net (fo=1, routed)           0.360     0.634    clk_IBUF
    BUFGCE_X0Y93         BUFGCE (Prop_BUFCE_BUFGCE_I_O)
                                                      0.039     0.673 r  clk_IBUF_BUFG_inst/O
    X1Y1 (CLOCK_ROOT)    net (fo=1037, routed)        2.227     2.900    fir_Ix/CLK
    SLICE_X28Y163        FDRE                                         r  fir_Ix/shift_reg_reg[0][1]/C

Slack:                    inf
  Source:                 Ix[5]
                            (input port)
  Destination:            fir_Ix/shift_reg_reg[0][5]/D
                            (rising edge-triggered cell FDRE clocked by clk  {rise@0.000ns fall@1.800ns period=3.600ns})
  Path Group:             (none)
  Path Type:              Setup (Max at Slow Process Corner)
  Data Path Delay:        2.224ns  (logic 0.510ns (22.914%)  route 1.714ns (77.086%))
  Logic Levels:           2  (IBUFCTRL=1 INBUF=1)
  Clock Path Skew:        2.893ns (DCD - SCD + CPR)
    Destination Clock Delay (DCD):    2.893ns
    Source Clock Delay      (SCD):    0.000ns
    Clock Pessimism Removal (CPR):    0.000ns
  Clock Uncertainty:      0.025ns  ((TSJ^2 + TIJ^2)^1/2 + DJ) / 2 + PE
    Total System Jitter     (TSJ):    0.050ns
    Total Input Jitter      (TIJ):    0.000ns
    Discrete Jitter          (DJ):    0.000ns
    Phase Error              (PE):    0.000ns
  Clock Net Delay (Destination): 2.220ns (routing 1.234ns, distribution 0.986ns)

    Location             Delay type                Incr(ns)  Path(ns)    Netlist Resource(s)
  -------------------------------------------------------------------    -------------------
    F6                                                0.000     0.000 r  Ix[5]
                         net (fo=0)                   0.000     0.000    Ix_IBUF[5]_inst/I
    F6                   INBUF (Prop_INBUF_HPIOB_S_PAD_O)
                                                      0.510     0.510 r  Ix_IBUF[5]_inst/INBUF_INST/O
                         net (fo=1, routed)           0.000     0.510    Ix_IBUF[5]_inst/OUT
    F6                   IBUFCTRL (Prop_IBUFCTRL_HPIOB_S_I_O)
                                                      0.000     0.510 r  Ix_IBUF[5]_inst/IBUFCTRL_INST/O
                         net (fo=1, routed)           1.714     2.224    fir_Ix/D[5]
    SLICE_X27Y160        FDRE                                         r  fir_Ix/shift_reg_reg[0][5]/D
  -------------------------------------------------------------------    -------------------

                         (clock clk rise edge)        0.000     0.000 r  <hidden>
    E5                                                0.000     0.000 r  clk
                         net (fo=0)                   0.000     0.000    clk_IBUF_inst/I
    E5                   INBUF (Prop_INBUF_HPIOB_M_PAD_O)
                                                      0.274     0.274 r  clk_IBUF_inst/INBUF_INST/O
                         net (fo=1, routed)           0.000     0.274    clk_IBUF_inst/OUT
    E5                   IBUFCTRL (Prop_IBUFCTRL_HPIOB_M_I_O)
                                                      0.000     0.274 r  clk_IBUF_inst/IBUFCTRL_INST/O
                         net (fo=1, routed)           0.360     0.634    clk_IBUF
    BUFGCE_X0Y93         BUFGCE (Prop_BUFCE_BUFGCE_I_O)
                                                      0.039     0.673 r  clk_IBUF_BUFG_inst/O
    X1Y1 (CLOCK_ROOT)    net (fo=1037, routed)        2.220     2.893    fir_Ix/CLK
    SLICE_X27Y160        FDRE                                         r  fir_Ix/shift_reg_reg[0][5]/C

Slack:                    inf
  Source:                 Ix[0]
                            (input port)
  Destination:            fir_Ix/shift_reg_reg[0][0]/D
                            (rising edge-triggered cell FDRE clocked by clk  {rise@0.000ns fall@1.800ns period=3.600ns})
  Path Group:             (none)
  Path Type:              Setup (Max at Slow Process Corner)
  Data Path Delay:        2.212ns  (logic 0.510ns (23.043%)  route 1.702ns (76.957%))
  Logic Levels:           2  (IBUFCTRL=1 INBUF=1)
  Clock Path Skew:        2.893ns (DCD - SCD + CPR)
    Destination Clock Delay (DCD):    2.893ns
    Source Clock Delay      (SCD):    0.000ns
    Clock Pessimism Removal (CPR):    0.000ns
  Clock Uncertainty:      0.025ns  ((TSJ^2 + TIJ^2)^1/2 + DJ) / 2 + PE
    Total System Jitter     (TSJ):    0.050ns
    Total Input Jitter      (TIJ):    0.000ns
    Discrete Jitter          (DJ):    0.000ns
    Phase Error              (PE):    0.000ns
  Clock Net Delay (Destination): 2.220ns (routing 1.234ns, distribution 0.986ns)

    Location             Delay type                Incr(ns)  Path(ns)    Netlist Resource(s)
  -------------------------------------------------------------------    -------------------
    F8                                                0.000     0.000 r  Ix[0]
                         net (fo=0)                   0.000     0.000    Ix_IBUF[0]_inst/I
    F8                   INBUF (Prop_INBUF_HPIOB_M_PAD_O)
                                                      0.510     0.510 r  Ix_IBUF[0]_inst/INBUF_INST/O
                         net (fo=1, routed)           0.000     0.510    Ix_IBUF[0]_inst/OUT
    F8                   IBUFCTRL (Prop_IBUFCTRL_HPIOB_M_I_O)
                                                      0.000     0.510 r  Ix_IBUF[0]_inst/IBUFCTRL_INST/O
                         net (fo=1, routed)           1.702     2.212    fir_Ix/D[0]
    SLICE_X27Y160        FDRE                                         r  fir_Ix/shift_reg_reg[0][0]/D
  -------------------------------------------------------------------    -------------------

                         (clock clk rise edge)        0.000     0.000 r  <hidden>
    E5                                                0.000     0.000 r  clk
                         net (fo=0)                   0.000     0.000    clk_IBUF_inst/I
    E5                   INBUF (Prop_INBUF_HPIOB_M_PAD_O)
                                                      0.274     0.274 r  clk_IBUF_inst/INBUF_INST/O
                         net (fo=1, routed)           0.000     0.274    clk_IBUF_inst/OUT
    E5                   IBUFCTRL (Prop_IBUFCTRL_HPIOB_M_I_O)
                                                      0.000     0.274 r  clk_IBUF_inst/IBUFCTRL_INST/O
                         net (fo=1, routed)           0.360     0.634    clk_IBUF
    BUFGCE_X0Y93         BUFGCE (Prop_BUFCE_BUFGCE_I_O)
                                                      0.039     0.673 r  clk_IBUF_BUFG_inst/O
    X1Y1 (CLOCK_ROOT)    net (fo=1037, routed)        2.220     2.893    fir_Ix/CLK
    SLICE_X27Y160        FDRE                                         r  fir_Ix/shift_reg_reg[0][0]/C





Min Delay Paths
--------------------------------------------------------------------------------------
Slack:                    inf
  Source:                 fir_Qx/partial_sum_reg[0]/DSP_C_DATA_INST/C_DATA[6]
                            (internal pin)
  Destination:            fir_Qx/shift_reg_reg[0][7]_psdsp_17/D
                            (rising edge-triggered cell FDRE clocked by clk  {rise@0.000ns fall@1.800ns period=3.600ns})
  Path Group:             (none)
  Path Type:              Hold (Min at Fast Process Corner)
  Data Path Delay:        0.222ns  (logic 0.147ns (66.216%)  route 0.075ns (33.784%))
  Logic Levels:           2  (DSP_ALU=1 DSP_OUTPUT=1)
  Clock Uncertainty:      0.025ns  ((TSJ^2 + TIJ^2)^1/2 + DJ) / 2 + PE
    Total System Jitter     (TSJ):    0.050ns
    Total Input Jitter      (TIJ):    0.000ns
    Discrete Jitter          (DJ):    0.000ns
    Phase Error              (PE):    0.000ns
  Clock Net Delay (Destination): 1.467ns (routing 0.803ns, distribution 0.664ns)

    Location             Delay type                Incr(ns)  Path(ns)    Netlist Resource(s)
  -------------------------------------------------------------------    -------------------
    DSP48E2_X9Y52        DSP_C_DATA                   0.000     0.000 r  fir_Qx/partial_sum_reg[0]/DSP_C_DATA_INST/C_DATA[6]
                         net (fo=2, routed)           0.000     0.000    fir_Qx/partial_sum_reg[0]/DSP_C_DATA.C_DATA<6>
    DSP48E2_X9Y52        DSP_ALU (Prop_DSP_ALU_DSP48E2_C_DATA[6]_ALU_OUT[6])
                                                      0.114     0.114 f  fir_Qx/partial_sum_reg[0]/DSP_ALU_INST/ALU_OUT[6]
                         net (fo=1, routed)           0.000     0.114    fir_Qx/partial_sum_reg[0]/DSP_ALU.ALU_OUT<6>
    DSP48E2_X9Y52        DSP_OUTPUT (Prop_DSP_OUTPUT_DSP48E2_ALU_OUT[6]_P[6])
                                                      0.033     0.147 r  fir_Qx/partial_sum_reg[0]/DSP_OUTPUT_INST/P[6]
                         net (fo=1, routed)           0.075     0.222    fir_Qx/shift_reg_reg[0][7]_psdsp_psdsp_n_16
    SLICE_X34Y130        FDRE                                         r  fir_Qx/shift_reg_reg[0][7]_psdsp_17/D
  -------------------------------------------------------------------    -------------------

                         (clock clk rise edge)        0.000     0.000 r  <hidden>
    E5                                                0.000     0.000 r  clk
                         net (fo=0)                   0.000     0.000    clk_IBUF_inst/I
    E5                   INBUF (Prop_INBUF_HPIOB_M_PAD_O)
                                                      0.344     0.344 r  clk_IBUF_inst/INBUF_INST/O
                         net (fo=1, routed)           0.000     0.344    clk_IBUF_inst/OUT
    E5                   IBUFCTRL (Prop_IBUFCTRL_HPIOB_M_I_O)
                                                      0.000     0.344 r  clk_IBUF_inst/IBUFCTRL_INST/O
                         net (fo=1, routed)           0.306     0.650    clk_IBUF
    BUFGCE_X0Y93         BUFGCE (Prop_BUFCE_BUFGCE_I_O)
                                                      0.026     0.676 r  clk_IBUF_BUFG_inst/O
    X1Y1 (CLOCK_ROOT)    net (fo=1037, routed)        1.467     2.143    fir_Qx/CLK
    SLICE_X34Y130        FDRE                                         r  fir_Qx/shift_reg_reg[0][7]_psdsp_17/C

Slack:                    inf
  Source:                 fir_Ix/partial_sum_reg[0]/DSP_C_DATA_INST/C_DATA[10]
                            (internal pin)
  Destination:            fir_Ix/shift_reg_reg[0][7]_psdsp_13/D
                            (rising edge-triggered cell FDRE clocked by clk  {rise@0.000ns fall@1.800ns period=3.600ns})
  Path Group:             (none)
  Path Type:              Hold (Min at Fast Process Corner)
  Data Path Delay:        0.223ns  (logic 0.147ns (65.919%)  route 0.076ns (34.081%))
  Logic Levels:           2  (DSP_ALU=1 DSP_OUTPUT=1)
  Clock Uncertainty:      0.025ns  ((TSJ^2 + TIJ^2)^1/2 + DJ) / 2 + PE
    Total System Jitter     (TSJ):    0.050ns
    Total Input Jitter      (TIJ):    0.000ns
    Discrete Jitter          (DJ):    0.000ns
    Phase Error              (PE):    0.000ns
  Clock Net Delay (Destination): 1.481ns (routing 0.803ns, distribution 0.678ns)

    Location             Delay type                Incr(ns)  Path(ns)    Netlist Resource(s)
  -------------------------------------------------------------------    -------------------
    DSP48E2_X7Y64        DSP_C_DATA                   0.000     0.000 r  fir_Ix/partial_sum_reg[0]/DSP_C_DATA_INST/C_DATA[10]
                         net (fo=2, routed)           0.000     0.000    fir_Ix/partial_sum_reg[0]/DSP_C_DATA.C_DATA<10>
    DSP48E2_X7Y64        DSP_ALU (Prop_DSP_ALU_DSP48E2_C_DATA[10]_ALU_OUT[10])
                                                      0.114     0.114 f  fir_Ix/partial_sum_reg[0]/DSP_ALU_INST/ALU_OUT[10]
                         net (fo=1, routed)           0.000     0.114    fir_Ix/partial_sum_reg[0]/DSP_ALU.ALU_OUT<10>
    DSP48E2_X7Y64        DSP_OUTPUT (Prop_DSP_OUTPUT_DSP48E2_ALU_OUT[10]_P[10])
                                                      0.033     0.147 r  fir_Ix/partial_sum_reg[0]/DSP_OUTPUT_INST/P[10]
                         net (fo=1, routed)           0.076     0.223    fir_Ix/shift_reg_reg[0][7]_psdsp_psdsp_n_12
    SLICE_X28Y161        FDRE                                         r  fir_Ix/shift_reg_reg[0][7]_psdsp_13/D
  -------------------------------------------------------------------    -------------------

                         (clock clk rise edge)        0.000     0.000 r  <hidden>
    E5                                                0.000     0.000 r  clk
                         net (fo=0)                   0.000     0.000    clk_IBUF_inst/I
    E5                   INBUF (Prop_INBUF_HPIOB_M_PAD_O)
                                                      0.344     0.344 r  clk_IBUF_inst/INBUF_INST/O
                         net (fo=1, routed)           0.000     0.344    clk_IBUF_inst/OUT
    E5                   IBUFCTRL (Prop_IBUFCTRL_HPIOB_M_I_O)
                                                      0.000     0.344 r  clk_IBUF_inst/IBUFCTRL_INST/O
                         net (fo=1, routed)           0.306     0.650    clk_IBUF
    BUFGCE_X0Y93         BUFGCE (Prop_BUFCE_BUFGCE_I_O)
                                                      0.026     0.676 r  clk_IBUF_BUFG_inst/O
    X1Y1 (CLOCK_ROOT)    net (fo=1037, routed)        1.481     2.157    fir_Ix/CLK
    SLICE_X28Y161        FDRE                                         r  fir_Ix/shift_reg_reg[0][7]_psdsp_13/C

Slack:                    inf
  Source:                 fir_Qx/partial_sum_reg[0]/DSP_C_DATA_INST/C_DATA[10]
                            (internal pin)
  Destination:            fir_Qx/shift_reg_reg[0][7]_psdsp_13/D
                            (rising edge-triggered cell FDRE clocked by clk  {rise@0.000ns fall@1.800ns period=3.600ns})
  Path Group:             (none)
  Path Type:              Hold (Min at Fast Process Corner)
  Data Path Delay:        0.223ns  (logic 0.147ns (65.919%)  route 0.076ns (34.081%))
  Logic Levels:           2  (DSP_ALU=1 DSP_OUTPUT=1)
  Clock Uncertainty:      0.025ns  ((TSJ^2 + TIJ^2)^1/2 + DJ) / 2 + PE
    Total System Jitter     (TSJ):    0.050ns
    Total Input Jitter      (TIJ):    0.000ns
    Discrete Jitter          (DJ):    0.000ns
    Phase Error              (PE):    0.000ns
  Clock Net Delay (Destination): 1.473ns (routing 0.803ns, distribution 0.670ns)

    Location             Delay type                Incr(ns)  Path(ns)    Netlist Resource(s)
  -------------------------------------------------------------------    -------------------
    DSP48E2_X9Y52        DSP_C_DATA                   0.000     0.000 r  fir_Qx/partial_sum_reg[0]/DSP_C_DATA_INST/C_DATA[10]
                         net (fo=2, routed)           0.000     0.000    fir_Qx/partial_sum_reg[0]/DSP_C_DATA.C_DATA<10>
    DSP48E2_X9Y52        DSP_ALU (Prop_DSP_ALU_DSP48E2_C_DATA[10]_ALU_OUT[10])
                                                      0.114     0.114 f  fir_Qx/partial_sum_reg[0]/DSP_ALU_INST/ALU_OUT[10]
                         net (fo=1, routed)           0.000     0.114    fir_Qx/partial_sum_reg[0]/DSP_ALU.ALU_OUT<10>
    DSP48E2_X9Y52        DSP_OUTPUT (Prop_DSP_OUTPUT_DSP48E2_ALU_OUT[10]_P[10])
                                                      0.033     0.147 r  fir_Qx/partial_sum_reg[0]/DSP_OUTPUT_INST/P[10]
                         net (fo=1, routed)           0.076     0.223    fir_Qx/shift_reg_reg[0][7]_psdsp_psdsp_n_12
    SLICE_X34Y131        FDRE                                         r  fir_Qx/shift_reg_reg[0][7]_psdsp_13/D
  -------------------------------------------------------------------    -------------------

                         (clock clk rise edge)        0.000     0.000 r  <hidden>
    E5                                                0.000     0.000 r  clk
                         net (fo=0)                   0.000     0.000    clk_IBUF_inst/I
    E5                   INBUF (Prop_INBUF_HPIOB_M_PAD_O)
                                                      0.344     0.344 r  clk_IBUF_inst/INBUF_INST/O
                         net (fo=1, routed)           0.000     0.344    clk_IBUF_inst/OUT
    E5                   IBUFCTRL (Prop_IBUFCTRL_HPIOB_M_I_O)
                                                      0.000     0.344 r  clk_IBUF_inst/IBUFCTRL_INST/O
                         net (fo=1, routed)           0.306     0.650    clk_IBUF
    BUFGCE_X0Y93         BUFGCE (Prop_BUFCE_BUFGCE_I_O)
                                                      0.026     0.676 r  clk_IBUF_BUFG_inst/O
    X1Y1 (CLOCK_ROOT)    net (fo=1037, routed)        1.473     2.149    fir_Qx/CLK
    SLICE_X34Y131        FDRE                                         r  fir_Qx/shift_reg_reg[0][7]_psdsp_13/C

Slack:                    inf
  Source:                 fir_Qy/partial_sum_reg[0]/DSP_C_DATA_INST/C_DATA[6]
                            (internal pin)
  Destination:            fir_Qy/shift_reg_reg[0][7]_psdsp_17/D
                            (rising edge-triggered cell FDRE clocked by clk  {rise@0.000ns fall@1.800ns period=3.600ns})
  Path Group:             (none)
  Path Type:              Hold (Min at Fast Process Corner)
  Data Path Delay:        0.224ns  (logic 0.147ns (65.625%)  route 0.077ns (34.375%))
  Logic Levels:           2  (DSP_ALU=1 DSP_OUTPUT=1)
  Clock Uncertainty:      0.025ns  ((TSJ^2 + TIJ^2)^1/2 + DJ) / 2 + PE
    Total System Jitter     (TSJ):    0.050ns
    Total Input Jitter      (TIJ):    0.000ns
    Discrete Jitter          (DJ):    0.000ns
    Phase Error              (PE):    0.000ns
  Clock Net Delay (Destination): 1.441ns (routing 0.803ns, distribution 0.638ns)

    Location             Delay type                Incr(ns)  Path(ns)    Netlist Resource(s)
  -------------------------------------------------------------------    -------------------
    DSP48E2_X7Y47        DSP_C_DATA                   0.000     0.000 r  fir_Qy/partial_sum_reg[0]/DSP_C_DATA_INST/C_DATA[6]
                         net (fo=2, routed)           0.000     0.000    fir_Qy/partial_sum_reg[0]/DSP_C_DATA.C_DATA<6>
    DSP48E2_X7Y47        DSP_ALU (Prop_DSP_ALU_DSP48E2_C_DATA[6]_ALU_OUT[6])
                                                      0.114     0.114 f  fir_Qy/partial_sum_reg[0]/DSP_ALU_INST/ALU_OUT[6]
                         net (fo=1, routed)           0.000     0.114    fir_Qy/partial_sum_reg[0]/DSP_ALU.ALU_OUT<6>
    DSP48E2_X7Y47        DSP_OUTPUT (Prop_DSP_OUTPUT_DSP48E2_ALU_OUT[6]_P[6])
                                                      0.033     0.147 r  fir_Qy/partial_sum_reg[0]/DSP_OUTPUT_INST/P[6]
                         net (fo=1, routed)           0.077     0.224    fir_Qy/shift_reg_reg[0][7]_psdsp_psdsp_n_16
    SLICE_X28Y115        FDRE                                         r  fir_Qy/shift_reg_reg[0][7]_psdsp_17/D
  -------------------------------------------------------------------    -------------------

                         (clock clk rise edge)        0.000     0.000 r  <hidden>
    E5                                                0.000     0.000 r  clk
                         net (fo=0)                   0.000     0.000    clk_IBUF_inst/I
    E5                   INBUF (Prop_INBUF_HPIOB_M_PAD_O)
                                                      0.344     0.344 r  clk_IBUF_inst/INBUF_INST/O
                         net (fo=1, routed)           0.000     0.344    clk_IBUF_inst/OUT
    E5                   IBUFCTRL (Prop_IBUFCTRL_HPIOB_M_I_O)
                                                      0.000     0.344 r  clk_IBUF_inst/IBUFCTRL_INST/O
                         net (fo=1, routed)           0.306     0.650    clk_IBUF
    BUFGCE_X0Y93         BUFGCE (Prop_BUFCE_BUFGCE_I_O)
                                                      0.026     0.676 r  clk_IBUF_BUFG_inst/O
    X1Y1 (CLOCK_ROOT)    net (fo=1037, routed)        1.441     2.117    fir_Qy/CLK
    SLICE_X28Y115        FDRE                                         r  fir_Qy/shift_reg_reg[0][7]_psdsp_17/C

Slack:                    inf
  Source:                 fir_Qy/partial_sum_reg[0]/DSP_C_DATA_INST/C_DATA[15]
                            (internal pin)
  Destination:            fir_Qy/shift_reg_reg[0][7]_psdsp_8/D
                            (rising edge-triggered cell FDRE clocked by clk  {rise@0.000ns fall@1.800ns period=3.600ns})
  Path Group:             (none)
  Path Type:              Hold (Min at Fast Process Corner)
  Data Path Delay:        0.224ns  (logic 0.147ns (65.625%)  route 0.077ns (34.375%))
  Logic Levels:           2  (DSP_ALU=1 DSP_OUTPUT=1)
  Clock Uncertainty:      0.025ns  ((TSJ^2 + TIJ^2)^1/2 + DJ) / 2 + PE
    Total System Jitter     (TSJ):    0.050ns
    Total Input Jitter      (TIJ):    0.000ns
    Discrete Jitter          (DJ):    0.000ns
    Phase Error              (PE):    0.000ns
  Clock Net Delay (Destination): 1.451ns (routing 0.803ns, distribution 0.648ns)

    Location             Delay type                Incr(ns)  Path(ns)    Netlist Resource(s)
  -------------------------------------------------------------------    -------------------
    DSP48E2_X7Y47        DSP_C_DATA                   0.000     0.000 r  fir_Qy/partial_sum_reg[0]/DSP_C_DATA_INST/C_DATA[15]
                         net (fo=2, routed)           0.000     0.000    fir_Qy/partial_sum_reg[0]/DSP_C_DATA.C_DATA<15>
    DSP48E2_X7Y47        DSP_ALU (Prop_DSP_ALU_DSP48E2_C_DATA[15]_ALU_OUT[15])
                                                      0.114     0.114 f  fir_Qy/partial_sum_reg[0]/DSP_ALU_INST/ALU_OUT[15]
                         net (fo=1, routed)           0.000     0.114    fir_Qy/partial_sum_reg[0]/DSP_ALU.ALU_OUT<15>
    DSP48E2_X7Y47        DSP_OUTPUT (Prop_DSP_OUTPUT_DSP48E2_ALU_OUT[15]_P[15])
                                                      0.033     0.147 r  fir_Qy/partial_sum_reg[0]/DSP_OUTPUT_INST/P[15]
                         net (fo=1, routed)           0.077     0.224    fir_Qy/shift_reg_reg[0][7]_psdsp_psdsp_n_7
    SLICE_X28Y116        FDRE                                         r  fir_Qy/shift_reg_reg[0][7]_psdsp_8/D
  -------------------------------------------------------------------    -------------------

                         (clock clk rise edge)        0.000     0.000 r  <hidden>
    E5                                                0.000     0.000 r  clk
                         net (fo=0)                   0.000     0.000    clk_IBUF_inst/I
    E5                   INBUF (Prop_INBUF_HPIOB_M_PAD_O)
                                                      0.344     0.344 r  clk_IBUF_inst/INBUF_INST/O
                         net (fo=1, routed)           0.000     0.344    clk_IBUF_inst/OUT
    E5                   IBUFCTRL (Prop_IBUFCTRL_HPIOB_M_I_O)
                                                      0.000     0.344 r  clk_IBUF_inst/IBUFCTRL_INST/O
                         net (fo=1, routed)           0.306     0.650    clk_IBUF
    BUFGCE_X0Y93         BUFGCE (Prop_BUFCE_BUFGCE_I_O)
                                                      0.026     0.676 r  clk_IBUF_BUFG_inst/O
    X1Y1 (CLOCK_ROOT)    net (fo=1037, routed)        1.451     2.127    fir_Qy/CLK
    SLICE_X28Y116        FDRE                                         r  fir_Qy/shift_reg_reg[0][7]_psdsp_8/C

Slack:                    inf
  Source:                 fir_Qy/partial_sum_reg[0]/DSP_C_DATA_INST/C_DATA[17]
                            (internal pin)
  Destination:            fir_Qy/shift_reg_reg[0][7]_psdsp_6/D
                            (rising edge-triggered cell FDRE clocked by clk  {rise@0.000ns fall@1.800ns period=3.600ns})
  Path Group:             (none)
  Path Type:              Hold (Min at Fast Process Corner)
  Data Path Delay:        0.228ns  (logic 0.147ns (64.474%)  route 0.081ns (35.526%))
  Logic Levels:           2  (DSP_ALU=1 DSP_OUTPUT=1)
  Clock Uncertainty:      0.025ns  ((TSJ^2 + TIJ^2)^1/2 + DJ) / 2 + PE
    Total System Jitter     (TSJ):    0.050ns
    Total Input Jitter      (TIJ):    0.000ns
    Discrete Jitter          (DJ):    0.000ns
    Phase Error              (PE):    0.000ns
  Clock Net Delay (Destination): 1.443ns (routing 0.803ns, distribution 0.640ns)

    Location             Delay type                Incr(ns)  Path(ns)    Netlist Resource(s)
  -------------------------------------------------------------------    -------------------
    DSP48E2_X7Y47        DSP_C_DATA                   0.000     0.000 r  fir_Qy/partial_sum_reg[0]/DSP_C_DATA_INST/C_DATA[17]
                         net (fo=2, routed)           0.000     0.000    fir_Qy/partial_sum_reg[0]/DSP_C_DATA.C_DATA<17>
    DSP48E2_X7Y47        DSP_ALU (Prop_DSP_ALU_DSP48E2_C_DATA[17]_ALU_OUT[17])
                                                      0.114     0.114 f  fir_Qy/partial_sum_reg[0]/DSP_ALU_INST/ALU_OUT[17]
                         net (fo=1, routed)           0.000     0.114    fir_Qy/partial_sum_reg[0]/DSP_ALU.ALU_OUT<17>
    DSP48E2_X7Y47        DSP_OUTPUT (Prop_DSP_OUTPUT_DSP48E2_ALU_OUT[17]_P[17])
                                                      0.033     0.147 r  fir_Qy/partial_sum_reg[0]/DSP_OUTPUT_INST/P[17]
                         net (fo=1, routed)           0.081     0.228    fir_Qy/shift_reg_reg[0][7]_psdsp_psdsp_n_5
    SLICE_X28Y117        FDRE                                         r  fir_Qy/shift_reg_reg[0][7]_psdsp_6/D
  -------------------------------------------------------------------    -------------------

                         (clock clk rise edge)        0.000     0.000 r  <hidden>
    E5                                                0.000     0.000 r  clk
                         net (fo=0)                   0.000     0.000    clk_IBUF_inst/I
    E5                   INBUF (Prop_INBUF_HPIOB_M_PAD_O)
                                                      0.344     0.344 r  clk_IBUF_inst/INBUF_INST/O
                         net (fo=1, routed)           0.000     0.344    clk_IBUF_inst/OUT
    E5                   IBUFCTRL (Prop_IBUFCTRL_HPIOB_M_I_O)
                                                      0.000     0.344 r  clk_IBUF_inst/IBUFCTRL_INST/O
                         net (fo=1, routed)           0.306     0.650    clk_IBUF
    BUFGCE_X0Y93         BUFGCE (Prop_BUFCE_BUFGCE_I_O)
                                                      0.026     0.676 r  clk_IBUF_BUFG_inst/O
    X1Y1 (CLOCK_ROOT)    net (fo=1037, routed)        1.443     2.119    fir_Qy/CLK
    SLICE_X28Y117        FDRE                                         r  fir_Qy/shift_reg_reg[0][7]_psdsp_6/C

Slack:                    inf
  Source:                 fir_Qy/partial_sum_reg[0]/DSP_C_DATA_INST/C_DATA[10]
                            (internal pin)
  Destination:            fir_Qy/shift_reg_reg[0][7]_psdsp_13/D
                            (rising edge-triggered cell FDRE clocked by clk  {rise@0.000ns fall@1.800ns period=3.600ns})
  Path Group:             (none)
  Path Type:              Hold (Min at Fast Process Corner)
  Data Path Delay:        0.229ns  (logic 0.147ns (64.192%)  route 0.082ns (35.808%))
  Logic Levels:           2  (DSP_ALU=1 DSP_OUTPUT=1)
  Clock Uncertainty:      0.025ns  ((TSJ^2 + TIJ^2)^1/2 + DJ) / 2 + PE
    Total System Jitter     (TSJ):    0.050ns
    Total Input Jitter      (TIJ):    0.000ns
    Discrete Jitter          (DJ):    0.000ns
    Phase Error              (PE):    0.000ns
  Clock Net Delay (Destination): 1.451ns (routing 0.803ns, distribution 0.648ns)

    Location             Delay type                Incr(ns)  Path(ns)    Netlist Resource(s)
  -------------------------------------------------------------------    -------------------
    DSP48E2_X7Y47        DSP_C_DATA                   0.000     0.000 r  fir_Qy/partial_sum_reg[0]/DSP_C_DATA_INST/C_DATA[10]
                         net (fo=2, routed)           0.000     0.000    fir_Qy/partial_sum_reg[0]/DSP_C_DATA.C_DATA<10>
    DSP48E2_X7Y47        DSP_ALU (Prop_DSP_ALU_DSP48E2_C_DATA[10]_ALU_OUT[10])
                                                      0.114     0.114 f  fir_Qy/partial_sum_reg[0]/DSP_ALU_INST/ALU_OUT[10]
                         net (fo=1, routed)           0.000     0.114    fir_Qy/partial_sum_reg[0]/DSP_ALU.ALU_OUT<10>
    DSP48E2_X7Y47        DSP_OUTPUT (Prop_DSP_OUTPUT_DSP48E2_ALU_OUT[10]_P[10])
                                                      0.033     0.147 r  fir_Qy/partial_sum_reg[0]/DSP_OUTPUT_INST/P[10]
                         net (fo=1, routed)           0.082     0.229    fir_Qy/shift_reg_reg[0][7]_psdsp_psdsp_n_12
    SLICE_X28Y116        FDRE                                         r  fir_Qy/shift_reg_reg[0][7]_psdsp_13/D
  -------------------------------------------------------------------    -------------------

                         (clock clk rise edge)        0.000     0.000 r  <hidden>
    E5                                                0.000     0.000 r  clk
                         net (fo=0)                   0.000     0.000    clk_IBUF_inst/I
    E5                   INBUF (Prop_INBUF_HPIOB_M_PAD_O)
                                                      0.344     0.344 r  clk_IBUF_inst/INBUF_INST/O
                         net (fo=1, routed)           0.000     0.344    clk_IBUF_inst/OUT
    E5                   IBUFCTRL (Prop_IBUFCTRL_HPIOB_M_I_O)
                                                      0.000     0.344 r  clk_IBUF_inst/IBUFCTRL_INST/O
                         net (fo=1, routed)           0.306     0.650    clk_IBUF
    BUFGCE_X0Y93         BUFGCE (Prop_BUFCE_BUFGCE_I_O)
                                                      0.026     0.676 r  clk_IBUF_BUFG_inst/O
    X1Y1 (CLOCK_ROOT)    net (fo=1037, routed)        1.451     2.127    fir_Qy/CLK
    SLICE_X28Y116        FDRE                                         r  fir_Qy/shift_reg_reg[0][7]_psdsp_13/C

Slack:                    inf
  Source:                 fir_Qx/partial_sum_reg[0]/DSP_C_DATA_INST/C_DATA[11]
                            (internal pin)
  Destination:            fir_Qx/shift_reg_reg[0][7]_psdsp_12/D
                            (rising edge-triggered cell FDRE clocked by clk  {rise@0.000ns fall@1.800ns period=3.600ns})
  Path Group:             (none)
  Path Type:              Hold (Min at Fast Process Corner)
  Data Path Delay:        0.233ns  (logic 0.147ns (63.090%)  route 0.086ns (36.910%))
  Logic Levels:           2  (DSP_ALU=1 DSP_OUTPUT=1)
  Clock Uncertainty:      0.025ns  ((TSJ^2 + TIJ^2)^1/2 + DJ) / 2 + PE
    Total System Jitter     (TSJ):    0.050ns
    Total Input Jitter      (TIJ):    0.000ns
    Discrete Jitter          (DJ):    0.000ns
    Phase Error              (PE):    0.000ns
  Clock Net Delay (Destination): 1.473ns (routing 0.803ns, distribution 0.670ns)

    Location             Delay type                Incr(ns)  Path(ns)    Netlist Resource(s)
  -------------------------------------------------------------------    -------------------
    DSP48E2_X9Y52        DSP_C_DATA                   0.000     0.000 r  fir_Qx/partial_sum_reg[0]/DSP_C_DATA_INST/C_DATA[11]
                         net (fo=2, routed)           0.000     0.000    fir_Qx/partial_sum_reg[0]/DSP_C_DATA.C_DATA<11>
    DSP48E2_X9Y52        DSP_ALU (Prop_DSP_ALU_DSP48E2_C_DATA[11]_ALU_OUT[11])
                                                      0.114     0.114 f  fir_Qx/partial_sum_reg[0]/DSP_ALU_INST/ALU_OUT[11]
                         net (fo=1, routed)           0.000     0.114    fir_Qx/partial_sum_reg[0]/DSP_ALU.ALU_OUT<11>
    DSP48E2_X9Y52        DSP_OUTPUT (Prop_DSP_OUTPUT_DSP48E2_ALU_OUT[11]_P[11])
                                                      0.033     0.147 r  fir_Qx/partial_sum_reg[0]/DSP_OUTPUT_INST/P[11]
                         net (fo=1, routed)           0.086     0.233    fir_Qx/shift_reg_reg[0][7]_psdsp_psdsp_n_11
    SLICE_X34Y131        FDRE                                         r  fir_Qx/shift_reg_reg[0][7]_psdsp_12/D
  -------------------------------------------------------------------    -------------------

                         (clock clk rise edge)        0.000     0.000 r  <hidden>
    E5                                                0.000     0.000 r  clk
                         net (fo=0)                   0.000     0.000    clk_IBUF_inst/I
    E5                   INBUF (Prop_INBUF_HPIOB_M_PAD_O)
                                                      0.344     0.344 r  clk_IBUF_inst/INBUF_INST/O
                         net (fo=1, routed)           0.000     0.344    clk_IBUF_inst/OUT
    E5                   IBUFCTRL (Prop_IBUFCTRL_HPIOB_M_I_O)
                                                      0.000     0.344 r  clk_IBUF_inst/IBUFCTRL_INST/O
                         net (fo=1, routed)           0.306     0.650    clk_IBUF
    BUFGCE_X0Y93         BUFGCE (Prop_BUFCE_BUFGCE_I_O)
                                                      0.026     0.676 r  clk_IBUF_BUFG_inst/O
    X1Y1 (CLOCK_ROOT)    net (fo=1037, routed)        1.473     2.149    fir_Qx/CLK
    SLICE_X34Y131        FDRE                                         r  fir_Qx/shift_reg_reg[0][7]_psdsp_12/C

Slack:                    inf
  Source:                 fir_Ix/partial_sum_reg[0]/DSP_C_DATA_INST/C_DATA[5]
                            (internal pin)
  Destination:            fir_Ix/shift_reg_reg[0][7]_psdsp_18/D
                            (rising edge-triggered cell FDRE clocked by clk  {rise@0.000ns fall@1.800ns period=3.600ns})
  Path Group:             (none)
  Path Type:              Hold (Min at Fast Process Corner)
  Data Path Delay:        0.235ns  (logic 0.147ns (62.553%)  route 0.088ns (37.447%))
  Logic Levels:           2  (DSP_ALU=1 DSP_OUTPUT=1)
  Clock Uncertainty:      0.025ns  ((TSJ^2 + TIJ^2)^1/2 + DJ) / 2 + PE
    Total System Jitter     (TSJ):    0.050ns
    Total Input Jitter      (TIJ):    0.000ns
    Discrete Jitter          (DJ):    0.000ns
    Phase Error              (PE):    0.000ns
  Clock Net Delay (Destination): 1.470ns (routing 0.803ns, distribution 0.667ns)

    Location             Delay type                Incr(ns)  Path(ns)    Netlist Resource(s)
  -------------------------------------------------------------------    -------------------
    DSP48E2_X7Y64        DSP_C_DATA                   0.000     0.000 r  fir_Ix/partial_sum_reg[0]/DSP_C_DATA_INST/C_DATA[5]
                         net (fo=2, routed)           0.000     0.000    fir_Ix/partial_sum_reg[0]/DSP_C_DATA.C_DATA<5>
    DSP48E2_X7Y64        DSP_ALU (Prop_DSP_ALU_DSP48E2_C_DATA[5]_ALU_OUT[5])
                                                      0.114     0.114 f  fir_Ix/partial_sum_reg[0]/DSP_ALU_INST/ALU_OUT[5]
                         net (fo=1, routed)           0.000     0.114    fir_Ix/partial_sum_reg[0]/DSP_ALU.ALU_OUT<5>
    DSP48E2_X7Y64        DSP_OUTPUT (Prop_DSP_OUTPUT_DSP48E2_ALU_OUT[5]_P[5])
                                                      0.033     0.147 r  fir_Ix/partial_sum_reg[0]/DSP_OUTPUT_INST/P[5]
                         net (fo=1, routed)           0.088     0.235    fir_Ix/shift_reg_reg[0][7]_psdsp_psdsp_n_17
    SLICE_X29Y160        FDRE                                         r  fir_Ix/shift_reg_reg[0][7]_psdsp_18/D
  -------------------------------------------------------------------    -------------------

                         (clock clk rise edge)        0.000     0.000 r  <hidden>
    E5                                                0.000     0.000 r  clk
                         net (fo=0)                   0.000     0.000    clk_IBUF_inst/I
    E5                   INBUF (Prop_INBUF_HPIOB_M_PAD_O)
                                                      0.344     0.344 r  clk_IBUF_inst/INBUF_INST/O
                         net (fo=1, routed)           0.000     0.344    clk_IBUF_inst/OUT
    E5                   IBUFCTRL (Prop_IBUFCTRL_HPIOB_M_I_O)
                                                      0.000     0.344 r  clk_IBUF_inst/IBUFCTRL_INST/O
                         net (fo=1, routed)           0.306     0.650    clk_IBUF
    BUFGCE_X0Y93         BUFGCE (Prop_BUFCE_BUFGCE_I_O)
                                                      0.026     0.676 r  clk_IBUF_BUFG_inst/O
    X1Y1 (CLOCK_ROOT)    net (fo=1037, routed)        1.470     2.146    fir_Ix/CLK
    SLICE_X29Y160        FDRE                                         r  fir_Ix/shift_reg_reg[0][7]_psdsp_18/C

Slack:                    inf
  Source:                 fir_Iy/partial_sum_reg[0]/DSP_C_DATA_INST/C_DATA[8]
                            (internal pin)
  Destination:            fir_Iy/shift_reg_reg[0][7]_psdsp_15/D
                            (rising edge-triggered cell FDRE clocked by clk  {rise@0.000ns fall@1.800ns period=3.600ns})
  Path Group:             (none)
  Path Type:              Hold (Min at Fast Process Corner)
  Data Path Delay:        0.235ns  (logic 0.147ns (62.553%)  route 0.088ns (37.447%))
  Logic Levels:           2  (DSP_ALU=1 DSP_OUTPUT=1)
  Clock Uncertainty:      0.025ns  ((TSJ^2 + TIJ^2)^1/2 + DJ) / 2 + PE
    Total System Jitter     (TSJ):    0.050ns
    Total Input Jitter      (TIJ):    0.000ns
    Discrete Jitter          (DJ):    0.000ns
    Phase Error              (PE):    0.000ns
  Clock Net Delay (Destination): 1.479ns (routing 0.803ns, distribution 0.676ns)

    Location             Delay type                Incr(ns)  Path(ns)    Netlist Resource(s)
  -------------------------------------------------------------------    -------------------
    DSP48E2_X8Y56        DSP_C_DATA                   0.000     0.000 r  fir_Iy/partial_sum_reg[0]/DSP_C_DATA_INST/C_DATA[8]
                         net (fo=2, routed)           0.000     0.000    fir_Iy/partial_sum_reg[0]/DSP_C_DATA.C_DATA<8>
    DSP48E2_X8Y56        DSP_ALU (Prop_DSP_ALU_DSP48E2_C_DATA[8]_ALU_OUT[8])
                                                      0.114     0.114 f  fir_Iy/partial_sum_reg[0]/DSP_ALU_INST/ALU_OUT[8]
                         net (fo=1, routed)           0.000     0.114    fir_Iy/partial_sum_reg[0]/DSP_ALU.ALU_OUT<8>
    DSP48E2_X8Y56        DSP_OUTPUT (Prop_DSP_OUTPUT_DSP48E2_ALU_OUT[8]_P[8])
                                                      0.033     0.147 r  fir_Iy/partial_sum_reg[0]/DSP_OUTPUT_INST/P[8]
                         net (fo=1, routed)           0.088     0.235    fir_Iy/shift_reg_reg[0][7]_psdsp_psdsp_n_14
    SLICE_X31Y141        FDRE                                         r  fir_Iy/shift_reg_reg[0][7]_psdsp_15/D
  -------------------------------------------------------------------    -------------------

                         (clock clk rise edge)        0.000     0.000 r  <hidden>
    E5                                                0.000     0.000 r  clk
                         net (fo=0)                   0.000     0.000    clk_IBUF_inst/I
    E5                   INBUF (Prop_INBUF_HPIOB_M_PAD_O)
                                                      0.344     0.344 r  clk_IBUF_inst/INBUF_INST/O
                         net (fo=1, routed)           0.000     0.344    clk_IBUF_inst/OUT
    E5                   IBUFCTRL (Prop_IBUFCTRL_HPIOB_M_I_O)
                                                      0.000     0.344 r  clk_IBUF_inst/IBUFCTRL_INST/O
                         net (fo=1, routed)           0.306     0.650    clk_IBUF
    BUFGCE_X0Y93         BUFGCE (Prop_BUFCE_BUFGCE_I_O)
                                                      0.026     0.676 r  clk_IBUF_BUFG_inst/O
    X1Y1 (CLOCK_ROOT)    net (fo=1037, routed)        1.479     2.155    fir_Iy/CLK
    SLICE_X31Y141        FDRE                                         r  fir_Iy/shift_reg_reg[0][7]_psdsp_15/C





