Copyright 1986-2022 Xilinx, Inc. All Rights Reserved. Copyright 2022-2026 Advanced Micro Devices, Inc. All Rights Reserved.
-----------------------------------------------------------------------------------------------------------------------------------------------------------------------------------------------------------------------------------------------------------------------------------------------
| Tool Version      : Vivado v.2026.1 (win64) Build 6511674 Tue Jun 16 11:02:23 MDT 2026
| Date              : Sun Sep 20 23:46:16 2026
| Host              : Dani running 64-bit major release  (build 9200)
| Command           : report_timing_summary -max_paths 10 -routable_nets -report_unconstrained -file dp_matched_filter_pipeline_timing_summary_routed.rpt -pb dp_matched_filter_pipeline_timing_summary_routed.pb -rpx dp_matched_filter_pipeline_timing_summary_routed.rpx -warn_on_violation
| Design            : dp_matched_filter_pipeline
| Device            : xck26-sfvc784
| Speed File        : -2LV  PRODUCTION 1.31 12-08-2025
| Design State      : Routed
| Temperature Grade : C
-----------------------------------------------------------------------------------------------------------------------------------------------------------------------------------------------------------------------------------------------------------------------------------------------

Timing Summary Report

------------------------------------------------------------------------------------------------
| Timer Settings
| --------------
------------------------------------------------------------------------------------------------

  Enable Multi Corner Analysis               :  Yes
  Enable Pessimism Removal                   :  Yes
  Pessimism Removal Resolution               :  Nearest Common Node
  Enable Input Delay Default Clock           :  No
  Enable Preset / Clear Arcs                 :  No
  Disable Flight Delays                      :  No
  Ignore I/O Paths                           :  No
  Timing Early Launch at Borrowing Latches   :  No
  Borrow Time for Max Delay Exceptions       :  Yes
  Merge Timing Exceptions                    :  Yes
  Inter-SLR Compensation                     :  Conservative

  Corner  Analyze    Analyze    
  Name    Max Paths  Min Paths  
  ------  ---------  ---------  
  Slow    Yes        Yes        
  Fast    Yes        Yes        


------------------------------------------------------------------------------------------------
| Report Methodology
| ------------------
------------------------------------------------------------------------------------------------

Rule       Severity  Description                    Violations  
---------  --------  -----------------------------  ----------  
TIMING-18  Warning   Missing input or output delay  107         

Note: This report is based on the most recent report_methodology run and may not be up-to-date. Run report_methodology on the current design for the latest report.



check_timing report

Table of Contents
-----------------
1. checking no_clock (0)
2. checking constant_clock (0)
3. checking pulse_width_clock (0)
4. checking unconstrained_internal_endpoints (0)
5. checking no_input_delay (34)
6. checking no_output_delay (73)
7. checking multiple_clock (0)
8. checking generated_clocks (0)
9. checking loops (0)
10. checking partial_input_delay (0)
11. checking partial_output_delay (0)
12. checking latch_loops (0)

1. checking no_clock (0)
------------------------
 There are 0 register/latch pins with no clock.


2. checking constant_clock (0)
------------------------------
 There are 0 register/latch pins with constant_clock.


3. checking pulse_width_clock (0)
---------------------------------
 There are 0 register/latch pins which need pulse_width check


4. checking unconstrained_internal_endpoints (0)
------------------------------------------------
 There are 0 pins that are not constrained for maximum delay.

 There are 0 pins that are not constrained for maximum delay due to constant clock.


5. checking no_input_delay (34)
-------------------------------
 There are 34 input ports with no input delay specified. (HIGH)

 There are 0 input ports with no input delay but user has a false path constraint.


6. checking no_output_delay (73)
--------------------------------
 There are 73 ports with no output delay specified. (HIGH)

 There are 0 ports with no output delay but user has a false path constraint

 There are 0 ports with no output delay but with a timing clock defined on it or propagating through it


7. checking multiple_clock (0)
------------------------------
 There are 0 register/latch pins with multiple clocks.


8. checking generated_clocks (0)
--------------------------------
 There are 0 generated clocks that are not connected to a clock source.


9. checking loops (0)
---------------------
 There are 0 combinational loops in the design.


10. checking partial_input_delay (0)
------------------------------------
 There are 0 input ports with partial input delay specified.


11. checking partial_output_delay (0)
-------------------------------------
 There are 0 ports with partial output delay specified.


12. checking latch_loops (0)
----------------------------
 There are 0 combinational latch loops in the design through latch input



------------------------------------------------------------------------------------------------
| Design Timing Summary
| ---------------------
------------------------------------------------------------------------------------------------

    WNS(ns)      TNS(ns)  TNS Failing Endpoints  TNS Total Endpoints      WHS(ns)      THS(ns)  THS Failing Endpoints  THS Total Endpoints     WPWS(ns)     TPWS(ns)  TPWS Failing Endpoints  TPWS Total Endpoints  
    -------      -------  ---------------------  -------------------      -------      -------  ---------------------  -------------------     --------     --------  ----------------------  --------------------  
      0.146        0.000                      0                 7220        0.024        0.000                      0                 7220        1.625        0.000                       0                   646  


All user specified timing constraints are met.


------------------------------------------------------------------------------------------------
| Clock Summary
| -------------
------------------------------------------------------------------------------------------------

Clock  Waveform(ns)         Period(ns)      Frequency(MHz)
-----  ------------         ----------      --------------
clk    {0.000 1.900}        3.800           263.158         


------------------------------------------------------------------------------------------------
| Intra Clock Table
| -----------------
------------------------------------------------------------------------------------------------

Clock             WNS(ns)      TNS(ns)  TNS Failing Endpoints  TNS Total Endpoints      WHS(ns)      THS(ns)  THS Failing Endpoints  THS Total Endpoints     WPWS(ns)     TPWS(ns)  TPWS Failing Endpoints  TPWS Total Endpoints  
-----             -------      -------  ---------------------  -------------------      -------      -------  ---------------------  -------------------     --------     --------  ----------------------  --------------------  
clk                 0.146        0.000                      0                 7220        0.024        0.000                      0                 7220        1.625        0.000                       0                   646  


------------------------------------------------------------------------------------------------
| Inter Clock Table
| -----------------
------------------------------------------------------------------------------------------------

From Clock    To Clock          WNS(ns)      TNS(ns)  TNS Failing Endpoints  TNS Total Endpoints      WHS(ns)      THS(ns)  THS Failing Endpoints  THS Total Endpoints  
----------    --------          -------      -------  ---------------------  -------------------      -------      -------  ---------------------  -------------------  


------------------------------------------------------------------------------------------------
| Other Path Groups Table
| -----------------------
------------------------------------------------------------------------------------------------

Path Group    From Clock    To Clock          WNS(ns)      TNS(ns)  TNS Failing Endpoints  TNS Total Endpoints      WHS(ns)      THS(ns)  THS Failing Endpoints  THS Total Endpoints  
----------    ----------    --------          -------      -------  ---------------------  -------------------      -------      -------  ---------------------  -------------------  


------------------------------------------------------------------------------------------------
| User Ignored Path Table
| -----------------------
------------------------------------------------------------------------------------------------

Path Group    From Clock    To Clock    
----------    ----------    --------    


------------------------------------------------------------------------------------------------
| Unconstrained Path Table
| ------------------------
------------------------------------------------------------------------------------------------

Path Group    From Clock    To Clock    
----------    ----------    --------    
(none)        clk                         
(none)                      clk           


------------------------------------------------------------------------------------------------
| Timing Details
| --------------
------------------------------------------------------------------------------------------------


---------------------------------------------------------------------------------------------------
From Clock:  clk
  To Clock:  clk

Setup :            0  Failing Endpoints,  Worst Slack        0.146ns,  Total Violation        0.000ns
Hold  :            0  Failing Endpoints,  Worst Slack        0.024ns,  Total Violation        0.000ns
PW    :            0  Failing Endpoints,  Worst Slack        1.625ns,  Total Violation        0.000ns
---------------------------------------------------------------------------------------------------


Max Delay Paths
--------------------------------------------------------------------------------------
Slack (MET) :             0.146ns  (required time - arrival time)
  Source:                 fir_Qy/partial_sum_reg[0]/DSP_OUTPUT_INST/CLK
                            (rising edge-triggered cell DSP_OUTPUT clocked by clk  {rise@0.000ns fall@1.900ns period=3.800ns})
  Destination:            fir_Qy/accumulator_reg_reg/DSP_OUTPUT_INST/ALU_OUT[27]
                            (rising edge-triggered cell DSP_OUTPUT clocked by clk  {rise@0.000ns fall@1.900ns period=3.800ns})
  Path Group:             clk
  Path Type:              Setup (Max at Slow Process Corner)
  Requirement:            3.800ns  (clk rise@3.800ns - clk rise@0.000ns)
  Data Path Delay:        3.489ns  (logic 2.404ns (68.902%)  route 1.085ns (31.098%))
  Logic Levels:           5  (DSP_A_B_DATA=2 DSP_ALU=2 DSP_OUTPUT=1)
  Clock Path Skew:        -0.144ns (DCD - SCD + CPR)
    Destination Clock Delay (DCD):    2.674ns = ( 6.474 - 3.800 ) 
    Source Clock Delay      (SCD):    3.297ns
    Clock Pessimism Removal (CPR):    0.479ns
  Clock Uncertainty:      0.035ns  ((TSJ^2 + TIJ^2)^1/2 + DJ) / 2 + PE
    Total System Jitter     (TSJ):    0.071ns
    Total Input Jitter      (TIJ):    0.000ns
    Discrete Jitter          (DJ):    0.000ns
    Phase Error              (PE):    0.000ns
  Clock Net Delay (Source):      2.269ns (routing 1.131ns, distribution 1.138ns)
  Clock Net Delay (Destination): 2.001ns (routing 1.039ns, distribution 0.962ns)

    Location             Delay type                Incr(ns)  Path(ns)    Netlist Resource(s)
  -------------------------------------------------------------------    -------------------
                         (clock clk rise edge)        0.000     0.000 r  <hidden>
    E5                                                0.000     0.000 r  clk
                         net (fo=0)                   0.000     0.000    clk_IBUF_inst/I
    E5                   INBUF (Prop_INBUF_HPIOB_M_PAD_O)
                                                      0.524     0.524 r  clk_IBUF_inst/INBUF_INST/O
                         net (fo=1, routed)           0.000     0.524    clk_IBUF_inst/OUT
    E5                   IBUFCTRL (Prop_IBUFCTRL_HPIOB_M_I_O)
                                                      0.000     0.524 r  clk_IBUF_inst/IBUFCTRL_INST/O
                         net (fo=1, routed)           0.460     0.984    clk_IBUF
    BUFGCE_X0Y93         BUFGCE (Prop_BUFCE_BUFGCE_I_O)
                                                      0.044     1.028 r  clk_IBUF_BUFG_inst/O
    X0Y2 (CLOCK_ROOT)    net (fo=941, routed)         2.269     3.297    fir_Qy/partial_sum_reg[0]/CLK
    DSP48E2_X3Y57        DSP_OUTPUT                                   r  fir_Qy/partial_sum_reg[0]/DSP_OUTPUT_INST/CLK
  -------------------------------------------------------------------    -------------------
    DSP48E2_X3Y57        DSP_OUTPUT (Prop_DSP_OUTPUT_DSP48E2_CLK_P[23])
                                                      0.276     3.573 f  fir_Qy/partial_sum_reg[0]/DSP_OUTPUT_INST/P[23]
                         net (fo=25, routed)          0.499     4.071    fir_Qy/accumulator_reg0/A[5]
    DSP48E2_X3Y54        DSP_A_B_DATA (Prop_DSP_A_B_DATA_DSP48E2_A[5]_A_ALU[5])
                                                      0.265     4.336 r  fir_Qy/accumulator_reg0/DSP_A_B_DATA_INST/A_ALU[5]
                         net (fo=1, routed)           0.000     4.336    fir_Qy/accumulator_reg0/DSP_A_B_DATA.A_ALU<5>
    DSP48E2_X3Y54        DSP_ALU (Prop_DSP_ALU_DSP48E2_A_ALU[5]_ALU_OUT[23])
                                                      0.726     5.062 r  fir_Qy/accumulator_reg0/DSP_ALU_INST/ALU_OUT[23]
                         net (fo=1, routed)           0.000     5.062    fir_Qy/accumulator_reg0/DSP_ALU.ALU_OUT<23>
    DSP48E2_X3Y54        DSP_OUTPUT (Prop_DSP_OUTPUT_DSP48E2_ALU_OUT[23]_P[23])
                                                      0.146     5.208 f  fir_Qy/accumulator_reg0/DSP_OUTPUT_INST/P[23]
                         net (fo=25, routed)          0.586     5.795    fir_Qy/accumulator_reg_reg/A[9]
    DSP48E2_X4Y55        DSP_A_B_DATA (Prop_DSP_A_B_DATA_DSP48E2_A[9]_A_ALU[9])
                                                      0.265     6.060 r  fir_Qy/accumulator_reg_reg/DSP_A_B_DATA_INST/A_ALU[9]
                         net (fo=1, routed)           0.000     6.060    fir_Qy/accumulator_reg_reg/DSP_A_B_DATA.A_ALU<9>
    DSP48E2_X4Y55        DSP_ALU (Prop_DSP_ALU_DSP48E2_A_ALU[9]_ALU_OUT[27])
                                                      0.726     6.786 r  fir_Qy/accumulator_reg_reg/DSP_ALU_INST/ALU_OUT[27]
                         net (fo=1, routed)           0.000     6.786    fir_Qy/accumulator_reg_reg/DSP_ALU.ALU_OUT<27>
    DSP48E2_X4Y55        DSP_OUTPUT                                   r  fir_Qy/accumulator_reg_reg/DSP_OUTPUT_INST/ALU_OUT[27]
  -------------------------------------------------------------------    -------------------

                         (clock clk rise edge)        3.800     3.800 r  <hidden>
    E5                                                0.000     3.800 r  clk
                         net (fo=0)                   0.000     3.800    clk_IBUF_inst/I
    E5                   INBUF (Prop_INBUF_HPIOB_M_PAD_O)
                                                      0.274     4.074 r  clk_IBUF_inst/INBUF_INST/O
                         net (fo=1, routed)           0.000     4.074    clk_IBUF_inst/OUT
    E5                   IBUFCTRL (Prop_IBUFCTRL_HPIOB_M_I_O)
                                                      0.000     4.074 r  clk_IBUF_inst/IBUFCTRL_INST/O
                         net (fo=1, routed)           0.360     4.434    clk_IBUF
    BUFGCE_X0Y93         BUFGCE (Prop_BUFCE_BUFGCE_I_O)
                                                      0.039     4.473 r  clk_IBUF_BUFG_inst/O
    X0Y2 (CLOCK_ROOT)    net (fo=941, routed)         2.001     6.474    fir_Qy/accumulator_reg_reg/CLK
    DSP48E2_X4Y55        DSP_OUTPUT                                   r  fir_Qy/accumulator_reg_reg/DSP_OUTPUT_INST/CLK
                         clock pessimism              0.479     6.953    <hidden>
                         clock uncertainty           -0.035     6.917    <hidden>
    DSP48E2_X4Y55        DSP_OUTPUT (Setup_DSP_OUTPUT_DSP48E2_CLK_ALU_OUT[27])
                                                      0.014     6.931    fir_Qy/accumulator_reg_reg/DSP_OUTPUT_INST
  -------------------------------------------------------------------
                         required time                          6.931    <hidden>
                         arrival time                          -6.786    <hidden>
  -------------------------------------------------------------------
                         slack                                  0.146    <hidden>

Slack (MET) :             0.146ns  (required time - arrival time)
  Source:                 fir_Qy/partial_sum_reg[0]/DSP_OUTPUT_INST/CLK
                            (rising edge-triggered cell DSP_OUTPUT clocked by clk  {rise@0.000ns fall@1.900ns period=3.800ns})
  Destination:            fir_Qy/accumulator_reg_reg/DSP_OUTPUT_INST/ALU_OUT[28]
                            (rising edge-triggered cell DSP_OUTPUT clocked by clk  {rise@0.000ns fall@1.900ns period=3.800ns})
  Path Group:             clk
  Path Type:              Setup (Max at Slow Process Corner)
  Requirement:            3.800ns  (clk rise@3.800ns - clk rise@0.000ns)
  Data Path Delay:        3.489ns  (logic 2.404ns (68.902%)  route 1.085ns (31.098%))
  Logic Levels:           5  (DSP_A_B_DATA=2 DSP_ALU=2 DSP_OUTPUT=1)
  Clock Path Skew:        -0.144ns (DCD - SCD + CPR)
    Destination Clock Delay (DCD):    2.674ns = ( 6.474 - 3.800 ) 
    Source Clock Delay      (SCD):    3.297ns
    Clock Pessimism Removal (CPR):    0.479ns
  Clock Uncertainty:      0.035ns  ((TSJ^2 + TIJ^2)^1/2 + DJ) / 2 + PE
    Total System Jitter     (TSJ):    0.071ns
    Total Input Jitter      (TIJ):    0.000ns
    Discrete Jitter          (DJ):    0.000ns
    Phase Error              (PE):    0.000ns
  Clock Net Delay (Source):      2.269ns (routing 1.131ns, distribution 1.138ns)
  Clock Net Delay (Destination): 2.001ns (routing 1.039ns, distribution 0.962ns)

    Location             Delay type                Incr(ns)  Path(ns)    Netlist Resource(s)
  -------------------------------------------------------------------    -------------------
                         (clock clk rise edge)        0.000     0.000 r  <hidden>
    E5                                                0.000     0.000 r  clk
                         net (fo=0)                   0.000     0.000    clk_IBUF_inst/I
    E5                   INBUF (Prop_INBUF_HPIOB_M_PAD_O)
                                                      0.524     0.524 r  clk_IBUF_inst/INBUF_INST/O
                         net (fo=1, routed)           0.000     0.524    clk_IBUF_inst/OUT
    E5                   IBUFCTRL (Prop_IBUFCTRL_HPIOB_M_I_O)
                                                      0.000     0.524 r  clk_IBUF_inst/IBUFCTRL_INST/O
                         net (fo=1, routed)           0.460     0.984    clk_IBUF
    BUFGCE_X0Y93         BUFGCE (Prop_BUFCE_BUFGCE_I_O)
                                                      0.044     1.028 r  clk_IBUF_BUFG_inst/O
    X0Y2 (CLOCK_ROOT)    net (fo=941, routed)         2.269     3.297    fir_Qy/partial_sum_reg[0]/CLK
    DSP48E2_X3Y57        DSP_OUTPUT                                   r  fir_Qy/partial_sum_reg[0]/DSP_OUTPUT_INST/CLK
  -------------------------------------------------------------------    -------------------
    DSP48E2_X3Y57        DSP_OUTPUT (Prop_DSP_OUTPUT_DSP48E2_CLK_P[23])
                                                      0.276     3.573 f  fir_Qy/partial_sum_reg[0]/DSP_OUTPUT_INST/P[23]
                         net (fo=25, routed)          0.499     4.071    fir_Qy/accumulator_reg0/A[5]
    DSP48E2_X3Y54        DSP_A_B_DATA (Prop_DSP_A_B_DATA_DSP48E2_A[5]_A_ALU[5])
                                                      0.265     4.336 r  fir_Qy/accumulator_reg0/DSP_A_B_DATA_INST/A_ALU[5]
                         net (fo=1, routed)           0.000     4.336    fir_Qy/accumulator_reg0/DSP_A_B_DATA.A_ALU<5>
    DSP48E2_X3Y54        DSP_ALU (Prop_DSP_ALU_DSP48E2_A_ALU[5]_ALU_OUT[23])
                                                      0.726     5.062 r  fir_Qy/accumulator_reg0/DSP_ALU_INST/ALU_OUT[23]
                         net (fo=1, routed)           0.000     5.062    fir_Qy/accumulator_reg0/DSP_ALU.ALU_OUT<23>
    DSP48E2_X3Y54        DSP_OUTPUT (Prop_DSP_OUTPUT_DSP48E2_ALU_OUT[23]_P[23])
                                                      0.146     5.208 f  fir_Qy/accumulator_reg0/DSP_OUTPUT_INST/P[23]
                         net (fo=25, routed)          0.586     5.795    fir_Qy/accumulator_reg_reg/A[9]
    DSP48E2_X4Y55        DSP_A_B_DATA (Prop_DSP_A_B_DATA_DSP48E2_A[9]_A_ALU[9])
                                                      0.265     6.060 r  fir_Qy/accumulator_reg_reg/DSP_A_B_DATA_INST/A_ALU[9]
                         net (fo=1, routed)           0.000     6.060    fir_Qy/accumulator_reg_reg/DSP_A_B_DATA.A_ALU<9>
    DSP48E2_X4Y55        DSP_ALU (Prop_DSP_ALU_DSP48E2_A_ALU[9]_ALU_OUT[28])
                                                      0.726     6.786 r  fir_Qy/accumulator_reg_reg/DSP_ALU_INST/ALU_OUT[28]
                         net (fo=1, routed)           0.000     6.786    fir_Qy/accumulator_reg_reg/DSP_ALU.ALU_OUT<28>
    DSP48E2_X4Y55        DSP_OUTPUT                                   r  fir_Qy/accumulator_reg_reg/DSP_OUTPUT_INST/ALU_OUT[28]
  -------------------------------------------------------------------    -------------------

                         (clock clk rise edge)        3.800     3.800 r  <hidden>
    E5                                                0.000     3.800 r  clk
                         net (fo=0)                   0.000     3.800    clk_IBUF_inst/I
    E5                   INBUF (Prop_INBUF_HPIOB_M_PAD_O)
                                                      0.274     4.074 r  clk_IBUF_inst/INBUF_INST/O
                         net (fo=1, routed)           0.000     4.074    clk_IBUF_inst/OUT
    E5                   IBUFCTRL (Prop_IBUFCTRL_HPIOB_M_I_O)
                                                      0.000     4.074 r  clk_IBUF_inst/IBUFCTRL_INST/O
                         net (fo=1, routed)           0.360     4.434    clk_IBUF
    BUFGCE_X0Y93         BUFGCE (Prop_BUFCE_BUFGCE_I_O)
                                                      0.039     4.473 r  clk_IBUF_BUFG_inst/O
    X0Y2 (CLOCK_ROOT)    net (fo=941, routed)         2.001     6.474    fir_Qy/accumulator_reg_reg/CLK
    DSP48E2_X4Y55        DSP_OUTPUT                                   r  fir_Qy/accumulator_reg_reg/DSP_OUTPUT_INST/CLK
                         clock pessimism              0.479     6.953    <hidden>
                         clock uncertainty           -0.035     6.917    <hidden>
    DSP48E2_X4Y55        DSP_OUTPUT (Setup_DSP_OUTPUT_DSP48E2_CLK_ALU_OUT[28])
                                                      0.014     6.931    fir_Qy/accumulator_reg_reg/DSP_OUTPUT_INST
  -------------------------------------------------------------------
                         required time                          6.931    <hidden>
                         arrival time                          -6.786    <hidden>
  -------------------------------------------------------------------
                         slack                                  0.146    <hidden>

Slack (MET) :             0.146ns  (required time - arrival time)
  Source:                 fir_Qy/partial_sum_reg[0]/DSP_OUTPUT_INST/CLK
                            (rising edge-triggered cell DSP_OUTPUT clocked by clk  {rise@0.000ns fall@1.900ns period=3.800ns})
  Destination:            fir_Qy/accumulator_reg_reg/DSP_OUTPUT_INST/ALU_OUT[29]
                            (rising edge-triggered cell DSP_OUTPUT clocked by clk  {rise@0.000ns fall@1.900ns period=3.800ns})
  Path Group:             clk
  Path Type:              Setup (Max at Slow Process Corner)
  Requirement:            3.800ns  (clk rise@3.800ns - clk rise@0.000ns)
  Data Path Delay:        3.489ns  (logic 2.404ns (68.902%)  route 1.085ns (31.098%))
  Logic Levels:           5  (DSP_A_B_DATA=2 DSP_ALU=2 DSP_OUTPUT=1)
  Clock Path Skew:        -0.144ns (DCD - SCD + CPR)
    Destination Clock Delay (DCD):    2.674ns = ( 6.474 - 3.800 ) 
    Source Clock Delay      (SCD):    3.297ns
    Clock Pessimism Removal (CPR):    0.479ns
  Clock Uncertainty:      0.035ns  ((TSJ^2 + TIJ^2)^1/2 + DJ) / 2 + PE
    Total System Jitter     (TSJ):    0.071ns
    Total Input Jitter      (TIJ):    0.000ns
    Discrete Jitter          (DJ):    0.000ns
    Phase Error              (PE):    0.000ns
  Clock Net Delay (Source):      2.269ns (routing 1.131ns, distribution 1.138ns)
  Clock Net Delay (Destination): 2.001ns (routing 1.039ns, distribution 0.962ns)

    Location             Delay type                Incr(ns)  Path(ns)    Netlist Resource(s)
  -------------------------------------------------------------------    -------------------
                         (clock clk rise edge)        0.000     0.000 r  <hidden>
    E5                                                0.000     0.000 r  clk
                         net (fo=0)                   0.000     0.000    clk_IBUF_inst/I
    E5                   INBUF (Prop_INBUF_HPIOB_M_PAD_O)
                                                      0.524     0.524 r  clk_IBUF_inst/INBUF_INST/O
                         net (fo=1, routed)           0.000     0.524    clk_IBUF_inst/OUT
    E5                   IBUFCTRL (Prop_IBUFCTRL_HPIOB_M_I_O)
                                                      0.000     0.524 r  clk_IBUF_inst/IBUFCTRL_INST/O
                         net (fo=1, routed)           0.460     0.984    clk_IBUF
    BUFGCE_X0Y93         BUFGCE (Prop_BUFCE_BUFGCE_I_O)
                                                      0.044     1.028 r  clk_IBUF_BUFG_inst/O
    X0Y2 (CLOCK_ROOT)    net (fo=941, routed)         2.269     3.297    fir_Qy/partial_sum_reg[0]/CLK
    DSP48E2_X3Y57        DSP_OUTPUT                                   r  fir_Qy/partial_sum_reg[0]/DSP_OUTPUT_INST/CLK
  -------------------------------------------------------------------    -------------------
    DSP48E2_X3Y57        DSP_OUTPUT (Prop_DSP_OUTPUT_DSP48E2_CLK_P[23])
                                                      0.276     3.573 f  fir_Qy/partial_sum_reg[0]/DSP_OUTPUT_INST/P[23]
                         net (fo=25, routed)          0.499     4.071    fir_Qy/accumulator_reg0/A[5]
    DSP48E2_X3Y54        DSP_A_B_DATA (Prop_DSP_A_B_DATA_DSP48E2_A[5]_A_ALU[5])
                                                      0.265     4.336 r  fir_Qy/accumulator_reg0/DSP_A_B_DATA_INST/A_ALU[5]
                         net (fo=1, routed)           0.000     4.336    fir_Qy/accumulator_reg0/DSP_A_B_DATA.A_ALU<5>
    DSP48E2_X3Y54        DSP_ALU (Prop_DSP_ALU_DSP48E2_A_ALU[5]_ALU_OUT[23])
                                                      0.726     5.062 r  fir_Qy/accumulator_reg0/DSP_ALU_INST/ALU_OUT[23]
                         net (fo=1, routed)           0.000     5.062    fir_Qy/accumulator_reg0/DSP_ALU.ALU_OUT<23>
    DSP48E2_X3Y54        DSP_OUTPUT (Prop_DSP_OUTPUT_DSP48E2_ALU_OUT[23]_P[23])
                                                      0.146     5.208 f  fir_Qy/accumulator_reg0/DSP_OUTPUT_INST/P[23]
                         net (fo=25, routed)          0.586     5.795    fir_Qy/accumulator_reg_reg/A[9]
    DSP48E2_X4Y55        DSP_A_B_DATA (Prop_DSP_A_B_DATA_DSP48E2_A[9]_A_ALU[9])
                                                      0.265     6.060 r  fir_Qy/accumulator_reg_reg/DSP_A_B_DATA_INST/A_ALU[9]
                         net (fo=1, routed)           0.000     6.060    fir_Qy/accumulator_reg_reg/DSP_A_B_DATA.A_ALU<9>
    DSP48E2_X4Y55        DSP_ALU (Prop_DSP_ALU_DSP48E2_A_ALU[9]_ALU_OUT[29])
                                                      0.726     6.786 r  fir_Qy/accumulator_reg_reg/DSP_ALU_INST/ALU_OUT[29]
                         net (fo=1, routed)           0.000     6.786    fir_Qy/accumulator_reg_reg/DSP_ALU.ALU_OUT<29>
    DSP48E2_X4Y55        DSP_OUTPUT                                   r  fir_Qy/accumulator_reg_reg/DSP_OUTPUT_INST/ALU_OUT[29]
  -------------------------------------------------------------------    -------------------

                         (clock clk rise edge)        3.800     3.800 r  <hidden>
    E5                                                0.000     3.800 r  clk
                         net (fo=0)                   0.000     3.800    clk_IBUF_inst/I
    E5                   INBUF (Prop_INBUF_HPIOB_M_PAD_O)
                                                      0.274     4.074 r  clk_IBUF_inst/INBUF_INST/O
                         net (fo=1, routed)           0.000     4.074    clk_IBUF_inst/OUT
    E5                   IBUFCTRL (Prop_IBUFCTRL_HPIOB_M_I_O)
                                                      0.000     4.074 r  clk_IBUF_inst/IBUFCTRL_INST/O
                         net (fo=1, routed)           0.360     4.434    clk_IBUF
    BUFGCE_X0Y93         BUFGCE (Prop_BUFCE_BUFGCE_I_O)
                                                      0.039     4.473 r  clk_IBUF_BUFG_inst/O
    X0Y2 (CLOCK_ROOT)    net (fo=941, routed)         2.001     6.474    fir_Qy/accumulator_reg_reg/CLK
    DSP48E2_X4Y55        DSP_OUTPUT                                   r  fir_Qy/accumulator_reg_reg/DSP_OUTPUT_INST/CLK
                         clock pessimism              0.479     6.953    <hidden>
                         clock uncertainty           -0.035     6.917    <hidden>
    DSP48E2_X4Y55        DSP_OUTPUT (Setup_DSP_OUTPUT_DSP48E2_CLK_ALU_OUT[29])
                                                      0.014     6.931    fir_Qy/accumulator_reg_reg/DSP_OUTPUT_INST
  -------------------------------------------------------------------
                         required time                          6.931    <hidden>
                         arrival time                          -6.786    <hidden>
  -------------------------------------------------------------------
                         slack                                  0.146    <hidden>

Slack (MET) :             0.146ns  (required time - arrival time)
  Source:                 fir_Qy/partial_sum_reg[0]/DSP_OUTPUT_INST/CLK
                            (rising edge-triggered cell DSP_OUTPUT clocked by clk  {rise@0.000ns fall@1.900ns period=3.800ns})
  Destination:            fir_Qy/accumulator_reg_reg/DSP_OUTPUT_INST/ALU_OUT[30]
                            (rising edge-triggered cell DSP_OUTPUT clocked by clk  {rise@0.000ns fall@1.900ns period=3.800ns})
  Path Group:             clk
  Path Type:              Setup (Max at Slow Process Corner)
  Requirement:            3.800ns  (clk rise@3.800ns - clk rise@0.000ns)
  Data Path Delay:        3.489ns  (logic 2.404ns (68.902%)  route 1.085ns (31.098%))
  Logic Levels:           5  (DSP_A_B_DATA=2 DSP_ALU=2 DSP_OUTPUT=1)
  Clock Path Skew:        -0.144ns (DCD - SCD + CPR)
    Destination Clock Delay (DCD):    2.674ns = ( 6.474 - 3.800 ) 
    Source Clock Delay      (SCD):    3.297ns
    Clock Pessimism Removal (CPR):    0.479ns
  Clock Uncertainty:      0.035ns  ((TSJ^2 + TIJ^2)^1/2 + DJ) / 2 + PE
    Total System Jitter     (TSJ):    0.071ns
    Total Input Jitter      (TIJ):    0.000ns
    Discrete Jitter          (DJ):    0.000ns
    Phase Error              (PE):    0.000ns
  Clock Net Delay (Source):      2.269ns (routing 1.131ns, distribution 1.138ns)
  Clock Net Delay (Destination): 2.001ns (routing 1.039ns, distribution 0.962ns)

    Location             Delay type                Incr(ns)  Path(ns)    Netlist Resource(s)
  -------------------------------------------------------------------    -------------------
                         (clock clk rise edge)        0.000     0.000 r  <hidden>
    E5                                                0.000     0.000 r  clk
                         net (fo=0)                   0.000     0.000    clk_IBUF_inst/I
    E5                   INBUF (Prop_INBUF_HPIOB_M_PAD_O)
                                                      0.524     0.524 r  clk_IBUF_inst/INBUF_INST/O
                         net (fo=1, routed)           0.000     0.524    clk_IBUF_inst/OUT
    E5                   IBUFCTRL (Prop_IBUFCTRL_HPIOB_M_I_O)
                                                      0.000     0.524 r  clk_IBUF_inst/IBUFCTRL_INST/O
                         net (fo=1, routed)           0.460     0.984    clk_IBUF
    BUFGCE_X0Y93         BUFGCE (Prop_BUFCE_BUFGCE_I_O)
                                                      0.044     1.028 r  clk_IBUF_BUFG_inst/O
    X0Y2 (CLOCK_ROOT)    net (fo=941, routed)         2.269     3.297    fir_Qy/partial_sum_reg[0]/CLK
    DSP48E2_X3Y57        DSP_OUTPUT                                   r  fir_Qy/partial_sum_reg[0]/DSP_OUTPUT_INST/CLK
  -------------------------------------------------------------------    -------------------
    DSP48E2_X3Y57        DSP_OUTPUT (Prop_DSP_OUTPUT_DSP48E2_CLK_P[23])
                                                      0.276     3.573 f  fir_Qy/partial_sum_reg[0]/DSP_OUTPUT_INST/P[23]
                         net (fo=25, routed)          0.499     4.071    fir_Qy/accumulator_reg0/A[5]
    DSP48E2_X3Y54        DSP_A_B_DATA (Prop_DSP_A_B_DATA_DSP48E2_A[5]_A_ALU[5])
                                                      0.265     4.336 r  fir_Qy/accumulator_reg0/DSP_A_B_DATA_INST/A_ALU[5]
                         net (fo=1, routed)           0.000     4.336    fir_Qy/accumulator_reg0/DSP_A_B_DATA.A_ALU<5>
    DSP48E2_X3Y54        DSP_ALU (Prop_DSP_ALU_DSP48E2_A_ALU[5]_ALU_OUT[23])
                                                      0.726     5.062 r  fir_Qy/accumulator_reg0/DSP_ALU_INST/ALU_OUT[23]
                         net (fo=1, routed)           0.000     5.062    fir_Qy/accumulator_reg0/DSP_ALU.ALU_OUT<23>
    DSP48E2_X3Y54        DSP_OUTPUT (Prop_DSP_OUTPUT_DSP48E2_ALU_OUT[23]_P[23])
                                                      0.146     5.208 f  fir_Qy/accumulator_reg0/DSP_OUTPUT_INST/P[23]
                         net (fo=25, routed)          0.586     5.795    fir_Qy/accumulator_reg_reg/A[9]
    DSP48E2_X4Y55        DSP_A_B_DATA (Prop_DSP_A_B_DATA_DSP48E2_A[9]_A_ALU[9])
                                                      0.265     6.060 r  fir_Qy/accumulator_reg_reg/DSP_A_B_DATA_INST/A_ALU[9]
                         net (fo=1, routed)           0.000     6.060    fir_Qy/accumulator_reg_reg/DSP_A_B_DATA.A_ALU<9>
    DSP48E2_X4Y55        DSP_ALU (Prop_DSP_ALU_DSP48E2_A_ALU[9]_ALU_OUT[30])
                                                      0.726     6.786 r  fir_Qy/accumulator_reg_reg/DSP_ALU_INST/ALU_OUT[30]
                         net (fo=1, routed)           0.000     6.786    fir_Qy/accumulator_reg_reg/DSP_ALU.ALU_OUT<30>
    DSP48E2_X4Y55        DSP_OUTPUT                                   r  fir_Qy/accumulator_reg_reg/DSP_OUTPUT_INST/ALU_OUT[30]
  -------------------------------------------------------------------    -------------------

                         (clock clk rise edge)        3.800     3.800 r  <hidden>
    E5                                                0.000     3.800 r  clk
                         net (fo=0)                   0.000     3.800    clk_IBUF_inst/I
    E5                   INBUF (Prop_INBUF_HPIOB_M_PAD_O)
                                                      0.274     4.074 r  clk_IBUF_inst/INBUF_INST/O
                         net (fo=1, routed)           0.000     4.074    clk_IBUF_inst/OUT
    E5                   IBUFCTRL (Prop_IBUFCTRL_HPIOB_M_I_O)
                                                      0.000     4.074 r  clk_IBUF_inst/IBUFCTRL_INST/O
                         net (fo=1, routed)           0.360     4.434    clk_IBUF
    BUFGCE_X0Y93         BUFGCE (Prop_BUFCE_BUFGCE_I_O)
                                                      0.039     4.473 r  clk_IBUF_BUFG_inst/O
    X0Y2 (CLOCK_ROOT)    net (fo=941, routed)         2.001     6.474    fir_Qy/accumulator_reg_reg/CLK
    DSP48E2_X4Y55        DSP_OUTPUT                                   r  fir_Qy/accumulator_reg_reg/DSP_OUTPUT_INST/CLK
                         clock pessimism              0.479     6.953    <hidden>
                         clock uncertainty           -0.035     6.917    <hidden>
    DSP48E2_X4Y55        DSP_OUTPUT (Setup_DSP_OUTPUT_DSP48E2_CLK_ALU_OUT[30])
                                                      0.014     6.931    fir_Qy/accumulator_reg_reg/DSP_OUTPUT_INST
  -------------------------------------------------------------------
                         required time                          6.931    <hidden>
                         arrival time                          -6.786    <hidden>
  -------------------------------------------------------------------
                         slack                                  0.146    <hidden>

Slack (MET) :             0.146ns  (required time - arrival time)
  Source:                 fir_Qy/partial_sum_reg[0]/DSP_OUTPUT_INST/CLK
                            (rising edge-triggered cell DSP_OUTPUT clocked by clk  {rise@0.000ns fall@1.900ns period=3.800ns})
  Destination:            fir_Qy/accumulator_reg_reg/DSP_OUTPUT_INST/ALU_OUT[31]
                            (rising edge-triggered cell DSP_OUTPUT clocked by clk  {rise@0.000ns fall@1.900ns period=3.800ns})
  Path Group:             clk
  Path Type:              Setup (Max at Slow Process Corner)
  Requirement:            3.800ns  (clk rise@3.800ns - clk rise@0.000ns)
  Data Path Delay:        3.489ns  (logic 2.404ns (68.902%)  route 1.085ns (31.098%))
  Logic Levels:           5  (DSP_A_B_DATA=2 DSP_ALU=2 DSP_OUTPUT=1)
  Clock Path Skew:        -0.144ns (DCD - SCD + CPR)
    Destination Clock Delay (DCD):    2.674ns = ( 6.474 - 3.800 ) 
    Source Clock Delay      (SCD):    3.297ns
    Clock Pessimism Removal (CPR):    0.479ns
  Clock Uncertainty:      0.035ns  ((TSJ^2 + TIJ^2)^1/2 + DJ) / 2 + PE
    Total System Jitter     (TSJ):    0.071ns
    Total Input Jitter      (TIJ):    0.000ns
    Discrete Jitter          (DJ):    0.000ns
    Phase Error              (PE):    0.000ns
  Clock Net Delay (Source):      2.269ns (routing 1.131ns, distribution 1.138ns)
  Clock Net Delay (Destination): 2.001ns (routing 1.039ns, distribution 0.962ns)

    Location             Delay type                Incr(ns)  Path(ns)    Netlist Resource(s)
  -------------------------------------------------------------------    -------------------
                         (clock clk rise edge)        0.000     0.000 r  <hidden>
    E5                                                0.000     0.000 r  clk
                         net (fo=0)                   0.000     0.000    clk_IBUF_inst/I
    E5                   INBUF (Prop_INBUF_HPIOB_M_PAD_O)
                                                      0.524     0.524 r  clk_IBUF_inst/INBUF_INST/O
                         net (fo=1, routed)           0.000     0.524    clk_IBUF_inst/OUT
    E5                   IBUFCTRL (Prop_IBUFCTRL_HPIOB_M_I_O)
                                                      0.000     0.524 r  clk_IBUF_inst/IBUFCTRL_INST/O
                         net (fo=1, routed)           0.460     0.984    clk_IBUF
    BUFGCE_X0Y93         BUFGCE (Prop_BUFCE_BUFGCE_I_O)
                                                      0.044     1.028 r  clk_IBUF_BUFG_inst/O
    X0Y2 (CLOCK_ROOT)    net (fo=941, routed)         2.269     3.297    fir_Qy/partial_sum_reg[0]/CLK
    DSP48E2_X3Y57        DSP_OUTPUT                                   r  fir_Qy/partial_sum_reg[0]/DSP_OUTPUT_INST/CLK
  -------------------------------------------------------------------    -------------------
    DSP48E2_X3Y57        DSP_OUTPUT (Prop_DSP_OUTPUT_DSP48E2_CLK_P[23])
                                                      0.276     3.573 f  fir_Qy/partial_sum_reg[0]/DSP_OUTPUT_INST/P[23]
                         net (fo=25, routed)          0.499     4.071    fir_Qy/accumulator_reg0/A[5]
    DSP48E2_X3Y54        DSP_A_B_DATA (Prop_DSP_A_B_DATA_DSP48E2_A[5]_A_ALU[5])
                                                      0.265     4.336 r  fir_Qy/accumulator_reg0/DSP_A_B_DATA_INST/A_ALU[5]
                         net (fo=1, routed)           0.000     4.336    fir_Qy/accumulator_reg0/DSP_A_B_DATA.A_ALU<5>
    DSP48E2_X3Y54        DSP_ALU (Prop_DSP_ALU_DSP48E2_A_ALU[5]_ALU_OUT[23])
                                                      0.726     5.062 r  fir_Qy/accumulator_reg0/DSP_ALU_INST/ALU_OUT[23]
                         net (fo=1, routed)           0.000     5.062    fir_Qy/accumulator_reg0/DSP_ALU.ALU_OUT<23>
    DSP48E2_X3Y54        DSP_OUTPUT (Prop_DSP_OUTPUT_DSP48E2_ALU_OUT[23]_P[23])
                                                      0.146     5.208 f  fir_Qy/accumulator_reg0/DSP_OUTPUT_INST/P[23]
                         net (fo=25, routed)          0.586     5.795    fir_Qy/accumulator_reg_reg/A[9]
    DSP48E2_X4Y55        DSP_A_B_DATA (Prop_DSP_A_B_DATA_DSP48E2_A[9]_A_ALU[9])
                                                      0.265     6.060 r  fir_Qy/accumulator_reg_reg/DSP_A_B_DATA_INST/A_ALU[9]
                         net (fo=1, routed)           0.000     6.060    fir_Qy/accumulator_reg_reg/DSP_A_B_DATA.A_ALU<9>
    DSP48E2_X4Y55        DSP_ALU (Prop_DSP_ALU_DSP48E2_A_ALU[9]_ALU_OUT[31])
                                                      0.726     6.786 r  fir_Qy/accumulator_reg_reg/DSP_ALU_INST/ALU_OUT[31]
                         net (fo=1, routed)           0.000     6.786    fir_Qy/accumulator_reg_reg/DSP_ALU.ALU_OUT<31>
    DSP48E2_X4Y55        DSP_OUTPUT                                   r  fir_Qy/accumulator_reg_reg/DSP_OUTPUT_INST/ALU_OUT[31]
  -------------------------------------------------------------------    -------------------

                         (clock clk rise edge)        3.800     3.800 r  <hidden>
    E5                                                0.000     3.800 r  clk
                         net (fo=0)                   0.000     3.800    clk_IBUF_inst/I
    E5                   INBUF (Prop_INBUF_HPIOB_M_PAD_O)
                                                      0.274     4.074 r  clk_IBUF_inst/INBUF_INST/O
                         net (fo=1, routed)           0.000     4.074    clk_IBUF_inst/OUT
    E5                   IBUFCTRL (Prop_IBUFCTRL_HPIOB_M_I_O)
                                                      0.000     4.074 r  clk_IBUF_inst/IBUFCTRL_INST/O
                         net (fo=1, routed)           0.360     4.434    clk_IBUF
    BUFGCE_X0Y93         BUFGCE (Prop_BUFCE_BUFGCE_I_O)
                                                      0.039     4.473 r  clk_IBUF_BUFG_inst/O
    X0Y2 (CLOCK_ROOT)    net (fo=941, routed)         2.001     6.474    fir_Qy/accumulator_reg_reg/CLK
    DSP48E2_X4Y55        DSP_OUTPUT                                   r  fir_Qy/accumulator_reg_reg/DSP_OUTPUT_INST/CLK
                         clock pessimism              0.479     6.953    <hidden>
                         clock uncertainty           -0.035     6.917    <hidden>
    DSP48E2_X4Y55        DSP_OUTPUT (Setup_DSP_OUTPUT_DSP48E2_CLK_ALU_OUT[31])
                                                      0.014     6.931    fir_Qy/accumulator_reg_reg/DSP_OUTPUT_INST
  -------------------------------------------------------------------
                         required time                          6.931    <hidden>
                         arrival time                          -6.786    <hidden>
  -------------------------------------------------------------------
                         slack                                  0.146    <hidden>

Slack (MET) :             0.146ns  (required time - arrival time)
  Source:                 fir_Qy/partial_sum_reg[0]/DSP_OUTPUT_INST/CLK
                            (rising edge-triggered cell DSP_OUTPUT clocked by clk  {rise@0.000ns fall@1.900ns period=3.800ns})
  Destination:            fir_Qy/accumulator_reg_reg/DSP_OUTPUT_INST/ALU_OUT[32]
                            (rising edge-triggered cell DSP_OUTPUT clocked by clk  {rise@0.000ns fall@1.900ns period=3.800ns})
  Path Group:             clk
  Path Type:              Setup (Max at Slow Process Corner)
  Requirement:            3.800ns  (clk rise@3.800ns - clk rise@0.000ns)
  Data Path Delay:        3.489ns  (logic 2.404ns (68.902%)  route 1.085ns (31.098%))
  Logic Levels:           5  (DSP_A_B_DATA=2 DSP_ALU=2 DSP_OUTPUT=1)
  Clock Path Skew:        -0.144ns (DCD - SCD + CPR)
    Destination Clock Delay (DCD):    2.674ns = ( 6.474 - 3.800 ) 
    Source Clock Delay      (SCD):    3.297ns
    Clock Pessimism Removal (CPR):    0.479ns
  Clock Uncertainty:      0.035ns  ((TSJ^2 + TIJ^2)^1/2 + DJ) / 2 + PE
    Total System Jitter     (TSJ):    0.071ns
    Total Input Jitter      (TIJ):    0.000ns
    Discrete Jitter          (DJ):    0.000ns
    Phase Error              (PE):    0.000ns
  Clock Net Delay (Source):      2.269ns (routing 1.131ns, distribution 1.138ns)
  Clock Net Delay (Destination): 2.001ns (routing 1.039ns, distribution 0.962ns)

    Location             Delay type                Incr(ns)  Path(ns)    Netlist Resource(s)
  -------------------------------------------------------------------    -------------------
                         (clock clk rise edge)        0.000     0.000 r  <hidden>
    E5                                                0.000     0.000 r  clk
                         net (fo=0)                   0.000     0.000    clk_IBUF_inst/I
    E5                   INBUF (Prop_INBUF_HPIOB_M_PAD_O)
                                                      0.524     0.524 r  clk_IBUF_inst/INBUF_INST/O
                         net (fo=1, routed)           0.000     0.524    clk_IBUF_inst/OUT
    E5                   IBUFCTRL (Prop_IBUFCTRL_HPIOB_M_I_O)
                                                      0.000     0.524 r  clk_IBUF_inst/IBUFCTRL_INST/O
                         net (fo=1, routed)           0.460     0.984    clk_IBUF
    BUFGCE_X0Y93         BUFGCE (Prop_BUFCE_BUFGCE_I_O)
                                                      0.044     1.028 r  clk_IBUF_BUFG_inst/O
    X0Y2 (CLOCK_ROOT)    net (fo=941, routed)         2.269     3.297    fir_Qy/partial_sum_reg[0]/CLK
    DSP48E2_X3Y57        DSP_OUTPUT                                   r  fir_Qy/partial_sum_reg[0]/DSP_OUTPUT_INST/CLK
  -------------------------------------------------------------------    -------------------
    DSP48E2_X3Y57        DSP_OUTPUT (Prop_DSP_OUTPUT_DSP48E2_CLK_P[23])
                                                      0.276     3.573 f  fir_Qy/partial_sum_reg[0]/DSP_OUTPUT_INST/P[23]
                         net (fo=25, routed)          0.499     4.071    fir_Qy/accumulator_reg0/A[5]
    DSP48E2_X3Y54        DSP_A_B_DATA (Prop_DSP_A_B_DATA_DSP48E2_A[5]_A_ALU[5])
                                                      0.265     4.336 r  fir_Qy/accumulator_reg0/DSP_A_B_DATA_INST/A_ALU[5]
                         net (fo=1, routed)           0.000     4.336    fir_Qy/accumulator_reg0/DSP_A_B_DATA.A_ALU<5>
    DSP48E2_X3Y54        DSP_ALU (Prop_DSP_ALU_DSP48E2_A_ALU[5]_ALU_OUT[23])
                                                      0.726     5.062 r  fir_Qy/accumulator_reg0/DSP_ALU_INST/ALU_OUT[23]
                         net (fo=1, routed)           0.000     5.062    fir_Qy/accumulator_reg0/DSP_ALU.ALU_OUT<23>
    DSP48E2_X3Y54        DSP_OUTPUT (Prop_DSP_OUTPUT_DSP48E2_ALU_OUT[23]_P[23])
                                                      0.146     5.208 f  fir_Qy/accumulator_reg0/DSP_OUTPUT_INST/P[23]
                         net (fo=25, routed)          0.586     5.795    fir_Qy/accumulator_reg_reg/A[9]
    DSP48E2_X4Y55        DSP_A_B_DATA (Prop_DSP_A_B_DATA_DSP48E2_A[9]_A_ALU[9])
                                                      0.265     6.060 r  fir_Qy/accumulator_reg_reg/DSP_A_B_DATA_INST/A_ALU[9]
                         net (fo=1, routed)           0.000     6.060    fir_Qy/accumulator_reg_reg/DSP_A_B_DATA.A_ALU<9>
    DSP48E2_X4Y55        DSP_ALU (Prop_DSP_ALU_DSP48E2_A_ALU[9]_ALU_OUT[32])
                                                      0.726     6.786 r  fir_Qy/accumulator_reg_reg/DSP_ALU_INST/ALU_OUT[32]
                         net (fo=1, routed)           0.000     6.786    fir_Qy/accumulator_reg_reg/DSP_ALU.ALU_OUT<32>
    DSP48E2_X4Y55        DSP_OUTPUT                                   r  fir_Qy/accumulator_reg_reg/DSP_OUTPUT_INST/ALU_OUT[32]
  -------------------------------------------------------------------    -------------------

                         (clock clk rise edge)        3.800     3.800 r  <hidden>
    E5                                                0.000     3.800 r  clk
                         net (fo=0)                   0.000     3.800    clk_IBUF_inst/I
    E5                   INBUF (Prop_INBUF_HPIOB_M_PAD_O)
                                                      0.274     4.074 r  clk_IBUF_inst/INBUF_INST/O
                         net (fo=1, routed)           0.000     4.074    clk_IBUF_inst/OUT
    E5                   IBUFCTRL (Prop_IBUFCTRL_HPIOB_M_I_O)
                                                      0.000     4.074 r  clk_IBUF_inst/IBUFCTRL_INST/O
                         net (fo=1, routed)           0.360     4.434    clk_IBUF
    BUFGCE_X0Y93         BUFGCE (Prop_BUFCE_BUFGCE_I_O)
                                                      0.039     4.473 r  clk_IBUF_BUFG_inst/O
    X0Y2 (CLOCK_ROOT)    net (fo=941, routed)         2.001     6.474    fir_Qy/accumulator_reg_reg/CLK
    DSP48E2_X4Y55        DSP_OUTPUT                                   r  fir_Qy/accumulator_reg_reg/DSP_OUTPUT_INST/CLK
                         clock pessimism              0.479     6.953    <hidden>
                         clock uncertainty           -0.035     6.917    <hidden>
    DSP48E2_X4Y55        DSP_OUTPUT (Setup_DSP_OUTPUT_DSP48E2_CLK_ALU_OUT[32])
                                                      0.014     6.931    fir_Qy/accumulator_reg_reg/DSP_OUTPUT_INST
  -------------------------------------------------------------------
                         required time                          6.931    <hidden>
                         arrival time                          -6.786    <hidden>
  -------------------------------------------------------------------
                         slack                                  0.146    <hidden>

Slack (MET) :             0.146ns  (required time - arrival time)
  Source:                 fir_Qy/partial_sum_reg[0]/DSP_OUTPUT_INST/CLK
                            (rising edge-triggered cell DSP_OUTPUT clocked by clk  {rise@0.000ns fall@1.900ns period=3.800ns})
  Destination:            fir_Qy/accumulator_reg_reg/DSP_OUTPUT_INST/ALU_OUT[33]
                            (rising edge-triggered cell DSP_OUTPUT clocked by clk  {rise@0.000ns fall@1.900ns period=3.800ns})
  Path Group:             clk
  Path Type:              Setup (Max at Slow Process Corner)
  Requirement:            3.800ns  (clk rise@3.800ns - clk rise@0.000ns)
  Data Path Delay:        3.489ns  (logic 2.404ns (68.902%)  route 1.085ns (31.098%))
  Logic Levels:           5  (DSP_A_B_DATA=2 DSP_ALU=2 DSP_OUTPUT=1)
  Clock Path Skew:        -0.144ns (DCD - SCD + CPR)
    Destination Clock Delay (DCD):    2.674ns = ( 6.474 - 3.800 ) 
    Source Clock Delay      (SCD):    3.297ns
    Clock Pessimism Removal (CPR):    0.479ns
  Clock Uncertainty:      0.035ns  ((TSJ^2 + TIJ^2)^1/2 + DJ) / 2 + PE
    Total System Jitter     (TSJ):    0.071ns
    Total Input Jitter      (TIJ):    0.000ns
    Discrete Jitter          (DJ):    0.000ns
    Phase Error              (PE):    0.000ns
  Clock Net Delay (Source):      2.269ns (routing 1.131ns, distribution 1.138ns)
  Clock Net Delay (Destination): 2.001ns (routing 1.039ns, distribution 0.962ns)

    Location             Delay type                Incr(ns)  Path(ns)    Netlist Resource(s)
  -------------------------------------------------------------------    -------------------
                         (clock clk rise edge)        0.000     0.000 r  <hidden>
    E5                                                0.000     0.000 r  clk
                         net (fo=0)                   0.000     0.000    clk_IBUF_inst/I
    E5                   INBUF (Prop_INBUF_HPIOB_M_PAD_O)
                                                      0.524     0.524 r  clk_IBUF_inst/INBUF_INST/O
                         net (fo=1, routed)           0.000     0.524    clk_IBUF_inst/OUT
    E5                   IBUFCTRL (Prop_IBUFCTRL_HPIOB_M_I_O)
                                                      0.000     0.524 r  clk_IBUF_inst/IBUFCTRL_INST/O
                         net (fo=1, routed)           0.460     0.984    clk_IBUF
    BUFGCE_X0Y93         BUFGCE (Prop_BUFCE_BUFGCE_I_O)
                                                      0.044     1.028 r  clk_IBUF_BUFG_inst/O
    X0Y2 (CLOCK_ROOT)    net (fo=941, routed)         2.269     3.297    fir_Qy/partial_sum_reg[0]/CLK
    DSP48E2_X3Y57        DSP_OUTPUT                                   r  fir_Qy/partial_sum_reg[0]/DSP_OUTPUT_INST/CLK
  -------------------------------------------------------------------    -------------------
    DSP48E2_X3Y57        DSP_OUTPUT (Prop_DSP_OUTPUT_DSP48E2_CLK_P[23])
                                                      0.276     3.573 f  fir_Qy/partial_sum_reg[0]/DSP_OUTPUT_INST/P[23]
                         net (fo=25, routed)          0.499     4.071    fir_Qy/accumulator_reg0/A[5]
    DSP48E2_X3Y54        DSP_A_B_DATA (Prop_DSP_A_B_DATA_DSP48E2_A[5]_A_ALU[5])
                                                      0.265     4.336 r  fir_Qy/accumulator_reg0/DSP_A_B_DATA_INST/A_ALU[5]
                         net (fo=1, routed)           0.000     4.336    fir_Qy/accumulator_reg0/DSP_A_B_DATA.A_ALU<5>
    DSP48E2_X3Y54        DSP_ALU (Prop_DSP_ALU_DSP48E2_A_ALU[5]_ALU_OUT[23])
                                                      0.726     5.062 r  fir_Qy/accumulator_reg0/DSP_ALU_INST/ALU_OUT[23]
                         net (fo=1, routed)           0.000     5.062    fir_Qy/accumulator_reg0/DSP_ALU.ALU_OUT<23>
    DSP48E2_X3Y54        DSP_OUTPUT (Prop_DSP_OUTPUT_DSP48E2_ALU_OUT[23]_P[23])
                                                      0.146     5.208 f  fir_Qy/accumulator_reg0/DSP_OUTPUT_INST/P[23]
                         net (fo=25, routed)          0.586     5.795    fir_Qy/accumulator_reg_reg/A[9]
    DSP48E2_X4Y55        DSP_A_B_DATA (Prop_DSP_A_B_DATA_DSP48E2_A[9]_A_ALU[9])
                                                      0.265     6.060 r  fir_Qy/accumulator_reg_reg/DSP_A_B_DATA_INST/A_ALU[9]
                         net (fo=1, routed)           0.000     6.060    fir_Qy/accumulator_reg_reg/DSP_A_B_DATA.A_ALU<9>
    DSP48E2_X4Y55        DSP_ALU (Prop_DSP_ALU_DSP48E2_A_ALU[9]_ALU_OUT[33])
                                                      0.726     6.786 r  fir_Qy/accumulator_reg_reg/DSP_ALU_INST/ALU_OUT[33]
                         net (fo=1, routed)           0.000     6.786    fir_Qy/accumulator_reg_reg/DSP_ALU.ALU_OUT<33>
    DSP48E2_X4Y55        DSP_OUTPUT                                   r  fir_Qy/accumulator_reg_reg/DSP_OUTPUT_INST/ALU_OUT[33]
  -------------------------------------------------------------------    -------------------

                         (clock clk rise edge)        3.800     3.800 r  <hidden>
    E5                                                0.000     3.800 r  clk
                         net (fo=0)                   0.000     3.800    clk_IBUF_inst/I
    E5                   INBUF (Prop_INBUF_HPIOB_M_PAD_O)
                                                      0.274     4.074 r  clk_IBUF_inst/INBUF_INST/O
                         net (fo=1, routed)           0.000     4.074    clk_IBUF_inst/OUT
    E5                   IBUFCTRL (Prop_IBUFCTRL_HPIOB_M_I_O)
                                                      0.000     4.074 r  clk_IBUF_inst/IBUFCTRL_INST/O
                         net (fo=1, routed)           0.360     4.434    clk_IBUF
    BUFGCE_X0Y93         BUFGCE (Prop_BUFCE_BUFGCE_I_O)
                                                      0.039     4.473 r  clk_IBUF_BUFG_inst/O
    X0Y2 (CLOCK_ROOT)    net (fo=941, routed)         2.001     6.474    fir_Qy/accumulator_reg_reg/CLK
    DSP48E2_X4Y55        DSP_OUTPUT                                   r  fir_Qy/accumulator_reg_reg/DSP_OUTPUT_INST/CLK
                         clock pessimism              0.479     6.953    <hidden>
                         clock uncertainty           -0.035     6.917    <hidden>
    DSP48E2_X4Y55        DSP_OUTPUT (Setup_DSP_OUTPUT_DSP48E2_CLK_ALU_OUT[33])
                                                      0.014     6.931    fir_Qy/accumulator_reg_reg/DSP_OUTPUT_INST
  -------------------------------------------------------------------
                         required time                          6.931    <hidden>
                         arrival time                          -6.786    <hidden>
  -------------------------------------------------------------------
                         slack                                  0.146    <hidden>

Slack (MET) :             0.146ns  (required time - arrival time)
  Source:                 fir_Qy/partial_sum_reg[0]/DSP_OUTPUT_INST/CLK
                            (rising edge-triggered cell DSP_OUTPUT clocked by clk  {rise@0.000ns fall@1.900ns period=3.800ns})
  Destination:            fir_Qy/accumulator_reg_reg/DSP_OUTPUT_INST/ALU_OUT[34]
                            (rising edge-triggered cell DSP_OUTPUT clocked by clk  {rise@0.000ns fall@1.900ns period=3.800ns})
  Path Group:             clk
  Path Type:              Setup (Max at Slow Process Corner)
  Requirement:            3.800ns  (clk rise@3.800ns - clk rise@0.000ns)
  Data Path Delay:        3.489ns  (logic 2.404ns (68.902%)  route 1.085ns (31.098%))
  Logic Levels:           5  (DSP_A_B_DATA=2 DSP_ALU=2 DSP_OUTPUT=1)
  Clock Path Skew:        -0.144ns (DCD - SCD + CPR)
    Destination Clock Delay (DCD):    2.674ns = ( 6.474 - 3.800 ) 
    Source Clock Delay      (SCD):    3.297ns
    Clock Pessimism Removal (CPR):    0.479ns
  Clock Uncertainty:      0.035ns  ((TSJ^2 + TIJ^2)^1/2 + DJ) / 2 + PE
    Total System Jitter     (TSJ):    0.071ns
    Total Input Jitter      (TIJ):    0.000ns
    Discrete Jitter          (DJ):    0.000ns
    Phase Error              (PE):    0.000ns
  Clock Net Delay (Source):      2.269ns (routing 1.131ns, distribution 1.138ns)
  Clock Net Delay (Destination): 2.001ns (routing 1.039ns, distribution 0.962ns)

    Location             Delay type                Incr(ns)  Path(ns)    Netlist Resource(s)
  -------------------------------------------------------------------    -------------------
                         (clock clk rise edge)        0.000     0.000 r  <hidden>
    E5                                                0.000     0.000 r  clk
                         net (fo=0)                   0.000     0.000    clk_IBUF_inst/I
    E5                   INBUF (Prop_INBUF_HPIOB_M_PAD_O)
                                                      0.524     0.524 r  clk_IBUF_inst/INBUF_INST/O
                         net (fo=1, routed)           0.000     0.524    clk_IBUF_inst/OUT
    E5                   IBUFCTRL (Prop_IBUFCTRL_HPIOB_M_I_O)
                                                      0.000     0.524 r  clk_IBUF_inst/IBUFCTRL_INST/O
                         net (fo=1, routed)           0.460     0.984    clk_IBUF
    BUFGCE_X0Y93         BUFGCE (Prop_BUFCE_BUFGCE_I_O)
                                                      0.044     1.028 r  clk_IBUF_BUFG_inst/O
    X0Y2 (CLOCK_ROOT)    net (fo=941, routed)         2.269     3.297    fir_Qy/partial_sum_reg[0]/CLK
    DSP48E2_X3Y57        DSP_OUTPUT                                   r  fir_Qy/partial_sum_reg[0]/DSP_OUTPUT_INST/CLK
  -------------------------------------------------------------------    -------------------
    DSP48E2_X3Y57        DSP_OUTPUT (Prop_DSP_OUTPUT_DSP48E2_CLK_P[23])
                                                      0.276     3.573 f  fir_Qy/partial_sum_reg[0]/DSP_OUTPUT_INST/P[23]
                         net (fo=25, routed)          0.499     4.071    fir_Qy/accumulator_reg0/A[5]
    DSP48E2_X3Y54        DSP_A_B_DATA (Prop_DSP_A_B_DATA_DSP48E2_A[5]_A_ALU[5])
                                                      0.265     4.336 r  fir_Qy/accumulator_reg0/DSP_A_B_DATA_INST/A_ALU[5]
                         net (fo=1, routed)           0.000     4.336    fir_Qy/accumulator_reg0/DSP_A_B_DATA.A_ALU<5>
    DSP48E2_X3Y54        DSP_ALU (Prop_DSP_ALU_DSP48E2_A_ALU[5]_ALU_OUT[23])
                                                      0.726     5.062 r  fir_Qy/accumulator_reg0/DSP_ALU_INST/ALU_OUT[23]
                         net (fo=1, routed)           0.000     5.062    fir_Qy/accumulator_reg0/DSP_ALU.ALU_OUT<23>
    DSP48E2_X3Y54        DSP_OUTPUT (Prop_DSP_OUTPUT_DSP48E2_ALU_OUT[23]_P[23])
                                                      0.146     5.208 f  fir_Qy/accumulator_reg0/DSP_OUTPUT_INST/P[23]
                         net (fo=25, routed)          0.586     5.795    fir_Qy/accumulator_reg_reg/A[9]
    DSP48E2_X4Y55        DSP_A_B_DATA (Prop_DSP_A_B_DATA_DSP48E2_A[9]_A_ALU[9])
                                                      0.265     6.060 r  fir_Qy/accumulator_reg_reg/DSP_A_B_DATA_INST/A_ALU[9]
                         net (fo=1, routed)           0.000     6.060    fir_Qy/accumulator_reg_reg/DSP_A_B_DATA.A_ALU<9>
    DSP48E2_X4Y55        DSP_ALU (Prop_DSP_ALU_DSP48E2_A_ALU[9]_ALU_OUT[34])
                                                      0.726     6.786 r  fir_Qy/accumulator_reg_reg/DSP_ALU_INST/ALU_OUT[34]
                         net (fo=1, routed)           0.000     6.786    fir_Qy/accumulator_reg_reg/DSP_ALU.ALU_OUT<34>
    DSP48E2_X4Y55        DSP_OUTPUT                                   r  fir_Qy/accumulator_reg_reg/DSP_OUTPUT_INST/ALU_OUT[34]
  -------------------------------------------------------------------    -------------------

                         (clock clk rise edge)        3.800     3.800 r  <hidden>
    E5                                                0.000     3.800 r  clk
                         net (fo=0)                   0.000     3.800    clk_IBUF_inst/I
    E5                   INBUF (Prop_INBUF_HPIOB_M_PAD_O)
                                                      0.274     4.074 r  clk_IBUF_inst/INBUF_INST/O
                         net (fo=1, routed)           0.000     4.074    clk_IBUF_inst/OUT
    E5                   IBUFCTRL (Prop_IBUFCTRL_HPIOB_M_I_O)
                                                      0.000     4.074 r  clk_IBUF_inst/IBUFCTRL_INST/O
                         net (fo=1, routed)           0.360     4.434    clk_IBUF
    BUFGCE_X0Y93         BUFGCE (Prop_BUFCE_BUFGCE_I_O)
                                                      0.039     4.473 r  clk_IBUF_BUFG_inst/O
    X0Y2 (CLOCK_ROOT)    net (fo=941, routed)         2.001     6.474    fir_Qy/accumulator_reg_reg/CLK
    DSP48E2_X4Y55        DSP_OUTPUT                                   r  fir_Qy/accumulator_reg_reg/DSP_OUTPUT_INST/CLK
                         clock pessimism              0.479     6.953    <hidden>
                         clock uncertainty           -0.035     6.917    <hidden>
    DSP48E2_X4Y55        DSP_OUTPUT (Setup_DSP_OUTPUT_DSP48E2_CLK_ALU_OUT[34])
                                                      0.014     6.931    fir_Qy/accumulator_reg_reg/DSP_OUTPUT_INST
  -------------------------------------------------------------------
                         required time                          6.931    <hidden>
                         arrival time                          -6.786    <hidden>
  -------------------------------------------------------------------
                         slack                                  0.146    <hidden>

Slack (MET) :             0.146ns  (required time - arrival time)
  Source:                 fir_Qy/partial_sum_reg[0]/DSP_OUTPUT_INST/CLK
                            (rising edge-triggered cell DSP_OUTPUT clocked by clk  {rise@0.000ns fall@1.900ns period=3.800ns})
  Destination:            fir_Qy/accumulator_reg_reg/DSP_OUTPUT_INST/ALU_OUT[35]
                            (rising edge-triggered cell DSP_OUTPUT clocked by clk  {rise@0.000ns fall@1.900ns period=3.800ns})
  Path Group:             clk
  Path Type:              Setup (Max at Slow Process Corner)
  Requirement:            3.800ns  (clk rise@3.800ns - clk rise@0.000ns)
  Data Path Delay:        3.489ns  (logic 2.404ns (68.902%)  route 1.085ns (31.098%))
  Logic Levels:           5  (DSP_A_B_DATA=2 DSP_ALU=2 DSP_OUTPUT=1)
  Clock Path Skew:        -0.144ns (DCD - SCD + CPR)
    Destination Clock Delay (DCD):    2.674ns = ( 6.474 - 3.800 ) 
    Source Clock Delay      (SCD):    3.297ns
    Clock Pessimism Removal (CPR):    0.479ns
  Clock Uncertainty:      0.035ns  ((TSJ^2 + TIJ^2)^1/2 + DJ) / 2 + PE
    Total System Jitter     (TSJ):    0.071ns
    Total Input Jitter      (TIJ):    0.000ns
    Discrete Jitter          (DJ):    0.000ns
    Phase Error              (PE):    0.000ns
  Clock Net Delay (Source):      2.269ns (routing 1.131ns, distribution 1.138ns)
  Clock Net Delay (Destination): 2.001ns (routing 1.039ns, distribution 0.962ns)

    Location             Delay type                Incr(ns)  Path(ns)    Netlist Resource(s)
  -------------------------------------------------------------------    -------------------
                         (clock clk rise edge)        0.000     0.000 r  <hidden>
    E5                                                0.000     0.000 r  clk
                         net (fo=0)                   0.000     0.000    clk_IBUF_inst/I
    E5                   INBUF (Prop_INBUF_HPIOB_M_PAD_O)
                                                      0.524     0.524 r  clk_IBUF_inst/INBUF_INST/O
                         net (fo=1, routed)           0.000     0.524    clk_IBUF_inst/OUT
    E5                   IBUFCTRL (Prop_IBUFCTRL_HPIOB_M_I_O)
                                                      0.000     0.524 r  clk_IBUF_inst/IBUFCTRL_INST/O
                         net (fo=1, routed)           0.460     0.984    clk_IBUF
    BUFGCE_X0Y93         BUFGCE (Prop_BUFCE_BUFGCE_I_O)
                                                      0.044     1.028 r  clk_IBUF_BUFG_inst/O
    X0Y2 (CLOCK_ROOT)    net (fo=941, routed)         2.269     3.297    fir_Qy/partial_sum_reg[0]/CLK
    DSP48E2_X3Y57        DSP_OUTPUT                                   r  fir_Qy/partial_sum_reg[0]/DSP_OUTPUT_INST/CLK
  -------------------------------------------------------------------    -------------------
    DSP48E2_X3Y57        DSP_OUTPUT (Prop_DSP_OUTPUT_DSP48E2_CLK_P[23])
                                                      0.276     3.573 f  fir_Qy/partial_sum_reg[0]/DSP_OUTPUT_INST/P[23]
                         net (fo=25, routed)          0.499     4.071    fir_Qy/accumulator_reg0/A[5]
    DSP48E2_X3Y54        DSP_A_B_DATA (Prop_DSP_A_B_DATA_DSP48E2_A[5]_A_ALU[5])
                                                      0.265     4.336 r  fir_Qy/accumulator_reg0/DSP_A_B_DATA_INST/A_ALU[5]
                         net (fo=1, routed)           0.000     4.336    fir_Qy/accumulator_reg0/DSP_A_B_DATA.A_ALU<5>
    DSP48E2_X3Y54        DSP_ALU (Prop_DSP_ALU_DSP48E2_A_ALU[5]_ALU_OUT[23])
                                                      0.726     5.062 r  fir_Qy/accumulator_reg0/DSP_ALU_INST/ALU_OUT[23]
                         net (fo=1, routed)           0.000     5.062    fir_Qy/accumulator_reg0/DSP_ALU.ALU_OUT<23>
    DSP48E2_X3Y54        DSP_OUTPUT (Prop_DSP_OUTPUT_DSP48E2_ALU_OUT[23]_P[23])
                                                      0.146     5.208 f  fir_Qy/accumulator_reg0/DSP_OUTPUT_INST/P[23]
                         net (fo=25, routed)          0.586     5.795    fir_Qy/accumulator_reg_reg/A[9]
    DSP48E2_X4Y55        DSP_A_B_DATA (Prop_DSP_A_B_DATA_DSP48E2_A[9]_A_ALU[9])
                                                      0.265     6.060 r  fir_Qy/accumulator_reg_reg/DSP_A_B_DATA_INST/A_ALU[9]
                         net (fo=1, routed)           0.000     6.060    fir_Qy/accumulator_reg_reg/DSP_A_B_DATA.A_ALU<9>
    DSP48E2_X4Y55        DSP_ALU (Prop_DSP_ALU_DSP48E2_A_ALU[9]_ALU_OUT[35])
                                                      0.726     6.786 r  fir_Qy/accumulator_reg_reg/DSP_ALU_INST/ALU_OUT[35]
                         net (fo=1, routed)           0.000     6.786    fir_Qy/accumulator_reg_reg/DSP_ALU.ALU_OUT<35>
    DSP48E2_X4Y55        DSP_OUTPUT                                   r  fir_Qy/accumulator_reg_reg/DSP_OUTPUT_INST/ALU_OUT[35]
  -------------------------------------------------------------------    -------------------

                         (clock clk rise edge)        3.800     3.800 r  <hidden>
    E5                                                0.000     3.800 r  clk
                         net (fo=0)                   0.000     3.800    clk_IBUF_inst/I
    E5                   INBUF (Prop_INBUF_HPIOB_M_PAD_O)
                                                      0.274     4.074 r  clk_IBUF_inst/INBUF_INST/O
                         net (fo=1, routed)           0.000     4.074    clk_IBUF_inst/OUT
    E5                   IBUFCTRL (Prop_IBUFCTRL_HPIOB_M_I_O)
                                                      0.000     4.074 r  clk_IBUF_inst/IBUFCTRL_INST/O
                         net (fo=1, routed)           0.360     4.434    clk_IBUF
    BUFGCE_X0Y93         BUFGCE (Prop_BUFCE_BUFGCE_I_O)
                                                      0.039     4.473 r  clk_IBUF_BUFG_inst/O
    X0Y2 (CLOCK_ROOT)    net (fo=941, routed)         2.001     6.474    fir_Qy/accumulator_reg_reg/CLK
    DSP48E2_X4Y55        DSP_OUTPUT                                   r  fir_Qy/accumulator_reg_reg/DSP_OUTPUT_INST/CLK
                         clock pessimism              0.479     6.953    <hidden>
                         clock uncertainty           -0.035     6.917    <hidden>
    DSP48E2_X4Y55        DSP_OUTPUT (Setup_DSP_OUTPUT_DSP48E2_CLK_ALU_OUT[35])
                                                      0.014     6.931    fir_Qy/accumulator_reg_reg/DSP_OUTPUT_INST
  -------------------------------------------------------------------
                         required time                          6.931    <hidden>
                         arrival time                          -6.786    <hidden>
  -------------------------------------------------------------------
                         slack                                  0.146    <hidden>

Slack (MET) :             0.146ns  (required time - arrival time)
  Source:                 fir_Qy/partial_sum_reg[0]/DSP_OUTPUT_INST/CLK
                            (rising edge-triggered cell DSP_OUTPUT clocked by clk  {rise@0.000ns fall@1.900ns period=3.800ns})
  Destination:            fir_Qy/accumulator_reg_reg/DSP_OUTPUT_INST/ALU_OUT[36]
                            (rising edge-triggered cell DSP_OUTPUT clocked by clk  {rise@0.000ns fall@1.900ns period=3.800ns})
  Path Group:             clk
  Path Type:              Setup (Max at Slow Process Corner)
  Requirement:            3.800ns  (clk rise@3.800ns - clk rise@0.000ns)
  Data Path Delay:        3.489ns  (logic 2.404ns (68.902%)  route 1.085ns (31.098%))
  Logic Levels:           5  (DSP_A_B_DATA=2 DSP_ALU=2 DSP_OUTPUT=1)
  Clock Path Skew:        -0.144ns (DCD - SCD + CPR)
    Destination Clock Delay (DCD):    2.674ns = ( 6.474 - 3.800 ) 
    Source Clock Delay      (SCD):    3.297ns
    Clock Pessimism Removal (CPR):    0.479ns
  Clock Uncertainty:      0.035ns  ((TSJ^2 + TIJ^2)^1/2 + DJ) / 2 + PE
    Total System Jitter     (TSJ):    0.071ns
    Total Input Jitter      (TIJ):    0.000ns
    Discrete Jitter          (DJ):    0.000ns
    Phase Error              (PE):    0.000ns
  Clock Net Delay (Source):      2.269ns (routing 1.131ns, distribution 1.138ns)
  Clock Net Delay (Destination): 2.001ns (routing 1.039ns, distribution 0.962ns)

    Location             Delay type                Incr(ns)  Path(ns)    Netlist Resource(s)
  -------------------------------------------------------------------    -------------------
                         (clock clk rise edge)        0.000     0.000 r  <hidden>
    E5                                                0.000     0.000 r  clk
                         net (fo=0)                   0.000     0.000    clk_IBUF_inst/I
    E5                   INBUF (Prop_INBUF_HPIOB_M_PAD_O)
                                                      0.524     0.524 r  clk_IBUF_inst/INBUF_INST/O
                         net (fo=1, routed)           0.000     0.524    clk_IBUF_inst/OUT
    E5                   IBUFCTRL (Prop_IBUFCTRL_HPIOB_M_I_O)
                                                      0.000     0.524 r  clk_IBUF_inst/IBUFCTRL_INST/O
                         net (fo=1, routed)           0.460     0.984    clk_IBUF
    BUFGCE_X0Y93         BUFGCE (Prop_BUFCE_BUFGCE_I_O)
                                                      0.044     1.028 r  clk_IBUF_BUFG_inst/O
    X0Y2 (CLOCK_ROOT)    net (fo=941, routed)         2.269     3.297    fir_Qy/partial_sum_reg[0]/CLK
    DSP48E2_X3Y57        DSP_OUTPUT                                   r  fir_Qy/partial_sum_reg[0]/DSP_OUTPUT_INST/CLK
  -------------------------------------------------------------------    -------------------
    DSP48E2_X3Y57        DSP_OUTPUT (Prop_DSP_OUTPUT_DSP48E2_CLK_P[23])
                                                      0.276     3.573 f  fir_Qy/partial_sum_reg[0]/DSP_OUTPUT_INST/P[23]
                         net (fo=25, routed)          0.499     4.071    fir_Qy/accumulator_reg0/A[5]
    DSP48E2_X3Y54        DSP_A_B_DATA (Prop_DSP_A_B_DATA_DSP48E2_A[5]_A_ALU[5])
                                                      0.265     4.336 r  fir_Qy/accumulator_reg0/DSP_A_B_DATA_INST/A_ALU[5]
                         net (fo=1, routed)           0.000     4.336    fir_Qy/accumulator_reg0/DSP_A_B_DATA.A_ALU<5>
    DSP48E2_X3Y54        DSP_ALU (Prop_DSP_ALU_DSP48E2_A_ALU[5]_ALU_OUT[23])
                                                      0.726     5.062 r  fir_Qy/accumulator_reg0/DSP_ALU_INST/ALU_OUT[23]
                         net (fo=1, routed)           0.000     5.062    fir_Qy/accumulator_reg0/DSP_ALU.ALU_OUT<23>
    DSP48E2_X3Y54        DSP_OUTPUT (Prop_DSP_OUTPUT_DSP48E2_ALU_OUT[23]_P[23])
                                                      0.146     5.208 f  fir_Qy/accumulator_reg0/DSP_OUTPUT_INST/P[23]
                         net (fo=25, routed)          0.586     5.795    fir_Qy/accumulator_reg_reg/A[9]
    DSP48E2_X4Y55        DSP_A_B_DATA (Prop_DSP_A_B_DATA_DSP48E2_A[9]_A_ALU[9])
                                                      0.265     6.060 r  fir_Qy/accumulator_reg_reg/DSP_A_B_DATA_INST/A_ALU[9]
                         net (fo=1, routed)           0.000     6.060    fir_Qy/accumulator_reg_reg/DSP_A_B_DATA.A_ALU<9>
    DSP48E2_X4Y55        DSP_ALU (Prop_DSP_ALU_DSP48E2_A_ALU[9]_ALU_OUT[36])
                                                      0.726     6.786 r  fir_Qy/accumulator_reg_reg/DSP_ALU_INST/ALU_OUT[36]
                         net (fo=1, routed)           0.000     6.786    fir_Qy/accumulator_reg_reg/DSP_ALU.ALU_OUT<36>
    DSP48E2_X4Y55        DSP_OUTPUT                                   r  fir_Qy/accumulator_reg_reg/DSP_OUTPUT_INST/ALU_OUT[36]
  -------------------------------------------------------------------    -------------------

                         (clock clk rise edge)        3.800     3.800 r  <hidden>
    E5                                                0.000     3.800 r  clk
                         net (fo=0)                   0.000     3.800    clk_IBUF_inst/I
    E5                   INBUF (Prop_INBUF_HPIOB_M_PAD_O)
                                                      0.274     4.074 r  clk_IBUF_inst/INBUF_INST/O
                         net (fo=1, routed)           0.000     4.074    clk_IBUF_inst/OUT
    E5                   IBUFCTRL (Prop_IBUFCTRL_HPIOB_M_I_O)
                                                      0.000     4.074 r  clk_IBUF_inst/IBUFCTRL_INST/O
                         net (fo=1, routed)           0.360     4.434    clk_IBUF
    BUFGCE_X0Y93         BUFGCE (Prop_BUFCE_BUFGCE_I_O)
                                                      0.039     4.473 r  clk_IBUF_BUFG_inst/O
    X0Y2 (CLOCK_ROOT)    net (fo=941, routed)         2.001     6.474    fir_Qy/accumulator_reg_reg/CLK
    DSP48E2_X4Y55        DSP_OUTPUT                                   r  fir_Qy/accumulator_reg_reg/DSP_OUTPUT_INST/CLK
                         clock pessimism              0.479     6.953    <hidden>
                         clock uncertainty           -0.035     6.917    <hidden>
    DSP48E2_X4Y55        DSP_OUTPUT (Setup_DSP_OUTPUT_DSP48E2_CLK_ALU_OUT[36])
                                                      0.014     6.931    fir_Qy/accumulator_reg_reg/DSP_OUTPUT_INST
  -------------------------------------------------------------------
                         required time                          6.931    <hidden>
                         arrival time                          -6.786    <hidden>
  -------------------------------------------------------------------
                         slack                                  0.146    <hidden>





Min Delay Paths
--------------------------------------------------------------------------------------
Slack (MET) :             0.024ns  (arrival time - required time)
  Source:                 fir_Qy/shift_reg_reg[1][7]/C
                            (rising edge-triggered cell FDRE clocked by clk  {rise@0.000ns fall@1.900ns period=3.800ns})
  Destination:            fir_Qy/shift_reg_reg[2][7]/D
                            (rising edge-triggered cell FDRE clocked by clk  {rise@0.000ns fall@1.900ns period=3.800ns})
  Path Group:             clk
  Path Type:              Hold (Min at Slow Process Corner)
  Requirement:            0.000ns  (clk rise@0.000ns - clk rise@0.000ns)
  Data Path Delay:        0.242ns  (logic 0.113ns (46.694%)  route 0.129ns (53.306%))
  Logic Levels:           0  
  Clock Path Skew:        0.117ns (DCD - SCD - CPR)
    Destination Clock Delay (DCD):    3.262ns
    Source Clock Delay      (SCD):    2.666ns
    Clock Pessimism Removal (CPR):    0.479ns
  Clock Net Delay (Source):      1.993ns (routing 1.039ns, distribution 0.954ns)
  Clock Net Delay (Destination): 2.234ns (routing 1.131ns, distribution 1.103ns)

    Location             Delay type                Incr(ns)  Path(ns)    Netlist Resource(s)
  -------------------------------------------------------------------    -------------------
                         (clock clk rise edge)        0.000     0.000 r  <hidden>
    E5                                                0.000     0.000 r  clk
                         net (fo=0)                   0.000     0.000    clk_IBUF_inst/I
    E5                   INBUF (Prop_INBUF_HPIOB_M_PAD_O)
                                                      0.274     0.274 r  clk_IBUF_inst/INBUF_INST/O
                         net (fo=1, routed)           0.000     0.274    clk_IBUF_inst/OUT
    E5                   IBUFCTRL (Prop_IBUFCTRL_HPIOB_M_I_O)
                                                      0.000     0.274 r  clk_IBUF_inst/IBUFCTRL_INST/O
                         net (fo=1, routed)           0.360     0.634    clk_IBUF
    BUFGCE_X0Y93         BUFGCE (Prop_BUFCE_BUFGCE_I_O)
                                                      0.039     0.673 r  clk_IBUF_BUFG_inst/O
    X0Y2 (CLOCK_ROOT)    net (fo=941, routed)         1.993     2.666    fir_Qy/CLK
    SLICE_X15Y133        FDRE                                         r  fir_Qy/shift_reg_reg[1][7]/C
  -------------------------------------------------------------------    -------------------
    SLICE_X15Y133        FDRE (Prop_BFF2_SLICEL_C_Q)
                                                      0.113     2.779 r  fir_Qy/shift_reg_reg[1][7]/Q
                         net (fo=1, routed)           0.129     2.908    fir_Qy/shift_reg_reg[1]_0[7]
    SLICE_X17Y133        FDRE                                         r  fir_Qy/shift_reg_reg[2][7]/D
  -------------------------------------------------------------------    -------------------

                         (clock clk rise edge)        0.000     0.000 r  <hidden>
    E5                                                0.000     0.000 r  clk
                         net (fo=0)                   0.000     0.000    clk_IBUF_inst/I
    E5                   INBUF (Prop_INBUF_HPIOB_M_PAD_O)
                                                      0.524     0.524 r  clk_IBUF_inst/INBUF_INST/O
                         net (fo=1, routed)           0.000     0.524    clk_IBUF_inst/OUT
    E5                   IBUFCTRL (Prop_IBUFCTRL_HPIOB_M_I_O)
                                                      0.000     0.524 r  clk_IBUF_inst/IBUFCTRL_INST/O
                         net (fo=1, routed)           0.460     0.984    clk_IBUF
    BUFGCE_X0Y93         BUFGCE (Prop_BUFCE_BUFGCE_I_O)
                                                      0.044     1.028 r  clk_IBUF_BUFG_inst/O
    X0Y2 (CLOCK_ROOT)    net (fo=941, routed)         2.234     3.262    fir_Qy/CLK
    SLICE_X17Y133        FDRE                                         r  fir_Qy/shift_reg_reg[2][7]/C
                         clock pessimism             -0.479     2.783    <hidden>
    SLICE_X17Y133        FDRE (Hold_FFF_SLICEM_C_D)
                                                      0.101     2.884    fir_Qy/shift_reg_reg[2][7]
  -------------------------------------------------------------------
                         required time                         -2.884    <hidden>
                         arrival time                           2.908    <hidden>
  -------------------------------------------------------------------
                         slack                                  0.024    <hidden>

Slack (MET) :             0.033ns  (arrival time - required time)
  Source:                 fir_Qy/shift_reg_reg[5][7]/C
                            (rising edge-triggered cell FDRE clocked by clk  {rise@0.000ns fall@1.900ns period=3.800ns})
  Destination:            fir_Qy/shift_reg_reg[6][7]/D
                            (rising edge-triggered cell FDRE clocked by clk  {rise@0.000ns fall@1.900ns period=3.800ns})
  Path Group:             clk
  Path Type:              Hold (Min at Slow Process Corner)
  Requirement:            0.000ns  (clk rise@0.000ns - clk rise@0.000ns)
  Data Path Delay:        0.217ns  (logic 0.112ns (51.541%)  route 0.105ns (48.459%))
  Logic Levels:           0  
  Clock Path Skew:        0.081ns (DCD - SCD - CPR)
    Destination Clock Delay (DCD):    3.238ns
    Source Clock Delay      (SCD):    2.678ns
    Clock Pessimism Removal (CPR):    0.479ns
  Clock Net Delay (Source):      2.005ns (routing 1.039ns, distribution 0.966ns)
  Clock Net Delay (Destination): 2.210ns (routing 1.131ns, distribution 1.079ns)

    Location             Delay type                Incr(ns)  Path(ns)    Netlist Resource(s)
  -------------------------------------------------------------------    -------------------
                         (clock clk rise edge)        0.000     0.000 r  <hidden>
    E5                                                0.000     0.000 r  clk
                         net (fo=0)                   0.000     0.000    clk_IBUF_inst/I
    E5                   INBUF (Prop_INBUF_HPIOB_M_PAD_O)
                                                      0.274     0.274 r  clk_IBUF_inst/INBUF_INST/O
                         net (fo=1, routed)           0.000     0.274    clk_IBUF_inst/OUT
    E5                   IBUFCTRL (Prop_IBUFCTRL_HPIOB_M_I_O)
                                                      0.000     0.274 r  clk_IBUF_inst/IBUFCTRL_INST/O
                         net (fo=1, routed)           0.360     0.634    clk_IBUF
    BUFGCE_X0Y93         BUFGCE (Prop_BUFCE_BUFGCE_I_O)
                                                      0.039     0.673 r  clk_IBUF_BUFG_inst/O
    X0Y2 (CLOCK_ROOT)    net (fo=941, routed)         2.005     2.678    fir_Qy/CLK
    SLICE_X17Y133        FDRE                                         r  fir_Qy/shift_reg_reg[5][7]/C
  -------------------------------------------------------------------    -------------------
    SLICE_X17Y133        FDRE (Prop_DFF_SLICEM_C_Q)
                                                      0.112     2.790 r  fir_Qy/shift_reg_reg[5][7]/Q
                         net (fo=24, routed)          0.105     2.895    fir_Qy/shift_reg_reg[5]_2[7]
    SLICE_X15Y133        FDRE                                         r  fir_Qy/shift_reg_reg[6][7]/D
  -------------------------------------------------------------------    -------------------

                         (clock clk rise edge)        0.000     0.000 r  <hidden>
    E5                                                0.000     0.000 r  clk
                         net (fo=0)                   0.000     0.000    clk_IBUF_inst/I
    E5                   INBUF (Prop_INBUF_HPIOB_M_PAD_O)
                                                      0.524     0.524 r  clk_IBUF_inst/INBUF_INST/O
                         net (fo=1, routed)           0.000     0.524    clk_IBUF_inst/OUT
    E5                   IBUFCTRL (Prop_IBUFCTRL_HPIOB_M_I_O)
                                                      0.000     0.524 r  clk_IBUF_inst/IBUFCTRL_INST/O
                         net (fo=1, routed)           0.460     0.984    clk_IBUF
    BUFGCE_X0Y93         BUFGCE (Prop_BUFCE_BUFGCE_I_O)
                                                      0.044     1.028 r  clk_IBUF_BUFG_inst/O
    X0Y2 (CLOCK_ROOT)    net (fo=941, routed)         2.210     3.238    fir_Qy/CLK
    SLICE_X15Y133        FDRE                                         r  fir_Qy/shift_reg_reg[6][7]/C
                         clock pessimism             -0.479     2.759    <hidden>
    SLICE_X15Y133        FDRE (Hold_CFF2_SLICEL_C_D)
                                                      0.103     2.862    fir_Qy/shift_reg_reg[6][7]
  -------------------------------------------------------------------
                         required time                         -2.862    <hidden>
                         arrival time                           2.895    <hidden>
  -------------------------------------------------------------------
                         slack                                  0.033    <hidden>

Slack (MET) :             0.050ns  (arrival time - required time)
  Source:                 fir_Iy/shift_reg_reg[8][7]/C
                            (rising edge-triggered cell FDRE clocked by clk  {rise@0.000ns fall@1.900ns period=3.800ns})
  Destination:            fir_Iy/shift_reg_reg[9][7]/D
                            (rising edge-triggered cell FDRE clocked by clk  {rise@0.000ns fall@1.900ns period=3.800ns})
  Path Group:             clk
  Path Type:              Hold (Min at Slow Process Corner)
  Requirement:            0.000ns  (clk rise@0.000ns - clk rise@0.000ns)
  Data Path Delay:        0.246ns  (logic 0.114ns (46.279%)  route 0.132ns (53.721%))
  Logic Levels:           0  
  Clock Path Skew:        0.093ns (DCD - SCD - CPR)
    Destination Clock Delay (DCD):    3.352ns
    Source Clock Delay      (SCD):    2.775ns
    Clock Pessimism Removal (CPR):    0.485ns
  Clock Net Delay (Source):      2.102ns (routing 1.039ns, distribution 1.063ns)
  Clock Net Delay (Destination): 2.325ns (routing 1.131ns, distribution 1.194ns)

    Location             Delay type                Incr(ns)  Path(ns)    Netlist Resource(s)
  -------------------------------------------------------------------    -------------------
                         (clock clk rise edge)        0.000     0.000 r  <hidden>
    E5                                                0.000     0.000 r  clk
                         net (fo=0)                   0.000     0.000    clk_IBUF_inst/I
    E5                   INBUF (Prop_INBUF_HPIOB_M_PAD_O)
                                                      0.274     0.274 r  clk_IBUF_inst/INBUF_INST/O
                         net (fo=1, routed)           0.000     0.274    clk_IBUF_inst/OUT
    E5                   IBUFCTRL (Prop_IBUFCTRL_HPIOB_M_I_O)
                                                      0.000     0.274 r  clk_IBUF_inst/IBUFCTRL_INST/O
                         net (fo=1, routed)           0.360     0.634    clk_IBUF
    BUFGCE_X0Y93         BUFGCE (Prop_BUFCE_BUFGCE_I_O)
                                                      0.039     0.673 r  clk_IBUF_BUFG_inst/O
    X0Y2 (CLOCK_ROOT)    net (fo=941, routed)         2.102     2.775    fir_Iy/CLK
    SLICE_X28Y153        FDRE                                         r  fir_Iy/shift_reg_reg[8][7]/C
  -------------------------------------------------------------------    -------------------
    SLICE_X28Y153        FDRE (Prop_EFF2_SLICEM_C_Q)
                                                      0.114     2.889 r  fir_Iy/shift_reg_reg[8][7]/Q
                         net (fo=24, routed)          0.132     3.021    fir_Iy/shift_reg_reg[8]_4[7]
    SLICE_X30Y153        FDRE                                         r  fir_Iy/shift_reg_reg[9][7]/D
  -------------------------------------------------------------------    -------------------

                         (clock clk rise edge)        0.000     0.000 r  <hidden>
    E5                                                0.000     0.000 r  clk
                         net (fo=0)                   0.000     0.000    clk_IBUF_inst/I
    E5                   INBUF (Prop_INBUF_HPIOB_M_PAD_O)
                                                      0.524     0.524 r  clk_IBUF_inst/INBUF_INST/O
                         net (fo=1, routed)           0.000     0.524    clk_IBUF_inst/OUT
    E5                   IBUFCTRL (Prop_IBUFCTRL_HPIOB_M_I_O)
                                                      0.000     0.524 r  clk_IBUF_inst/IBUFCTRL_INST/O
                         net (fo=1, routed)           0.460     0.984    clk_IBUF
    BUFGCE_X0Y93         BUFGCE (Prop_BUFCE_BUFGCE_I_O)
                                                      0.044     1.028 r  clk_IBUF_BUFG_inst/O
    X0Y2 (CLOCK_ROOT)    net (fo=941, routed)         2.325     3.352    fir_Iy/CLK
    SLICE_X30Y153        FDRE                                         r  fir_Iy/shift_reg_reg[9][7]/C
                         clock pessimism             -0.485     2.868    <hidden>
    SLICE_X30Y153        FDRE (Hold_CFF2_SLICEL_C_D)
                                                      0.103     2.971    fir_Iy/shift_reg_reg[9][7]
  -------------------------------------------------------------------
                         required time                         -2.971    <hidden>
                         arrival time                           3.021    <hidden>
  -------------------------------------------------------------------
                         slack                                  0.050    <hidden>

Slack (MET) :             0.052ns  (arrival time - required time)
  Source:                 fir_Qx/shift_reg_reg[8][2]/C
                            (rising edge-triggered cell FDRE clocked by clk  {rise@0.000ns fall@1.900ns period=3.800ns})
  Destination:            fir_Qx/shift_reg_reg[9][2]/D
                            (rising edge-triggered cell FDRE clocked by clk  {rise@0.000ns fall@1.900ns period=3.800ns})
  Path Group:             clk
  Path Type:              Hold (Min at Slow Process Corner)
  Requirement:            0.000ns  (clk rise@0.000ns - clk rise@0.000ns)
  Data Path Delay:        0.247ns  (logic 0.111ns (44.884%)  route 0.136ns (55.116%))
  Logic Levels:           0  
  Clock Path Skew:        0.094ns (DCD - SCD - CPR)
    Destination Clock Delay (DCD):    3.375ns
    Source Clock Delay      (SCD):    2.796ns
    Clock Pessimism Removal (CPR):    0.485ns
  Clock Net Delay (Source):      2.123ns (routing 1.039ns, distribution 1.084ns)
  Clock Net Delay (Destination): 2.347ns (routing 1.131ns, distribution 1.216ns)

    Location             Delay type                Incr(ns)  Path(ns)    Netlist Resource(s)
  -------------------------------------------------------------------    -------------------
                         (clock clk rise edge)        0.000     0.000 r  <hidden>
    E5                                                0.000     0.000 r  clk
                         net (fo=0)                   0.000     0.000    clk_IBUF_inst/I
    E5                   INBUF (Prop_INBUF_HPIOB_M_PAD_O)
                                                      0.274     0.274 r  clk_IBUF_inst/INBUF_INST/O
                         net (fo=1, routed)           0.000     0.274    clk_IBUF_inst/OUT
    E5                   IBUFCTRL (Prop_IBUFCTRL_HPIOB_M_I_O)
                                                      0.000     0.274 r  clk_IBUF_inst/IBUFCTRL_INST/O
                         net (fo=1, routed)           0.360     0.634    clk_IBUF
    BUFGCE_X0Y93         BUFGCE (Prop_BUFCE_BUFGCE_I_O)
                                                      0.039     0.673 r  clk_IBUF_BUFG_inst/O
    X0Y2 (CLOCK_ROOT)    net (fo=941, routed)         2.123     2.796    fir_Qx/CLK
    SLICE_X31Y134        FDRE                                         r  fir_Qx/shift_reg_reg[8][2]/C
  -------------------------------------------------------------------    -------------------
    SLICE_X31Y134        FDRE (Prop_FFF_SLICEM_C_Q)
                                                      0.111     2.907 r  fir_Qx/shift_reg_reg[8][2]/Q
                         net (fo=2, routed)           0.136     3.043    fir_Qx/shift_reg_reg[8]_4[2]
    SLICE_X32Y134        FDRE                                         r  fir_Qx/shift_reg_reg[9][2]/D
  -------------------------------------------------------------------    -------------------

                         (clock clk rise edge)        0.000     0.000 r  <hidden>
    E5                                                0.000     0.000 r  clk
                         net (fo=0)                   0.000     0.000    clk_IBUF_inst/I
    E5                   INBUF (Prop_INBUF_HPIOB_M_PAD_O)
                                                      0.524     0.524 r  clk_IBUF_inst/INBUF_INST/O
                         net (fo=1, routed)           0.000     0.524    clk_IBUF_inst/OUT
    E5                   IBUFCTRL (Prop_IBUFCTRL_HPIOB_M_I_O)
                                                      0.000     0.524 r  clk_IBUF_inst/IBUFCTRL_INST/O
                         net (fo=1, routed)           0.460     0.984    clk_IBUF
    BUFGCE_X0Y93         BUFGCE (Prop_BUFCE_BUFGCE_I_O)
                                                      0.044     1.028 r  clk_IBUF_BUFG_inst/O
    X0Y2 (CLOCK_ROOT)    net (fo=941, routed)         2.347     3.375    fir_Qx/CLK
    SLICE_X32Y134        FDRE                                         r  fir_Qx/shift_reg_reg[9][2]/C
                         clock pessimism             -0.485     2.890    <hidden>
    SLICE_X32Y134        FDRE (Hold_EFF_SLICEM_C_D)
                                                      0.101     2.991    fir_Qx/shift_reg_reg[9][2]
  -------------------------------------------------------------------
                         required time                         -2.991    <hidden>
                         arrival time                           3.043    <hidden>
  -------------------------------------------------------------------
                         slack                                  0.052    <hidden>

Slack (MET) :             0.055ns  (arrival time - required time)
  Source:                 fir_Qx/shift_reg_reg[9][6]/C
                            (rising edge-triggered cell FDRE clocked by clk  {rise@0.000ns fall@1.900ns period=3.800ns})
  Destination:            fir_Qx/shift_reg_reg[10][6]/D
                            (rising edge-triggered cell FDRE clocked by clk  {rise@0.000ns fall@1.900ns period=3.800ns})
  Path Group:             clk
  Path Type:              Hold (Min at Slow Process Corner)
  Requirement:            0.000ns  (clk rise@0.000ns - clk rise@0.000ns)
  Data Path Delay:        0.279ns  (logic 0.112ns (40.143%)  route 0.167ns (59.857%))
  Logic Levels:           0  
  Clock Path Skew:        0.123ns (DCD - SCD - CPR)
    Destination Clock Delay (DCD):    3.405ns
    Source Clock Delay      (SCD):    2.798ns
    Clock Pessimism Removal (CPR):    0.485ns
  Clock Net Delay (Source):      2.125ns (routing 1.039ns, distribution 1.086ns)
  Clock Net Delay (Destination): 2.377ns (routing 1.131ns, distribution 1.246ns)

    Location             Delay type                Incr(ns)  Path(ns)    Netlist Resource(s)
  -------------------------------------------------------------------    -------------------
                         (clock clk rise edge)        0.000     0.000 r  <hidden>
    E5                                                0.000     0.000 r  clk
                         net (fo=0)                   0.000     0.000    clk_IBUF_inst/I
    E5                   INBUF (Prop_INBUF_HPIOB_M_PAD_O)
                                                      0.274     0.274 r  clk_IBUF_inst/INBUF_INST/O
                         net (fo=1, routed)           0.000     0.274    clk_IBUF_inst/OUT
    E5                   IBUFCTRL (Prop_IBUFCTRL_HPIOB_M_I_O)
                                                      0.000     0.274 r  clk_IBUF_inst/IBUFCTRL_INST/O
                         net (fo=1, routed)           0.360     0.634    clk_IBUF
    BUFGCE_X0Y93         BUFGCE (Prop_BUFCE_BUFGCE_I_O)
                                                      0.039     0.673 r  clk_IBUF_BUFG_inst/O
    X0Y2 (CLOCK_ROOT)    net (fo=941, routed)         2.125     2.798    fir_Qx/CLK
    SLICE_X32Y136        FDRE                                         r  fir_Qx/shift_reg_reg[9][6]/C
  -------------------------------------------------------------------    -------------------
    SLICE_X32Y136        FDRE (Prop_EFF_SLICEM_C_Q)
                                                      0.112     2.910 r  fir_Qx/shift_reg_reg[9][6]/Q
                         net (fo=1, routed)           0.167     3.077    fir_Qx/shift_reg_reg[9]_5[6]
    SLICE_X34Y136        FDRE                                         r  fir_Qx/shift_reg_reg[10][6]/D
  -------------------------------------------------------------------    -------------------

                         (clock clk rise edge)        0.000     0.000 r  <hidden>
    E5                                                0.000     0.000 r  clk
                         net (fo=0)                   0.000     0.000    clk_IBUF_inst/I
    E5                   INBUF (Prop_INBUF_HPIOB_M_PAD_O)
                                                      0.524     0.524 r  clk_IBUF_inst/INBUF_INST/O
                         net (fo=1, routed)           0.000     0.524    clk_IBUF_inst/OUT
    E5                   IBUFCTRL (Prop_IBUFCTRL_HPIOB_M_I_O)
                                                      0.000     0.524 r  clk_IBUF_inst/IBUFCTRL_INST/O
                         net (fo=1, routed)           0.460     0.984    clk_IBUF
    BUFGCE_X0Y93         BUFGCE (Prop_BUFCE_BUFGCE_I_O)
                                                      0.044     1.028 r  clk_IBUF_BUFG_inst/O
    X0Y2 (CLOCK_ROOT)    net (fo=941, routed)         2.377     3.405    fir_Qx/CLK
    SLICE_X34Y136        FDRE                                         r  fir_Qx/shift_reg_reg[10][6]/C
                         clock pessimism             -0.485     2.921    <hidden>
    SLICE_X34Y136        FDRE (Hold_AFF_SLICEM_C_D)
                                                      0.101     3.022    fir_Qx/shift_reg_reg[10][6]
  -------------------------------------------------------------------
                         required time                         -3.022    <hidden>
                         arrival time                           3.077    <hidden>
  -------------------------------------------------------------------
                         slack                                  0.055    <hidden>

Slack (MET) :             0.057ns  (arrival time - required time)
  Source:                 fir_Qx/shift_reg_reg[9][2]/C
                            (rising edge-triggered cell FDRE clocked by clk  {rise@0.000ns fall@1.900ns period=3.800ns})
  Destination:            fir_Qx/shift_reg_reg[10][2]/D
                            (rising edge-triggered cell FDRE clocked by clk  {rise@0.000ns fall@1.900ns period=3.800ns})
  Path Group:             clk
  Path Type:              Hold (Min at Slow Process Corner)
  Requirement:            0.000ns  (clk rise@0.000ns - clk rise@0.000ns)
  Data Path Delay:        0.266ns  (logic 0.112ns (42.105%)  route 0.154ns (57.895%))
  Logic Levels:           0  
  Clock Path Skew:        0.108ns (DCD - SCD - CPR)
    Destination Clock Delay (DCD):    3.391ns
    Source Clock Delay      (SCD):    2.799ns
    Clock Pessimism Removal (CPR):    0.485ns
  Clock Net Delay (Source):      2.126ns (routing 1.039ns, distribution 1.087ns)
  Clock Net Delay (Destination): 2.363ns (routing 1.131ns, distribution 1.232ns)

    Location             Delay type                Incr(ns)  Path(ns)    Netlist Resource(s)
  -------------------------------------------------------------------    -------------------
                         (clock clk rise edge)        0.000     0.000 r  <hidden>
    E5                                                0.000     0.000 r  clk
                         net (fo=0)                   0.000     0.000    clk_IBUF_inst/I
    E5                   INBUF (Prop_INBUF_HPIOB_M_PAD_O)
                                                      0.274     0.274 r  clk_IBUF_inst/INBUF_INST/O
                         net (fo=1, routed)           0.000     0.274    clk_IBUF_inst/OUT
    E5                   IBUFCTRL (Prop_IBUFCTRL_HPIOB_M_I_O)
                                                      0.000     0.274 r  clk_IBUF_inst/IBUFCTRL_INST/O
                         net (fo=1, routed)           0.360     0.634    clk_IBUF
    BUFGCE_X0Y93         BUFGCE (Prop_BUFCE_BUFGCE_I_O)
                                                      0.039     0.673 r  clk_IBUF_BUFG_inst/O
    X0Y2 (CLOCK_ROOT)    net (fo=941, routed)         2.126     2.799    fir_Qx/CLK
    SLICE_X32Y134        FDRE                                         r  fir_Qx/shift_reg_reg[9][2]/C
  -------------------------------------------------------------------    -------------------
    SLICE_X32Y134        FDRE (Prop_EFF_SLICEM_C_Q)
                                                      0.112     2.911 r  fir_Qx/shift_reg_reg[9][2]/Q
                         net (fo=1, routed)           0.154     3.065    fir_Qx/shift_reg_reg[9]_5[2]
    SLICE_X34Y135        FDRE                                         r  fir_Qx/shift_reg_reg[10][2]/D
  -------------------------------------------------------------------    -------------------

                         (clock clk rise edge)        0.000     0.000 r  <hidden>
    E5                                                0.000     0.000 r  clk
                         net (fo=0)                   0.000     0.000    clk_IBUF_inst/I
    E5                   INBUF (Prop_INBUF_HPIOB_M_PAD_O)
                                                      0.524     0.524 r  clk_IBUF_inst/INBUF_INST/O
                         net (fo=1, routed)           0.000     0.524    clk_IBUF_inst/OUT
    E5                   IBUFCTRL (Prop_IBUFCTRL_HPIOB_M_I_O)
                                                      0.000     0.524 r  clk_IBUF_inst/IBUFCTRL_INST/O
                         net (fo=1, routed)           0.460     0.984    clk_IBUF
    BUFGCE_X0Y93         BUFGCE (Prop_BUFCE_BUFGCE_I_O)
                                                      0.044     1.028 r  clk_IBUF_BUFG_inst/O
    X0Y2 (CLOCK_ROOT)    net (fo=941, routed)         2.363     3.391    fir_Qx/CLK
    SLICE_X34Y135        FDRE                                         r  fir_Qx/shift_reg_reg[10][2]/C
                         clock pessimism             -0.485     2.906    <hidden>
    SLICE_X34Y135        FDRE (Hold_AFF_SLICEM_C_D)
                                                      0.101     3.007    fir_Qx/shift_reg_reg[10][2]
  -------------------------------------------------------------------
                         required time                         -3.007    <hidden>
                         arrival time                           3.065    <hidden>
  -------------------------------------------------------------------
                         slack                                  0.057    <hidden>

Slack (MET) :             0.060ns  (arrival time - required time)
  Source:                 fir_Qx/shift_reg_reg[0][4]/C
                            (rising edge-triggered cell FDRE clocked by clk  {rise@0.000ns fall@1.900ns period=3.800ns})
  Destination:            fir_Qx/shift_reg_reg[1][4]/D
                            (rising edge-triggered cell FDRE clocked by clk  {rise@0.000ns fall@1.900ns period=3.800ns})
  Path Group:             clk
  Path Type:              Hold (Min at Slow Process Corner)
  Requirement:            0.000ns  (clk rise@0.000ns - clk rise@0.000ns)
  Data Path Delay:        0.240ns  (logic 0.112ns (46.603%)  route 0.128ns (53.397%))
  Logic Levels:           0  
  Clock Path Skew:        0.079ns (DCD - SCD - CPR)
    Destination Clock Delay (DCD):    3.415ns
    Source Clock Delay      (SCD):    2.795ns
    Clock Pessimism Removal (CPR):    0.541ns
  Clock Net Delay (Source):      2.122ns (routing 1.039ns, distribution 1.083ns)
  Clock Net Delay (Destination): 2.388ns (routing 1.131ns, distribution 1.257ns)

    Location             Delay type                Incr(ns)  Path(ns)    Netlist Resource(s)
  -------------------------------------------------------------------    -------------------
                         (clock clk rise edge)        0.000     0.000 r  <hidden>
    E5                                                0.000     0.000 r  clk
                         net (fo=0)                   0.000     0.000    clk_IBUF_inst/I
    E5                   INBUF (Prop_INBUF_HPIOB_M_PAD_O)
                                                      0.274     0.274 r  clk_IBUF_inst/INBUF_INST/O
                         net (fo=1, routed)           0.000     0.274    clk_IBUF_inst/OUT
    E5                   IBUFCTRL (Prop_IBUFCTRL_HPIOB_M_I_O)
                                                      0.000     0.274 r  clk_IBUF_inst/IBUFCTRL_INST/O
                         net (fo=1, routed)           0.360     0.634    clk_IBUF
    BUFGCE_X0Y93         BUFGCE (Prop_BUFCE_BUFGCE_I_O)
                                                      0.039     0.673 r  clk_IBUF_BUFG_inst/O
    X0Y2 (CLOCK_ROOT)    net (fo=941, routed)         2.122     2.795    fir_Qx/CLK
    SLICE_X29Y132        FDRE                                         r  fir_Qx/shift_reg_reg[0][4]/C
  -------------------------------------------------------------------    -------------------
    SLICE_X29Y132        FDRE (Prop_EFF_SLICEM_C_Q)
                                                      0.112     2.907 r  fir_Qx/shift_reg_reg[0][4]/Q
                         net (fo=3, routed)           0.128     3.035    fir_Qx/shift_reg_reg_n_0_[0][4]
    SLICE_X29Y134        FDRE                                         r  fir_Qx/shift_reg_reg[1][4]/D
  -------------------------------------------------------------------    -------------------

                         (clock clk rise edge)        0.000     0.000 r  <hidden>
    E5                                                0.000     0.000 r  clk
                         net (fo=0)                   0.000     0.000    clk_IBUF_inst/I
    E5                   INBUF (Prop_INBUF_HPIOB_M_PAD_O)
                                                      0.524     0.524 r  clk_IBUF_inst/INBUF_INST/O
                         net (fo=1, routed)           0.000     0.524    clk_IBUF_inst/OUT
    E5                   IBUFCTRL (Prop_IBUFCTRL_HPIOB_M_I_O)
                                                      0.000     0.524 r  clk_IBUF_inst/IBUFCTRL_INST/O
                         net (fo=1, routed)           0.460     0.984    clk_IBUF
    BUFGCE_X0Y93         BUFGCE (Prop_BUFCE_BUFGCE_I_O)
                                                      0.044     1.028 r  clk_IBUF_BUFG_inst/O
    X0Y2 (CLOCK_ROOT)    net (fo=941, routed)         2.388     3.415    fir_Qx/CLK
    SLICE_X29Y134        FDRE                                         r  fir_Qx/shift_reg_reg[1][4]/C
                         clock pessimism             -0.541     2.874    <hidden>
    SLICE_X29Y134        FDRE (Hold_AFF_SLICEM_C_D)
                                                      0.101     2.975    fir_Qx/shift_reg_reg[1][4]
  -------------------------------------------------------------------
                         required time                         -2.975    <hidden>
                         arrival time                           3.035    <hidden>
  -------------------------------------------------------------------
                         slack                                  0.060    <hidden>

Slack (MET) :             0.061ns  (arrival time - required time)
  Source:                 fir_Iy/shift_reg_reg[6][0]/C
                            (rising edge-triggered cell FDRE clocked by clk  {rise@0.000ns fall@1.900ns period=3.800ns})
  Destination:            fir_Iy/shift_reg_reg[7][0]/D
                            (rising edge-triggered cell FDRE clocked by clk  {rise@0.000ns fall@1.900ns period=3.800ns})
  Path Group:             clk
  Path Type:              Hold (Min at Slow Process Corner)
  Requirement:            0.000ns  (clk rise@0.000ns - clk rise@0.000ns)
  Data Path Delay:        0.268ns  (logic 0.112ns (41.857%)  route 0.156ns (58.143%))
  Logic Levels:           0  
  Clock Path Skew:        0.105ns (DCD - SCD - CPR)
    Destination Clock Delay (DCD):    3.352ns
    Source Clock Delay      (SCD):    2.763ns
    Clock Pessimism Removal (CPR):    0.485ns
  Clock Net Delay (Source):      2.090ns (routing 1.039ns, distribution 1.051ns)
  Clock Net Delay (Destination): 2.325ns (routing 1.131ns, distribution 1.194ns)

    Location             Delay type                Incr(ns)  Path(ns)    Netlist Resource(s)
  -------------------------------------------------------------------    -------------------
                         (clock clk rise edge)        0.000     0.000 r  <hidden>
    E5                                                0.000     0.000 r  clk
                         net (fo=0)                   0.000     0.000    clk_IBUF_inst/I
    E5                   INBUF (Prop_INBUF_HPIOB_M_PAD_O)
                                                      0.274     0.274 r  clk_IBUF_inst/INBUF_INST/O
                         net (fo=1, routed)           0.000     0.274    clk_IBUF_inst/OUT
    E5                   IBUFCTRL (Prop_IBUFCTRL_HPIOB_M_I_O)
                                                      0.000     0.274 r  clk_IBUF_inst/IBUFCTRL_INST/O
                         net (fo=1, routed)           0.360     0.634    clk_IBUF
    BUFGCE_X0Y93         BUFGCE (Prop_BUFCE_BUFGCE_I_O)
                                                      0.039     0.673 r  clk_IBUF_BUFG_inst/O
    X0Y2 (CLOCK_ROOT)    net (fo=941, routed)         2.090     2.763    fir_Iy/CLK
    SLICE_X27Y151        FDRE                                         r  fir_Iy/shift_reg_reg[6][0]/C
  -------------------------------------------------------------------    -------------------
    SLICE_X27Y151        FDRE (Prop_EFF_SLICEL_C_Q)
                                                      0.112     2.875 r  fir_Iy/shift_reg_reg[6][0]/Q
                         net (fo=2, routed)           0.156     3.030    fir_Iy/shift_reg_reg[6]_3[0]
    SLICE_X28Y151        FDRE                                         r  fir_Iy/shift_reg_reg[7][0]/D
  -------------------------------------------------------------------    -------------------

                         (clock clk rise edge)        0.000     0.000 r  <hidden>
    E5                                                0.000     0.000 r  clk
                         net (fo=0)                   0.000     0.000    clk_IBUF_inst/I
    E5                   INBUF (Prop_INBUF_HPIOB_M_PAD_O)
                                                      0.524     0.524 r  clk_IBUF_inst/INBUF_INST/O
                         net (fo=1, routed)           0.000     0.524    clk_IBUF_inst/OUT
    E5                   IBUFCTRL (Prop_IBUFCTRL_HPIOB_M_I_O)
                                                      0.000     0.524 r  clk_IBUF_inst/IBUFCTRL_INST/O
                         net (fo=1, routed)           0.460     0.984    clk_IBUF
    BUFGCE_X0Y93         BUFGCE (Prop_BUFCE_BUFGCE_I_O)
                                                      0.044     1.028 r  clk_IBUF_BUFG_inst/O
    X0Y2 (CLOCK_ROOT)    net (fo=941, routed)         2.325     3.352    fir_Iy/CLK
    SLICE_X28Y151        FDRE                                         r  fir_Iy/shift_reg_reg[7][0]/C
                         clock pessimism             -0.485     2.868    <hidden>
    SLICE_X28Y151        FDRE (Hold_EFF2_SLICEM_C_D)
                                                      0.102     2.970    fir_Iy/shift_reg_reg[7][0]
  -------------------------------------------------------------------
                         required time                         -2.970    <hidden>
                         arrival time                           3.030    <hidden>
  -------------------------------------------------------------------
                         slack                                  0.061    <hidden>

Slack (MET) :             0.067ns  (arrival time - required time)
  Source:                 fir_Qx/shift_reg_reg[6][0]/C
                            (rising edge-triggered cell FDRE clocked by clk  {rise@0.000ns fall@1.900ns period=3.800ns})
  Destination:            fir_Qx/shift_reg_reg[7][0]/D
                            (rising edge-triggered cell FDRE clocked by clk  {rise@0.000ns fall@1.900ns period=3.800ns})
  Path Group:             clk
  Path Type:              Hold (Min at Slow Process Corner)
  Requirement:            0.000ns  (clk rise@0.000ns - clk rise@0.000ns)
  Data Path Delay:        0.182ns  (logic 0.112ns (61.436%)  route 0.070ns (38.564%))
  Logic Levels:           0  
  Clock Path Skew:        0.012ns (DCD - SCD - CPR)
    Destination Clock Delay (DCD):    3.402ns
    Source Clock Delay      (SCD):    2.809ns
    Clock Pessimism Removal (CPR):    0.581ns
  Clock Net Delay (Source):      2.136ns (routing 1.039ns, distribution 1.097ns)
  Clock Net Delay (Destination): 2.374ns (routing 1.131ns, distribution 1.243ns)

    Location             Delay type                Incr(ns)  Path(ns)    Netlist Resource(s)
  -------------------------------------------------------------------    -------------------
                         (clock clk rise edge)        0.000     0.000 r  <hidden>
    E5                                                0.000     0.000 r  clk
                         net (fo=0)                   0.000     0.000    clk_IBUF_inst/I
    E5                   INBUF (Prop_INBUF_HPIOB_M_PAD_O)
                                                      0.274     0.274 r  clk_IBUF_inst/INBUF_INST/O
                         net (fo=1, routed)           0.000     0.274    clk_IBUF_inst/OUT
    E5                   IBUFCTRL (Prop_IBUFCTRL_HPIOB_M_I_O)
                                                      0.000     0.274 r  clk_IBUF_inst/IBUFCTRL_INST/O
                         net (fo=1, routed)           0.360     0.634    clk_IBUF
    BUFGCE_X0Y93         BUFGCE (Prop_BUFCE_BUFGCE_I_O)
                                                      0.039     0.673 r  clk_IBUF_BUFG_inst/O
    X0Y2 (CLOCK_ROOT)    net (fo=941, routed)         2.136     2.809    fir_Qx/CLK
    SLICE_X31Y133        FDRE                                         r  fir_Qx/shift_reg_reg[6][0]/C
  -------------------------------------------------------------------    -------------------
    SLICE_X31Y133        FDRE (Prop_HFF_SLICEM_C_Q)
                                                      0.112     2.921 r  fir_Qx/shift_reg_reg[6][0]/Q
                         net (fo=2, routed)           0.070     2.991    fir_Qx/shift_reg_reg[6]_3[0]
    SLICE_X31Y133        FDRE                                         r  fir_Qx/shift_reg_reg[7][0]/D
  -------------------------------------------------------------------    -------------------

                         (clock clk rise edge)        0.000     0.000 r  <hidden>
    E5                                                0.000     0.000 r  clk
                         net (fo=0)                   0.000     0.000    clk_IBUF_inst/I
    E5                   INBUF (Prop_INBUF_HPIOB_M_PAD_O)
                                                      0.524     0.524 r  clk_IBUF_inst/INBUF_INST/O
                         net (fo=1, routed)           0.000     0.524    clk_IBUF_inst/OUT
    E5                   IBUFCTRL (Prop_IBUFCTRL_HPIOB_M_I_O)
                                                      0.000     0.524 r  clk_IBUF_inst/IBUFCTRL_INST/O
                         net (fo=1, routed)           0.460     0.984    clk_IBUF
    BUFGCE_X0Y93         BUFGCE (Prop_BUFCE_BUFGCE_I_O)
                                                      0.044     1.028 r  clk_IBUF_BUFG_inst/O
    X0Y2 (CLOCK_ROOT)    net (fo=941, routed)         2.374     3.402    fir_Qx/CLK
    SLICE_X31Y133        FDRE                                         r  fir_Qx/shift_reg_reg[7][0]/C
                         clock pessimism             -0.581     2.821    <hidden>
    SLICE_X31Y133        FDRE (Hold_HFF2_SLICEM_C_D)
                                                      0.103     2.924    fir_Qx/shift_reg_reg[7][0]
  -------------------------------------------------------------------
                         required time                         -2.924    <hidden>
                         arrival time                           2.991    <hidden>
  -------------------------------------------------------------------
                         slack                                  0.067    <hidden>

Slack (MET) :             0.067ns  (arrival time - required time)
  Source:                 fir_Qx/shift_reg_reg[8][3]/C
                            (rising edge-triggered cell FDRE clocked by clk  {rise@0.000ns fall@1.900ns period=3.800ns})
  Destination:            fir_Qx/shift_reg_reg[9][3]/D
                            (rising edge-triggered cell FDRE clocked by clk  {rise@0.000ns fall@1.900ns period=3.800ns})
  Path Group:             clk
  Path Type:              Hold (Min at Slow Process Corner)
  Requirement:            0.000ns  (clk rise@0.000ns - clk rise@0.000ns)
  Data Path Delay:        0.182ns  (logic 0.112ns (61.436%)  route 0.070ns (38.564%))
  Logic Levels:           0  
  Clock Path Skew:        0.012ns (DCD - SCD - CPR)
    Destination Clock Delay (DCD):    3.400ns
    Source Clock Delay      (SCD):    2.807ns
    Clock Pessimism Removal (CPR):    0.581ns
  Clock Net Delay (Source):      2.134ns (routing 1.039ns, distribution 1.095ns)
  Clock Net Delay (Destination): 2.372ns (routing 1.131ns, distribution 1.241ns)

    Location             Delay type                Incr(ns)  Path(ns)    Netlist Resource(s)
  -------------------------------------------------------------------    -------------------
                         (clock clk rise edge)        0.000     0.000 r  <hidden>
    E5                                                0.000     0.000 r  clk
                         net (fo=0)                   0.000     0.000    clk_IBUF_inst/I
    E5                   INBUF (Prop_INBUF_HPIOB_M_PAD_O)
                                                      0.274     0.274 r  clk_IBUF_inst/INBUF_INST/O
                         net (fo=1, routed)           0.000     0.274    clk_IBUF_inst/OUT
    E5                   IBUFCTRL (Prop_IBUFCTRL_HPIOB_M_I_O)
                                                      0.000     0.274 r  clk_IBUF_inst/IBUFCTRL_INST/O
                         net (fo=1, routed)           0.360     0.634    clk_IBUF
    BUFGCE_X0Y93         BUFGCE (Prop_BUFCE_BUFGCE_I_O)
                                                      0.039     0.673 r  clk_IBUF_BUFG_inst/O
    X0Y2 (CLOCK_ROOT)    net (fo=941, routed)         2.134     2.807    fir_Qx/CLK
    SLICE_X31Y136        FDRE                                         r  fir_Qx/shift_reg_reg[8][3]/C
  -------------------------------------------------------------------    -------------------
    SLICE_X31Y136        FDRE (Prop_HFF_SLICEM_C_Q)
                                                      0.112     2.919 r  fir_Qx/shift_reg_reg[8][3]/Q
                         net (fo=2, routed)           0.070     2.989    fir_Qx/shift_reg_reg[8]_4[3]
    SLICE_X31Y136        FDRE                                         r  fir_Qx/shift_reg_reg[9][3]/D
  -------------------------------------------------------------------    -------------------

                         (clock clk rise edge)        0.000     0.000 r  <hidden>
    E5                                                0.000     0.000 r  clk
                         net (fo=0)                   0.000     0.000    clk_IBUF_inst/I
    E5                   INBUF (Prop_INBUF_HPIOB_M_PAD_O)
                                                      0.524     0.524 r  clk_IBUF_inst/INBUF_INST/O
                         net (fo=1, routed)           0.000     0.524    clk_IBUF_inst/OUT
    E5                   IBUFCTRL (Prop_IBUFCTRL_HPIOB_M_I_O)
                                                      0.000     0.524 r  clk_IBUF_inst/IBUFCTRL_INST/O
                         net (fo=1, routed)           0.460     0.984    clk_IBUF
    BUFGCE_X0Y93         BUFGCE (Prop_BUFCE_BUFGCE_I_O)
                                                      0.044     1.028 r  clk_IBUF_BUFG_inst/O
    X0Y2 (CLOCK_ROOT)    net (fo=941, routed)         2.372     3.400    fir_Qx/CLK
    SLICE_X31Y136        FDRE                                         r  fir_Qx/shift_reg_reg[9][3]/C
                         clock pessimism             -0.581     2.819    <hidden>
    SLICE_X31Y136        FDRE (Hold_HFF2_SLICEM_C_D)
                                                      0.103     2.922    fir_Qx/shift_reg_reg[9][3]
  -------------------------------------------------------------------
                         required time                         -2.922    <hidden>
                         arrival time                           2.989    <hidden>
  -------------------------------------------------------------------
                         slack                                  0.067    <hidden>





Pulse Width Checks
--------------------------------------------------------------------------------------
Clock Name:         clk
Waveform(ns):       { 0.000 1.900 }
Period(ns):         3.800
Sources:            { clk }

Check Type        Corner  Lib Pin         Reference Pin  Required(ns)  Actual(ns)  Slack(ns)  Location       Pin
Min Period        n/a     BUFGCE/I        n/a            1.379         3.800       2.421      BUFGCE_X0Y93   clk_IBUF_BUFG_inst/I
Min Period        n/a     DSP_OUTPUT/CLK  n/a            0.850         3.800       2.950      DSP48E2_X5Y64  fir_Ix/accumulator_reg_reg/DSP_OUTPUT_INST/CLK
Min Period        n/a     DSP_OUTPUT/CLK  n/a            0.850         3.800       2.950      DSP48E2_X4Y69  fir_Ix/partial_sum_reg[0]/DSP_OUTPUT_INST/CLK
Min Period        n/a     DSP_OUTPUT/CLK  n/a            0.850         3.800       2.950      DSP48E2_X5Y63  fir_Ix/partial_sum_reg[1]/DSP_OUTPUT_INST/CLK
Min Period        n/a     DSP_OUTPUT/CLK  n/a            0.850         3.800       2.950      DSP48E2_X4Y65  fir_Ix/partial_sum_reg[2]/DSP_OUTPUT_INST/CLK
Min Period        n/a     DSP_OUTPUT/CLK  n/a            0.850         3.800       2.950      DSP48E2_X5Y68  fir_Ix/partial_sum_reg[3]/DSP_OUTPUT_INST/CLK
Min Period        n/a     DSP_OUTPUT/CLK  n/a            0.850         3.800       2.950      DSP48E2_X4Y62  fir_Ix/product_reg_reg[10]/DSP_OUTPUT_INST/CLK
Min Period        n/a     DSP_OUTPUT/CLK  n/a            0.850         3.800       2.950      DSP48E2_X5Y65  fir_Ix/product_reg_reg[14]/DSP_OUTPUT_INST/CLK
Min Period        n/a     DSP_OUTPUT/CLK  n/a            0.850         3.800       2.950      DSP48E2_X4Y67  fir_Ix/product_reg_reg[2]/DSP_OUTPUT_INST/CLK
Min Period        n/a     DSP_OUTPUT/CLK  n/a            0.850         3.800       2.950      DSP48E2_X5Y60  fir_Ix/product_reg_reg[7]/DSP_OUTPUT_INST/CLK
Low Pulse Width   Slow    FDRE/C          n/a            0.275         1.900       1.625      SLICE_X21Y161  fir_Ix/sample_out_reg[0]/C
Low Pulse Width   Fast    FDRE/C          n/a            0.275         1.900       1.625      SLICE_X21Y161  fir_Ix/sample_out_reg[0]/C
Low Pulse Width   Slow    FDRE/C          n/a            0.275         1.900       1.625      SLICE_X21Y163  fir_Ix/sample_out_reg[10]/C
Low Pulse Width   Fast    FDRE/C          n/a            0.275         1.900       1.625      SLICE_X21Y163  fir_Ix/sample_out_reg[10]/C
Low Pulse Width   Slow    FDRE/C          n/a            0.275         1.900       1.625      SLICE_X21Y163  fir_Ix/sample_out_reg[11]/C
Low Pulse Width   Fast    FDRE/C          n/a            0.275         1.900       1.625      SLICE_X21Y163  fir_Ix/sample_out_reg[11]/C
Low Pulse Width   Slow    FDRE/C          n/a            0.275         1.900       1.625      SLICE_X21Y163  fir_Ix/sample_out_reg[12]/C
Low Pulse Width   Fast    FDRE/C          n/a            0.275         1.900       1.625      SLICE_X21Y163  fir_Ix/sample_out_reg[12]/C
Low Pulse Width   Slow    FDRE/C          n/a            0.275         1.900       1.625      SLICE_X21Y163  fir_Ix/sample_out_reg[13]/C
Low Pulse Width   Fast    FDRE/C          n/a            0.275         1.900       1.625      SLICE_X21Y163  fir_Ix/sample_out_reg[13]/C
High Pulse Width  Slow    FDRE/C          n/a            0.275         1.900       1.625      SLICE_X21Y161  fir_Ix/sample_out_reg[0]/C
High Pulse Width  Fast    FDRE/C          n/a            0.275         1.900       1.625      SLICE_X21Y161  fir_Ix/sample_out_reg[0]/C
High Pulse Width  Slow    FDRE/C          n/a            0.275         1.900       1.625      SLICE_X21Y163  fir_Ix/sample_out_reg[10]/C
High Pulse Width  Fast    FDRE/C          n/a            0.275         1.900       1.625      SLICE_X21Y163  fir_Ix/sample_out_reg[10]/C
High Pulse Width  Slow    FDRE/C          n/a            0.275         1.900       1.625      SLICE_X21Y163  fir_Ix/sample_out_reg[11]/C
High Pulse Width  Fast    FDRE/C          n/a            0.275         1.900       1.625      SLICE_X21Y163  fir_Ix/sample_out_reg[11]/C
High Pulse Width  Slow    FDRE/C          n/a            0.275         1.900       1.625      SLICE_X21Y163  fir_Ix/sample_out_reg[12]/C
High Pulse Width  Fast    FDRE/C          n/a            0.275         1.900       1.625      SLICE_X21Y163  fir_Ix/sample_out_reg[12]/C
High Pulse Width  Slow    FDRE/C          n/a            0.275         1.900       1.625      SLICE_X21Y163  fir_Ix/sample_out_reg[13]/C
High Pulse Width  Fast    FDRE/C          n/a            0.275         1.900       1.625      SLICE_X21Y163  fir_Ix/sample_out_reg[13]/C



--------------------------------------------------------------------------------------
Path Group:  (none)
From Clock:  clk
  To Clock:  

Max Delay            73 Endpoints
Min Delay            73 Endpoints
--------------------------------------------------------------------------------------


Max Delay Paths
--------------------------------------------------------------------------------------
Slack:                    inf
  Source:                 fir_Qy/sample_out_reg[14]/C
                            (rising edge-triggered cell FDRE clocked by clk  {rise@0.000ns fall@1.900ns period=3.800ns})
  Destination:            Qy_out[14]
                            (output port)
  Path Group:             (none)
  Path Type:              Max at Slow Process Corner
  Data Path Delay:        3.438ns  (logic 1.006ns (29.265%)  route 2.432ns (70.735%))
  Logic Levels:           1  (OBUF=1)
  Clock Uncertainty:      0.025ns  ((TSJ^2 + TIJ^2)^1/2 + DJ) / 2 + PE
    Total System Jitter     (TSJ):    0.050ns
    Total Input Jitter      (TIJ):    0.000ns
    Discrete Jitter          (DJ):    0.000ns
    Phase Error              (PE):    0.000ns
  Clock Net Delay (Source):      2.213ns (routing 1.131ns, distribution 1.082ns)

    Location             Delay type                Incr(ns)  Path(ns)    Netlist Resource(s)
  -------------------------------------------------------------------    -------------------
                         (clock clk rise edge)        0.000     0.000 r  <hidden>
    E5                                                0.000     0.000 r  clk
                         net (fo=0)                   0.000     0.000    clk_IBUF_inst/I
    E5                   INBUF (Prop_INBUF_HPIOB_M_PAD_O)
                                                      0.524     0.524 r  clk_IBUF_inst/INBUF_INST/O
                         net (fo=1, routed)           0.000     0.524    clk_IBUF_inst/OUT
    E5                   IBUFCTRL (Prop_IBUFCTRL_HPIOB_M_I_O)
                                                      0.000     0.524 r  clk_IBUF_inst/IBUFCTRL_INST/O
                         net (fo=1, routed)           0.460     0.984    clk_IBUF
    BUFGCE_X0Y93         BUFGCE (Prop_BUFCE_BUFGCE_I_O)
                                                      0.044     1.028 r  clk_IBUF_BUFG_inst/O
    X0Y2 (CLOCK_ROOT)    net (fo=941, routed)         2.213     3.241    fir_Qy/CLK
    SLICE_X18Y136        FDRE                                         r  fir_Qy/sample_out_reg[14]/C
  -------------------------------------------------------------------    -------------------
    SLICE_X18Y136        FDRE (Prop_GFF_SLICEM_C_Q)
                                                      0.116     3.357 r  fir_Qy/sample_out_reg[14]/Q
                         net (fo=1, routed)           2.432     5.789    Qy_out_OBUF[14]
    AE9                  OBUF (Prop_OUTBUF_HPIOB_M_I_O)
                                                      0.890     6.679 r  Qy_out_OBUF[14]_inst/O
                         net (fo=0)                   0.000     6.679    Qy_out[14]
    AE9                                                               r  Qy_out[14]
  -------------------------------------------------------------------    -------------------

Slack:                    inf
  Source:                 fir_Qy/sample_out_reg[12]/C
                            (rising edge-triggered cell FDRE clocked by clk  {rise@0.000ns fall@1.900ns period=3.800ns})
  Destination:            Qy_out[12]
                            (output port)
  Path Group:             (none)
  Path Type:              Max at Slow Process Corner
  Data Path Delay:        3.327ns  (logic 0.990ns (29.766%)  route 2.337ns (70.234%))
  Logic Levels:           1  (OBUF=1)
  Clock Uncertainty:      0.025ns  ((TSJ^2 + TIJ^2)^1/2 + DJ) / 2 + PE
    Total System Jitter     (TSJ):    0.050ns
    Total Input Jitter      (TIJ):    0.000ns
    Discrete Jitter          (DJ):    0.000ns
    Phase Error              (PE):    0.000ns
  Clock Net Delay (Source):      2.213ns (routing 1.131ns, distribution 1.082ns)

    Location             Delay type                Incr(ns)  Path(ns)    Netlist Resource(s)
  -------------------------------------------------------------------    -------------------
                         (clock clk rise edge)        0.000     0.000 r  <hidden>
    E5                                                0.000     0.000 r  clk
                         net (fo=0)                   0.000     0.000    clk_IBUF_inst/I
    E5                   INBUF (Prop_INBUF_HPIOB_M_PAD_O)
                                                      0.524     0.524 r  clk_IBUF_inst/INBUF_INST/O
                         net (fo=1, routed)           0.000     0.524    clk_IBUF_inst/OUT
    E5                   IBUFCTRL (Prop_IBUFCTRL_HPIOB_M_I_O)
                                                      0.000     0.524 r  clk_IBUF_inst/IBUFCTRL_INST/O
                         net (fo=1, routed)           0.460     0.984    clk_IBUF
    BUFGCE_X0Y93         BUFGCE (Prop_BUFCE_BUFGCE_I_O)
                                                      0.044     1.028 r  clk_IBUF_BUFG_inst/O
    X0Y2 (CLOCK_ROOT)    net (fo=941, routed)         2.213     3.241    fir_Qy/CLK
    SLICE_X18Y136        FDRE                                         r  fir_Qy/sample_out_reg[12]/C
  -------------------------------------------------------------------    -------------------
    SLICE_X18Y136        FDRE (Prop_FFF_SLICEM_C_Q)
                                                      0.112     3.353 r  fir_Qy/sample_out_reg[12]/Q
                         net (fo=1, routed)           2.337     5.690    Qy_out_OBUF[12]
    AB8                  OBUF (Prop_OUTBUF_HPIOB_M_I_O)
                                                      0.878     6.568 r  Qy_out_OBUF[12]_inst/O
                         net (fo=0)                   0.000     6.568    Qy_out[12]
    AB8                                                               r  Qy_out[12]
  -------------------------------------------------------------------    -------------------

Slack:                    inf
  Source:                 fir_Qy/sample_out_reg[7]/C
                            (rising edge-triggered cell FDRE clocked by clk  {rise@0.000ns fall@1.900ns period=3.800ns})
  Destination:            Qy_out[7]
                            (output port)
  Path Group:             (none)
  Path Type:              Max at Slow Process Corner
  Data Path Delay:        3.295ns  (logic 1.037ns (31.480%)  route 2.258ns (68.520%))
  Logic Levels:           1  (OBUF=1)
  Clock Uncertainty:      0.025ns  ((TSJ^2 + TIJ^2)^1/2 + DJ) / 2 + PE
    Total System Jitter     (TSJ):    0.050ns
    Total Input Jitter      (TIJ):    0.000ns
    Discrete Jitter          (DJ):    0.000ns
    Phase Error              (PE):    0.000ns
  Clock Net Delay (Source):      2.214ns (routing 1.131ns, distribution 1.083ns)

    Location             Delay type                Incr(ns)  Path(ns)    Netlist Resource(s)
  -------------------------------------------------------------------    -------------------
                         (clock clk rise edge)        0.000     0.000 r  <hidden>
    E5                                                0.000     0.000 r  clk
                         net (fo=0)                   0.000     0.000    clk_IBUF_inst/I
    E5                   INBUF (Prop_INBUF_HPIOB_M_PAD_O)
                                                      0.524     0.524 r  clk_IBUF_inst/INBUF_INST/O
                         net (fo=1, routed)           0.000     0.524    clk_IBUF_inst/OUT
    E5                   IBUFCTRL (Prop_IBUFCTRL_HPIOB_M_I_O)
                                                      0.000     0.524 r  clk_IBUF_inst/IBUFCTRL_INST/O
                         net (fo=1, routed)           0.460     0.984    clk_IBUF
    BUFGCE_X0Y93         BUFGCE (Prop_BUFCE_BUFGCE_I_O)
                                                      0.044     1.028 r  clk_IBUF_BUFG_inst/O
    X0Y2 (CLOCK_ROOT)    net (fo=941, routed)         2.214     3.242    fir_Qy/CLK
    SLICE_X18Y136        FDRE                                         r  fir_Qy/sample_out_reg[7]/C
  -------------------------------------------------------------------    -------------------
    SLICE_X18Y136        FDRE (Prop_DFF_SLICEM_C_Q)
                                                      0.116     3.358 r  fir_Qy/sample_out_reg[7]/Q
                         net (fo=1, routed)           2.258     5.616    Qy_out_OBUF[7]
    AH9                  OBUF (Prop_OUTBUF_HPIOB_S_I_O)
                                                      0.921     6.537 r  Qy_out_OBUF[7]_inst/O
                         net (fo=0)                   0.000     6.537    Qy_out[7]
    AH9                                                               r  Qy_out[7]
  -------------------------------------------------------------------    -------------------

Slack:                    inf
  Source:                 fir_Qy/sample_out_reg[4]/C
                            (rising edge-triggered cell FDRE clocked by clk  {rise@0.000ns fall@1.900ns period=3.800ns})
  Destination:            Qy_out[4]
                            (output port)
  Path Group:             (none)
  Path Type:              Max at Slow Process Corner
  Data Path Delay:        3.244ns  (logic 1.037ns (31.959%)  route 2.207ns (68.041%))
  Logic Levels:           1  (OBUF=1)
  Clock Uncertainty:      0.025ns  ((TSJ^2 + TIJ^2)^1/2 + DJ) / 2 + PE
    Total System Jitter     (TSJ):    0.050ns
    Total Input Jitter      (TIJ):    0.000ns
    Discrete Jitter          (DJ):    0.000ns
    Phase Error              (PE):    0.000ns
  Clock Net Delay (Source):      2.214ns (routing 1.131ns, distribution 1.083ns)

    Location             Delay type                Incr(ns)  Path(ns)    Netlist Resource(s)
  -------------------------------------------------------------------    -------------------
                         (clock clk rise edge)        0.000     0.000 r  <hidden>
    E5                                                0.000     0.000 r  clk
                         net (fo=0)                   0.000     0.000    clk_IBUF_inst/I
    E5                   INBUF (Prop_INBUF_HPIOB_M_PAD_O)
                                                      0.524     0.524 r  clk_IBUF_inst/INBUF_INST/O
                         net (fo=1, routed)           0.000     0.524    clk_IBUF_inst/OUT
    E5                   IBUFCTRL (Prop_IBUFCTRL_HPIOB_M_I_O)
                                                      0.000     0.524 r  clk_IBUF_inst/IBUFCTRL_INST/O
                         net (fo=1, routed)           0.460     0.984    clk_IBUF
    BUFGCE_X0Y93         BUFGCE (Prop_BUFCE_BUFGCE_I_O)
                                                      0.044     1.028 r  clk_IBUF_BUFG_inst/O
    X0Y2 (CLOCK_ROOT)    net (fo=941, routed)         2.214     3.242    fir_Qy/CLK
    SLICE_X18Y136        FDRE                                         r  fir_Qy/sample_out_reg[4]/C
  -------------------------------------------------------------------    -------------------
    SLICE_X18Y136        FDRE (Prop_BFF2_SLICEM_C_Q)
                                                      0.115     3.357 r  fir_Qy/sample_out_reg[4]/Q
                         net (fo=1, routed)           2.207     5.564    Qy_out_OBUF[4]
    AF8                  OBUF (Prop_OUTBUF_HPIOB_M_I_O)
                                                      0.922     6.485 r  Qy_out_OBUF[4]_inst/O
                         net (fo=0)                   0.000     6.485    Qy_out[4]
    AF8                                                               r  Qy_out[4]
  -------------------------------------------------------------------    -------------------

Slack:                    inf
  Source:                 fir_Qy/sample_out_reg[8]/C
                            (rising edge-triggered cell FDRE clocked by clk  {rise@0.000ns fall@1.900ns period=3.800ns})
  Destination:            Qy_out[8]
                            (output port)
  Path Group:             (none)
  Path Type:              Max at Slow Process Corner
  Data Path Delay:        3.229ns  (logic 0.994ns (30.773%)  route 2.235ns (69.227%))
  Logic Levels:           1  (OBUF=1)
  Clock Uncertainty:      0.025ns  ((TSJ^2 + TIJ^2)^1/2 + DJ) / 2 + PE
    Total System Jitter     (TSJ):    0.050ns
    Total Input Jitter      (TIJ):    0.000ns
    Discrete Jitter          (DJ):    0.000ns
    Phase Error              (PE):    0.000ns
  Clock Net Delay (Source):      2.214ns (routing 1.131ns, distribution 1.083ns)

    Location             Delay type                Incr(ns)  Path(ns)    Netlist Resource(s)
  -------------------------------------------------------------------    -------------------
                         (clock clk rise edge)        0.000     0.000 r  <hidden>
    E5                                                0.000     0.000 r  clk
                         net (fo=0)                   0.000     0.000    clk_IBUF_inst/I
    E5                   INBUF (Prop_INBUF_HPIOB_M_PAD_O)
                                                      0.524     0.524 r  clk_IBUF_inst/INBUF_INST/O
                         net (fo=1, routed)           0.000     0.524    clk_IBUF_inst/OUT
    E5                   IBUFCTRL (Prop_IBUFCTRL_HPIOB_M_I_O)
                                                      0.000     0.524 r  clk_IBUF_inst/IBUFCTRL_INST/O
                         net (fo=1, routed)           0.460     0.984    clk_IBUF
    BUFGCE_X0Y93         BUFGCE (Prop_BUFCE_BUFGCE_I_O)
                                                      0.044     1.028 r  clk_IBUF_BUFG_inst/O
    X0Y2 (CLOCK_ROOT)    net (fo=941, routed)         2.214     3.242    fir_Qy/CLK
    SLICE_X18Y136        FDRE                                         r  fir_Qy/sample_out_reg[8]/C
  -------------------------------------------------------------------    -------------------
    SLICE_X18Y136        FDRE (Prop_DFF2_SLICEM_C_Q)
                                                      0.115     3.357 r  fir_Qy/sample_out_reg[8]/Q
                         net (fo=1, routed)           2.235     5.592    Qy_out_OBUF[8]
    AB7                  OBUF (Prop_OUTBUF_HPIOB_M_I_O)
                                                      0.879     6.470 r  Qy_out_OBUF[8]_inst/O
                         net (fo=0)                   0.000     6.470    Qy_out[8]
    AB7                                                               r  Qy_out[8]
  -------------------------------------------------------------------    -------------------

Slack:                    inf
  Source:                 fir_Qx/sample_out_reg[3]/C
                            (rising edge-triggered cell FDRE clocked by clk  {rise@0.000ns fall@1.900ns period=3.800ns})
  Destination:            Qx_out[3]
                            (output port)
  Path Group:             (none)
  Path Type:              Max at Slow Process Corner
  Data Path Delay:        3.097ns  (logic 1.011ns (32.654%)  route 2.086ns (67.346%))
  Logic Levels:           1  (OBUF=1)
  Clock Uncertainty:      0.025ns  ((TSJ^2 + TIJ^2)^1/2 + DJ) / 2 + PE
    Total System Jitter     (TSJ):    0.050ns
    Total Input Jitter      (TIJ):    0.000ns
    Discrete Jitter          (DJ):    0.000ns
    Phase Error              (PE):    0.000ns
  Clock Net Delay (Source):      2.345ns (routing 1.131ns, distribution 1.214ns)

    Location             Delay type                Incr(ns)  Path(ns)    Netlist Resource(s)
  -------------------------------------------------------------------    -------------------
                         (clock clk rise edge)        0.000     0.000 r  <hidden>
    E5                                                0.000     0.000 r  clk
                         net (fo=0)                   0.000     0.000    clk_IBUF_inst/I
    E5                   INBUF (Prop_INBUF_HPIOB_M_PAD_O)
                                                      0.524     0.524 r  clk_IBUF_inst/INBUF_INST/O
                         net (fo=1, routed)           0.000     0.524    clk_IBUF_inst/OUT
    E5                   IBUFCTRL (Prop_IBUFCTRL_HPIOB_M_I_O)
                                                      0.000     0.524 r  clk_IBUF_inst/IBUFCTRL_INST/O
                         net (fo=1, routed)           0.460     0.984    clk_IBUF
    BUFGCE_X0Y93         BUFGCE (Prop_BUFCE_BUFGCE_I_O)
                                                      0.044     1.028 r  clk_IBUF_BUFG_inst/O
    X0Y2 (CLOCK_ROOT)    net (fo=941, routed)         2.345     3.373    fir_Qx/CLK
    SLICE_X28Y141        FDRE                                         r  fir_Qx/sample_out_reg[3]/C
  -------------------------------------------------------------------    -------------------
    SLICE_X28Y141        FDRE (Prop_FFF_SLICEM_C_Q)
                                                      0.112     3.485 r  fir_Qx/sample_out_reg[3]/Q
                         net (fo=1, routed)           2.086     5.571    Qx_out_OBUF[3]
    L2                   OBUF (Prop_OUTBUF_HPIOB_S_I_O)
                                                      0.899     6.470 r  Qx_out_OBUF[3]_inst/O
                         net (fo=0)                   0.000     6.470    Qx_out[3]
    L2                                                                r  Qx_out[3]
  -------------------------------------------------------------------    -------------------

Slack:                    inf
  Source:                 fir_Qy/sample_out_reg[2]/C
                            (rising edge-triggered cell FDRE clocked by clk  {rise@0.000ns fall@1.900ns period=3.800ns})
  Destination:            Qy_out[2]
                            (output port)
  Path Group:             (none)
  Path Type:              Max at Slow Process Corner
  Data Path Delay:        3.213ns  (logic 1.040ns (32.377%)  route 2.173ns (67.623%))
  Logic Levels:           1  (OBUF=1)
  Clock Uncertainty:      0.025ns  ((TSJ^2 + TIJ^2)^1/2 + DJ) / 2 + PE
    Total System Jitter     (TSJ):    0.050ns
    Total Input Jitter      (TIJ):    0.000ns
    Discrete Jitter          (DJ):    0.000ns
    Phase Error              (PE):    0.000ns
  Clock Net Delay (Source):      2.214ns (routing 1.131ns, distribution 1.083ns)

    Location             Delay type                Incr(ns)  Path(ns)    Netlist Resource(s)
  -------------------------------------------------------------------    -------------------
                         (clock clk rise edge)        0.000     0.000 r  <hidden>
    E5                                                0.000     0.000 r  clk
                         net (fo=0)                   0.000     0.000    clk_IBUF_inst/I
    E5                   INBUF (Prop_INBUF_HPIOB_M_PAD_O)
                                                      0.524     0.524 r  clk_IBUF_inst/INBUF_INST/O
                         net (fo=1, routed)           0.000     0.524    clk_IBUF_inst/OUT
    E5                   IBUFCTRL (Prop_IBUFCTRL_HPIOB_M_I_O)
                                                      0.000     0.524 r  clk_IBUF_inst/IBUFCTRL_INST/O
                         net (fo=1, routed)           0.460     0.984    clk_IBUF
    BUFGCE_X0Y93         BUFGCE (Prop_BUFCE_BUFGCE_I_O)
                                                      0.044     1.028 r  clk_IBUF_BUFG_inst/O
    X0Y2 (CLOCK_ROOT)    net (fo=941, routed)         2.214     3.242    fir_Qy/CLK
    SLICE_X18Y136        FDRE                                         r  fir_Qy/sample_out_reg[2]/C
  -------------------------------------------------------------------    -------------------
    SLICE_X18Y136        FDRE (Prop_AFF2_SLICEM_C_Q)
                                                      0.118     3.360 r  fir_Qy/sample_out_reg[2]/Q
                         net (fo=1, routed)           2.173     5.533    Qy_out_OBUF[2]
    AH8                  OBUF (Prop_OUTBUF_HPIOB_M_I_O)
                                                      0.922     6.455 r  Qy_out_OBUF[2]_inst/O
                         net (fo=0)                   0.000     6.455    Qy_out[2]
    AH8                                                               r  Qy_out[2]
  -------------------------------------------------------------------    -------------------

Slack:                    inf
  Source:                 fir_Qy/sample_out_reg[5]/C
                            (rising edge-triggered cell FDRE clocked by clk  {rise@0.000ns fall@1.900ns period=3.800ns})
  Destination:            Qy_out[5]
                            (output port)
  Path Group:             (none)
  Path Type:              Max at Slow Process Corner
  Data Path Delay:        3.213ns  (logic 1.041ns (32.406%)  route 2.172ns (67.594%))
  Logic Levels:           1  (OBUF=1)
  Clock Uncertainty:      0.025ns  ((TSJ^2 + TIJ^2)^1/2 + DJ) / 2 + PE
    Total System Jitter     (TSJ):    0.050ns
    Total Input Jitter      (TIJ):    0.000ns
    Discrete Jitter          (DJ):    0.000ns
    Phase Error              (PE):    0.000ns
  Clock Net Delay (Source):      2.214ns (routing 1.131ns, distribution 1.083ns)

    Location             Delay type                Incr(ns)  Path(ns)    Netlist Resource(s)
  -------------------------------------------------------------------    -------------------
                         (clock clk rise edge)        0.000     0.000 r  <hidden>
    E5                                                0.000     0.000 r  clk
                         net (fo=0)                   0.000     0.000    clk_IBUF_inst/I
    E5                   INBUF (Prop_INBUF_HPIOB_M_PAD_O)
                                                      0.524     0.524 r  clk_IBUF_inst/INBUF_INST/O
                         net (fo=1, routed)           0.000     0.524    clk_IBUF_inst/OUT
    E5                   IBUFCTRL (Prop_IBUFCTRL_HPIOB_M_I_O)
                                                      0.000     0.524 r  clk_IBUF_inst/IBUFCTRL_INST/O
                         net (fo=1, routed)           0.460     0.984    clk_IBUF
    BUFGCE_X0Y93         BUFGCE (Prop_BUFCE_BUFGCE_I_O)
                                                      0.044     1.028 r  clk_IBUF_BUFG_inst/O
    X0Y2 (CLOCK_ROOT)    net (fo=941, routed)         2.214     3.242    fir_Qy/CLK
    SLICE_X18Y136        FDRE                                         r  fir_Qy/sample_out_reg[5]/C
  -------------------------------------------------------------------    -------------------
    SLICE_X18Y136        FDRE (Prop_CFF_SLICEM_C_Q)
                                                      0.116     3.358 r  fir_Qy/sample_out_reg[5]/Q
                         net (fo=1, routed)           2.172     5.530    Qy_out_OBUF[5]
    AG8                  OBUF (Prop_OUTBUF_HPIOB_S_I_O)
                                                      0.925     6.455 r  Qy_out_OBUF[5]_inst/O
                         net (fo=0)                   0.000     6.455    Qy_out[5]
    AG8                                                               r  Qy_out[5]
  -------------------------------------------------------------------    -------------------

Slack:                    inf
  Source:                 fir_Qx/sample_out_reg[0]/C
                            (rising edge-triggered cell FDRE clocked by clk  {rise@0.000ns fall@1.900ns period=3.800ns})
  Destination:            Qx_out[0]
                            (output port)
  Path Group:             (none)
  Path Type:              Max at Slow Process Corner
  Data Path Delay:        3.076ns  (logic 0.987ns (32.092%)  route 2.089ns (67.908%))
  Logic Levels:           1  (OBUF=1)
  Clock Uncertainty:      0.025ns  ((TSJ^2 + TIJ^2)^1/2 + DJ) / 2 + PE
    Total System Jitter     (TSJ):    0.050ns
    Total Input Jitter      (TIJ):    0.000ns
    Discrete Jitter          (DJ):    0.000ns
    Phase Error              (PE):    0.000ns
  Clock Net Delay (Source):      2.329ns (routing 1.131ns, distribution 1.198ns)

    Location             Delay type                Incr(ns)  Path(ns)    Netlist Resource(s)
  -------------------------------------------------------------------    -------------------
                         (clock clk rise edge)        0.000     0.000 r  <hidden>
    E5                                                0.000     0.000 r  clk
                         net (fo=0)                   0.000     0.000    clk_IBUF_inst/I
    E5                   INBUF (Prop_INBUF_HPIOB_M_PAD_O)
                                                      0.524     0.524 r  clk_IBUF_inst/INBUF_INST/O
                         net (fo=1, routed)           0.000     0.524    clk_IBUF_inst/OUT
    E5                   IBUFCTRL (Prop_IBUFCTRL_HPIOB_M_I_O)
                                                      0.000     0.524 r  clk_IBUF_inst/IBUFCTRL_INST/O
                         net (fo=1, routed)           0.460     0.984    clk_IBUF
    BUFGCE_X0Y93         BUFGCE (Prop_BUFCE_BUFGCE_I_O)
                                                      0.044     1.028 r  clk_IBUF_BUFG_inst/O
    X0Y2 (CLOCK_ROOT)    net (fo=941, routed)         2.329     3.357    fir_Qx/CLK
    SLICE_X28Y142        FDRE                                         r  fir_Qx/sample_out_reg[0]/C
  -------------------------------------------------------------------    -------------------
    SLICE_X28Y142        FDRE (Prop_EFF_SLICEM_C_Q)
                                                      0.113     3.470 r  fir_Qx/sample_out_reg[0]/Q
                         net (fo=1, routed)           2.089     5.559    Qx_out_OBUF[0]
    L7                   OBUF (Prop_OUTBUF_HPIOB_M_I_O)
                                                      0.874     6.433 r  Qx_out_OBUF[0]_inst/O
                         net (fo=0)                   0.000     6.433    Qx_out[0]
    L7                                                                r  Qx_out[0]
  -------------------------------------------------------------------    -------------------

Slack:                    inf
  Source:                 fir_Qy/sample_out_reg[9]/C
                            (rising edge-triggered cell FDRE clocked by clk  {rise@0.000ns fall@1.900ns period=3.800ns})
  Destination:            Qy_out[9]
                            (output port)
  Path Group:             (none)
  Path Type:              Max at Slow Process Corner
  Data Path Delay:        3.186ns  (logic 0.996ns (31.270%)  route 2.190ns (68.730%))
  Logic Levels:           1  (OBUF=1)
  Clock Uncertainty:      0.025ns  ((TSJ^2 + TIJ^2)^1/2 + DJ) / 2 + PE
    Total System Jitter     (TSJ):    0.050ns
    Total Input Jitter      (TIJ):    0.000ns
    Discrete Jitter          (DJ):    0.000ns
    Phase Error              (PE):    0.000ns
  Clock Net Delay (Source):      2.213ns (routing 1.131ns, distribution 1.082ns)

    Location             Delay type                Incr(ns)  Path(ns)    Netlist Resource(s)
  -------------------------------------------------------------------    -------------------
                         (clock clk rise edge)        0.000     0.000 r  <hidden>
    E5                                                0.000     0.000 r  clk
                         net (fo=0)                   0.000     0.000    clk_IBUF_inst/I
    E5                   INBUF (Prop_INBUF_HPIOB_M_PAD_O)
                                                      0.524     0.524 r  clk_IBUF_inst/INBUF_INST/O
                         net (fo=1, routed)           0.000     0.524    clk_IBUF_inst/OUT
    E5                   IBUFCTRL (Prop_IBUFCTRL_HPIOB_M_I_O)
                                                      0.000     0.524 r  clk_IBUF_inst/IBUFCTRL_INST/O
                         net (fo=1, routed)           0.460     0.984    clk_IBUF
    BUFGCE_X0Y93         BUFGCE (Prop_BUFCE_BUFGCE_I_O)
                                                      0.044     1.028 r  clk_IBUF_BUFG_inst/O
    X0Y2 (CLOCK_ROOT)    net (fo=941, routed)         2.213     3.241    fir_Qy/CLK
    SLICE_X18Y136        FDRE                                         r  fir_Qy/sample_out_reg[9]/C
  -------------------------------------------------------------------    -------------------
    SLICE_X18Y136        FDRE (Prop_HFF_SLICEM_C_Q)
                                                      0.114     3.355 r  fir_Qy/sample_out_reg[9]/Q
                         net (fo=1, routed)           2.190     5.545    Qy_out_OBUF[9]
    AC7                  OBUF (Prop_OUTBUF_HPIOB_S_I_O)
                                                      0.882     6.427 r  Qy_out_OBUF[9]_inst/O
                         net (fo=0)                   0.000     6.427    Qy_out[9]
    AC7                                                               r  Qy_out[9]
  -------------------------------------------------------------------    -------------------





Min Delay Paths
--------------------------------------------------------------------------------------
Slack:                    inf
  Source:                 fir_Iy/sample_out_reg[10]/C
                            (rising edge-triggered cell FDRE clocked by clk  {rise@0.000ns fall@1.900ns period=3.800ns})
  Destination:            Iy_out[10]
                            (output port)
  Path Group:             (none)
  Path Type:              Min at Fast Process Corner
  Data Path Delay:        0.898ns  (logic 0.446ns (49.681%)  route 0.452ns (50.319%))
  Logic Levels:           1  (OBUF=1)
  Clock Uncertainty:      0.025ns  ((TSJ^2 + TIJ^2)^1/2 + DJ) / 2 + PE
    Total System Jitter     (TSJ):    0.050ns
    Total Input Jitter      (TIJ):    0.000ns
    Discrete Jitter          (DJ):    0.000ns
    Phase Error              (PE):    0.000ns
  Clock Net Delay (Source):      1.261ns (routing 0.623ns, distribution 0.638ns)

    Location             Delay type                Incr(ns)  Path(ns)    Netlist Resource(s)
  -------------------------------------------------------------------    -------------------
                         (clock clk rise edge)        0.000     0.000 r  <hidden>
    E5                                                0.000     0.000 r  clk
                         net (fo=0)                   0.000     0.000    clk_IBUF_inst/I
    E5                   INBUF (Prop_INBUF_HPIOB_M_PAD_O)
                                                      0.159     0.159 r  clk_IBUF_inst/INBUF_INST/O
                         net (fo=1, routed)           0.000     0.159    clk_IBUF_inst/OUT
    E5                   IBUFCTRL (Prop_IBUFCTRL_HPIOB_M_I_O)
                                                      0.000     0.159 r  clk_IBUF_inst/IBUFCTRL_INST/O
                         net (fo=1, routed)           0.176     0.335    clk_IBUF
    BUFGCE_X0Y93         BUFGCE (Prop_BUFCE_BUFGCE_I_O)
                                                      0.023     0.358 r  clk_IBUF_BUFG_inst/O
    X0Y2 (CLOCK_ROOT)    net (fo=941, routed)         1.261     1.618    fir_Iy/CLK
    SLICE_X24Y157        FDRE                                         r  fir_Iy/sample_out_reg[10]/C
  -------------------------------------------------------------------    -------------------
    SLICE_X24Y157        FDRE (Prop_AFF2_SLICEM_C_Q)
                                                      0.084     1.702 r  fir_Iy/sample_out_reg[10]/Q
                         net (fo=1, routed)           0.452     2.154    Iy_out_OBUF[10]
    N9                   OBUF (Prop_OUTBUF_HPIOB_M_I_O)
                                                      0.362     2.516 r  Iy_out_OBUF[10]_inst/O
                         net (fo=0)                   0.000     2.516    Iy_out[10]
    N9                                                                r  Iy_out[10]
  -------------------------------------------------------------------    -------------------

Slack:                    inf
  Source:                 fir_Iy/sample_out_reg[12]/C
                            (rising edge-triggered cell FDRE clocked by clk  {rise@0.000ns fall@1.900ns period=3.800ns})
  Destination:            Iy_out[12]
                            (output port)
  Path Group:             (none)
  Path Type:              Min at Fast Process Corner
  Data Path Delay:        0.911ns  (logic 0.470ns (51.609%)  route 0.441ns (48.392%))
  Logic Levels:           1  (OBUF=1)
  Clock Uncertainty:      0.025ns  ((TSJ^2 + TIJ^2)^1/2 + DJ) / 2 + PE
    Total System Jitter     (TSJ):    0.050ns
    Total Input Jitter      (TIJ):    0.000ns
    Discrete Jitter          (DJ):    0.000ns
    Phase Error              (PE):    0.000ns
  Clock Net Delay (Source):      1.260ns (routing 0.623ns, distribution 0.637ns)

    Location             Delay type                Incr(ns)  Path(ns)    Netlist Resource(s)
  -------------------------------------------------------------------    -------------------
                         (clock clk rise edge)        0.000     0.000 r  <hidden>
    E5                                                0.000     0.000 r  clk
                         net (fo=0)                   0.000     0.000    clk_IBUF_inst/I
    E5                   INBUF (Prop_INBUF_HPIOB_M_PAD_O)
                                                      0.159     0.159 r  clk_IBUF_inst/INBUF_INST/O
                         net (fo=1, routed)           0.000     0.159    clk_IBUF_inst/OUT
    E5                   IBUFCTRL (Prop_IBUFCTRL_HPIOB_M_I_O)
                                                      0.000     0.159 r  clk_IBUF_inst/IBUFCTRL_INST/O
                         net (fo=1, routed)           0.176     0.335    clk_IBUF
    BUFGCE_X0Y93         BUFGCE (Prop_BUFCE_BUFGCE_I_O)
                                                      0.023     0.358 r  clk_IBUF_BUFG_inst/O
    X0Y2 (CLOCK_ROOT)    net (fo=941, routed)         1.260     1.617    fir_Iy/CLK
    SLICE_X24Y157        FDRE                                         r  fir_Iy/sample_out_reg[12]/C
  -------------------------------------------------------------------    -------------------
    SLICE_X24Y157        FDRE (Prop_EFF_SLICEM_C_Q)
                                                      0.082     1.699 r  fir_Iy/sample_out_reg[12]/Q
                         net (fo=1, routed)           0.441     2.140    Iy_out_OBUF[12]
    P7                   OBUF (Prop_OUTBUF_HPIOB_M_I_O)
                                                      0.388     2.528 r  Iy_out_OBUF[12]_inst/O
                         net (fo=0)                   0.000     2.528    Iy_out[12]
    P7                                                                r  Iy_out[12]
  -------------------------------------------------------------------    -------------------

Slack:                    inf
  Source:                 fir_Iy/sample_out_reg[15]/C
                            (rising edge-triggered cell FDRE clocked by clk  {rise@0.000ns fall@1.900ns period=3.800ns})
  Destination:            Iy_out[15]
                            (output port)
  Path Group:             (none)
  Path Type:              Min at Fast Process Corner
  Data Path Delay:        0.912ns  (logic 0.459ns (50.303%)  route 0.453ns (49.697%))
  Logic Levels:           1  (OBUF=1)
  Clock Uncertainty:      0.025ns  ((TSJ^2 + TIJ^2)^1/2 + DJ) / 2 + PE
    Total System Jitter     (TSJ):    0.050ns
    Total Input Jitter      (TIJ):    0.000ns
    Discrete Jitter          (DJ):    0.000ns
    Phase Error              (PE):    0.000ns
  Clock Net Delay (Source):      1.260ns (routing 0.623ns, distribution 0.637ns)

    Location             Delay type                Incr(ns)  Path(ns)    Netlist Resource(s)
  -------------------------------------------------------------------    -------------------
                         (clock clk rise edge)        0.000     0.000 r  <hidden>
    E5                                                0.000     0.000 r  clk
                         net (fo=0)                   0.000     0.000    clk_IBUF_inst/I
    E5                   INBUF (Prop_INBUF_HPIOB_M_PAD_O)
                                                      0.159     0.159 r  clk_IBUF_inst/INBUF_INST/O
                         net (fo=1, routed)           0.000     0.159    clk_IBUF_inst/OUT
    E5                   IBUFCTRL (Prop_IBUFCTRL_HPIOB_M_I_O)
                                                      0.000     0.159 r  clk_IBUF_inst/IBUFCTRL_INST/O
                         net (fo=1, routed)           0.176     0.335    clk_IBUF
    BUFGCE_X0Y93         BUFGCE (Prop_BUFCE_BUFGCE_I_O)
                                                      0.023     0.358 r  clk_IBUF_BUFG_inst/O
    X0Y2 (CLOCK_ROOT)    net (fo=941, routed)         1.260     1.617    fir_Iy/CLK
    SLICE_X24Y157        FDRE                                         r  fir_Iy/sample_out_reg[15]/C
  -------------------------------------------------------------------    -------------------
    SLICE_X24Y157        FDRE (Prop_EFF2_SLICEM_C_Q)
                                                      0.084     1.701 r  fir_Iy/sample_out_reg[15]/Q
                         net (fo=1, routed)           0.453     2.154    Iy_out_OBUF[15]
    N6                   OBUF (Prop_OUTBUF_HPIOB_S_I_O)
                                                      0.375     2.529 r  Iy_out_OBUF[15]_inst/O
                         net (fo=0)                   0.000     2.529    Iy_out[15]
    N6                                                                r  Iy_out[15]
  -------------------------------------------------------------------    -------------------

Slack:                    inf
  Source:                 fir_Iy/sample_out_reg[14]/C
                            (rising edge-triggered cell FDRE clocked by clk  {rise@0.000ns fall@1.900ns period=3.800ns})
  Destination:            Iy_out[14]
                            (output port)
  Path Group:             (none)
  Path Type:              Min at Fast Process Corner
  Data Path Delay:        0.930ns  (logic 0.459ns (49.363%)  route 0.471ns (50.637%))
  Logic Levels:           1  (OBUF=1)
  Clock Uncertainty:      0.025ns  ((TSJ^2 + TIJ^2)^1/2 + DJ) / 2 + PE
    Total System Jitter     (TSJ):    0.050ns
    Total Input Jitter      (TIJ):    0.000ns
    Discrete Jitter          (DJ):    0.000ns
    Phase Error              (PE):    0.000ns
  Clock Net Delay (Source):      1.261ns (routing 0.623ns, distribution 0.638ns)

    Location             Delay type                Incr(ns)  Path(ns)    Netlist Resource(s)
  -------------------------------------------------------------------    -------------------
                         (clock clk rise edge)        0.000     0.000 r  <hidden>
    E5                                                0.000     0.000 r  clk
                         net (fo=0)                   0.000     0.000    clk_IBUF_inst/I
    E5                   INBUF (Prop_INBUF_HPIOB_M_PAD_O)
                                                      0.159     0.159 r  clk_IBUF_inst/INBUF_INST/O
                         net (fo=1, routed)           0.000     0.159    clk_IBUF_inst/OUT
    E5                   IBUFCTRL (Prop_IBUFCTRL_HPIOB_M_I_O)
                                                      0.000     0.159 r  clk_IBUF_inst/IBUFCTRL_INST/O
                         net (fo=1, routed)           0.176     0.335    clk_IBUF
    BUFGCE_X0Y93         BUFGCE (Prop_BUFCE_BUFGCE_I_O)
                                                      0.023     0.358 r  clk_IBUF_BUFG_inst/O
    X0Y2 (CLOCK_ROOT)    net (fo=941, routed)         1.261     1.618    fir_Iy/CLK
    SLICE_X24Y157        FDRE                                         r  fir_Iy/sample_out_reg[14]/C
  -------------------------------------------------------------------    -------------------
    SLICE_X24Y157        FDRE (Prop_BFF2_SLICEM_C_Q)
                                                      0.085     1.703 r  fir_Iy/sample_out_reg[14]/Q
                         net (fo=1, routed)           0.471     2.174    Iy_out_OBUF[14]
    N7                   OBUF (Prop_OUTBUF_HPIOB_M_I_O)
                                                      0.374     2.548 r  Iy_out_OBUF[14]_inst/O
                         net (fo=0)                   0.000     2.548    Iy_out[14]
    N7                                                                r  Iy_out[14]
  -------------------------------------------------------------------    -------------------

Slack:                    inf
  Source:                 fir_Iy/sample_out_reg[11]/C
                            (rising edge-triggered cell FDRE clocked by clk  {rise@0.000ns fall@1.900ns period=3.800ns})
  Destination:            Iy_out[11]
                            (output port)
  Path Group:             (none)
  Path Type:              Min at Fast Process Corner
  Data Path Delay:        0.932ns  (logic 0.444ns (47.665%)  route 0.488ns (52.335%))
  Logic Levels:           1  (OBUF=1)
  Clock Uncertainty:      0.025ns  ((TSJ^2 + TIJ^2)^1/2 + DJ) / 2 + PE
    Total System Jitter     (TSJ):    0.050ns
    Total Input Jitter      (TIJ):    0.000ns
    Discrete Jitter          (DJ):    0.000ns
    Phase Error              (PE):    0.000ns
  Clock Net Delay (Source):      1.261ns (routing 0.623ns, distribution 0.638ns)

    Location             Delay type                Incr(ns)  Path(ns)    Netlist Resource(s)
  -------------------------------------------------------------------    -------------------
                         (clock clk rise edge)        0.000     0.000 r  <hidden>
    E5                                                0.000     0.000 r  clk
                         net (fo=0)                   0.000     0.000    clk_IBUF_inst/I
    E5                   INBUF (Prop_INBUF_HPIOB_M_PAD_O)
                                                      0.159     0.159 r  clk_IBUF_inst/INBUF_INST/O
                         net (fo=1, routed)           0.000     0.159    clk_IBUF_inst/OUT
    E5                   IBUFCTRL (Prop_IBUFCTRL_HPIOB_M_I_O)
                                                      0.000     0.159 r  clk_IBUF_inst/IBUFCTRL_INST/O
                         net (fo=1, routed)           0.176     0.335    clk_IBUF
    BUFGCE_X0Y93         BUFGCE (Prop_BUFCE_BUFGCE_I_O)
                                                      0.023     0.358 r  clk_IBUF_BUFG_inst/O
    X0Y2 (CLOCK_ROOT)    net (fo=941, routed)         1.261     1.618    fir_Iy/CLK
    SLICE_X24Y157        FDRE                                         r  fir_Iy/sample_out_reg[11]/C
  -------------------------------------------------------------------    -------------------
    SLICE_X24Y157        FDRE (Prop_BFF_SLICEM_C_Q)
                                                      0.082     1.700 r  fir_Iy/sample_out_reg[11]/Q
                         net (fo=1, routed)           0.488     2.188    Iy_out_OBUF[11]
    N8                   OBUF (Prop_OUTBUF_HPIOB_S_I_O)
                                                      0.362     2.551 r  Iy_out_OBUF[11]_inst/O
                         net (fo=0)                   0.000     2.551    Iy_out[11]
    N8                                                                r  Iy_out[11]
  -------------------------------------------------------------------    -------------------

Slack:                    inf
  Source:                 fir_Iy/sample_out_reg[13]/C
                            (rising edge-triggered cell FDRE clocked by clk  {rise@0.000ns fall@1.900ns period=3.800ns})
  Destination:            Iy_out[13]
                            (output port)
  Path Group:             (none)
  Path Type:              Min at Fast Process Corner
  Data Path Delay:        0.940ns  (logic 0.473ns (50.340%)  route 0.467ns (49.660%))
  Logic Levels:           1  (OBUF=1)
  Clock Uncertainty:      0.025ns  ((TSJ^2 + TIJ^2)^1/2 + DJ) / 2 + PE
    Total System Jitter     (TSJ):    0.050ns
    Total Input Jitter      (TIJ):    0.000ns
    Discrete Jitter          (DJ):    0.000ns
    Phase Error              (PE):    0.000ns
  Clock Net Delay (Source):      1.253ns (routing 0.623ns, distribution 0.630ns)

    Location             Delay type                Incr(ns)  Path(ns)    Netlist Resource(s)
  -------------------------------------------------------------------    -------------------
                         (clock clk rise edge)        0.000     0.000 r  <hidden>
    E5                                                0.000     0.000 r  clk
                         net (fo=0)                   0.000     0.000    clk_IBUF_inst/I
    E5                   INBUF (Prop_INBUF_HPIOB_M_PAD_O)
                                                      0.159     0.159 r  clk_IBUF_inst/INBUF_INST/O
                         net (fo=1, routed)           0.000     0.159    clk_IBUF_inst/OUT
    E5                   IBUFCTRL (Prop_IBUFCTRL_HPIOB_M_I_O)
                                                      0.000     0.159 r  clk_IBUF_inst/IBUFCTRL_INST/O
                         net (fo=1, routed)           0.176     0.335    clk_IBUF
    BUFGCE_X0Y93         BUFGCE (Prop_BUFCE_BUFGCE_I_O)
                                                      0.023     0.358 r  clk_IBUF_BUFG_inst/O
    X0Y2 (CLOCK_ROOT)    net (fo=941, routed)         1.253     1.611    fir_Iy/CLK
    SLICE_X23Y157        FDRE                                         r  fir_Iy/sample_out_reg[13]/C
  -------------------------------------------------------------------    -------------------
    SLICE_X23Y157        FDRE (Prop_EFF_SLICEL_C_Q)
                                                      0.084     1.695 r  fir_Iy/sample_out_reg[13]/Q
                         net (fo=1, routed)           0.467     2.162    Iy_out_OBUF[13]
    P6                   OBUF (Prop_OUTBUF_HPIOB_S_I_O)
                                                      0.389     2.551 r  Iy_out_OBUF[13]_inst/O
                         net (fo=0)                   0.000     2.551    Iy_out[13]
    P6                                                                r  Iy_out[13]
  -------------------------------------------------------------------    -------------------

Slack:                    inf
  Source:                 fir_Iy/sample_out_reg[17]/C
                            (rising edge-triggered cell FDRE clocked by clk  {rise@0.000ns fall@1.900ns period=3.800ns})
  Destination:            Iy_out[17]
                            (output port)
  Path Group:             (none)
  Path Type:              Min at Fast Process Corner
  Data Path Delay:        0.939ns  (logic 0.462ns (49.176%)  route 0.477ns (50.824%))
  Logic Levels:           1  (OBUF=1)
  Clock Uncertainty:      0.025ns  ((TSJ^2 + TIJ^2)^1/2 + DJ) / 2 + PE
    Total System Jitter     (TSJ):    0.050ns
    Total Input Jitter      (TIJ):    0.000ns
    Discrete Jitter          (DJ):    0.000ns
    Phase Error              (PE):    0.000ns
  Clock Net Delay (Source):      1.261ns (routing 0.623ns, distribution 0.638ns)

    Location             Delay type                Incr(ns)  Path(ns)    Netlist Resource(s)
  -------------------------------------------------------------------    -------------------
                         (clock clk rise edge)        0.000     0.000 r  <hidden>
    E5                                                0.000     0.000 r  clk
                         net (fo=0)                   0.000     0.000    clk_IBUF_inst/I
    E5                   INBUF (Prop_INBUF_HPIOB_M_PAD_O)
                                                      0.159     0.159 r  clk_IBUF_inst/INBUF_INST/O
                         net (fo=1, routed)           0.000     0.159    clk_IBUF_inst/OUT
    E5                   IBUFCTRL (Prop_IBUFCTRL_HPIOB_M_I_O)
                                                      0.000     0.159 r  clk_IBUF_inst/IBUFCTRL_INST/O
                         net (fo=1, routed)           0.176     0.335    clk_IBUF
    BUFGCE_X0Y93         BUFGCE (Prop_BUFCE_BUFGCE_I_O)
                                                      0.023     0.358 r  clk_IBUF_BUFG_inst/O
    X0Y2 (CLOCK_ROOT)    net (fo=941, routed)         1.261     1.618    fir_Iy/CLK
    SLICE_X24Y157        FDRE                                         r  fir_Iy/sample_out_reg[17]/C
  -------------------------------------------------------------------    -------------------
    SLICE_X24Y157        FDRE (Prop_CFF_SLICEM_C_Q)
                                                      0.083     1.701 r  fir_Iy/sample_out_reg[17]/Q
                         net (fo=1, routed)           0.477     2.178    Iy_out_OBUF[16]
    L5                   OBUF (Prop_OUTBUF_HPIOB_S_I_O)
                                                      0.379     2.557 r  Iy_out_OBUF[17]_inst/O
                         net (fo=0)                   0.000     2.557    Iy_out[17]
    L5                                                                r  Iy_out[17]
  -------------------------------------------------------------------    -------------------

Slack:                    inf
  Source:                 fir_Iy/sample_out_reg[8]/C
                            (rising edge-triggered cell FDRE clocked by clk  {rise@0.000ns fall@1.900ns period=3.800ns})
  Destination:            Iy_out[8]
                            (output port)
  Path Group:             (none)
  Path Type:              Min at Fast Process Corner
  Data Path Delay:        0.955ns  (logic 0.468ns (48.994%)  route 0.487ns (51.006%))
  Logic Levels:           1  (OBUF=1)
  Clock Uncertainty:      0.025ns  ((TSJ^2 + TIJ^2)^1/2 + DJ) / 2 + PE
    Total System Jitter     (TSJ):    0.050ns
    Total Input Jitter      (TIJ):    0.000ns
    Discrete Jitter          (DJ):    0.000ns
    Phase Error              (PE):    0.000ns
  Clock Net Delay (Source):      1.260ns (routing 0.623ns, distribution 0.637ns)

    Location             Delay type                Incr(ns)  Path(ns)    Netlist Resource(s)
  -------------------------------------------------------------------    -------------------
                         (clock clk rise edge)        0.000     0.000 r  <hidden>
    E5                                                0.000     0.000 r  clk
                         net (fo=0)                   0.000     0.000    clk_IBUF_inst/I
    E5                   INBUF (Prop_INBUF_HPIOB_M_PAD_O)
                                                      0.159     0.159 r  clk_IBUF_inst/INBUF_INST/O
                         net (fo=1, routed)           0.000     0.159    clk_IBUF_inst/OUT
    E5                   IBUFCTRL (Prop_IBUFCTRL_HPIOB_M_I_O)
                                                      0.000     0.159 r  clk_IBUF_inst/IBUFCTRL_INST/O
                         net (fo=1, routed)           0.176     0.335    clk_IBUF
    BUFGCE_X0Y93         BUFGCE (Prop_BUFCE_BUFGCE_I_O)
                                                      0.023     0.358 r  clk_IBUF_BUFG_inst/O
    X0Y2 (CLOCK_ROOT)    net (fo=941, routed)         1.260     1.617    fir_Iy/CLK
    SLICE_X24Y157        FDRE                                         r  fir_Iy/sample_out_reg[8]/C
  -------------------------------------------------------------------    -------------------
    SLICE_X24Y157        FDRE (Prop_HFF_SLICEM_C_Q)
                                                      0.083     1.700 r  fir_Iy/sample_out_reg[8]/Q
                         net (fo=1, routed)           0.487     2.187    Iy_out_OBUF[8]
    J5                   OBUF (Prop_OUTBUF_HPIOB_M_I_O)
                                                      0.385     2.572 r  Iy_out_OBUF[8]_inst/O
                         net (fo=0)                   0.000     2.572    Iy_out[8]
    J5                                                                r  Iy_out[8]
  -------------------------------------------------------------------    -------------------

Slack:                    inf
  Source:                 fir_Iy/sample_out_reg[5]/C
                            (rising edge-triggered cell FDRE clocked by clk  {rise@0.000ns fall@1.900ns period=3.800ns})
  Destination:            Iy_out[5]
                            (output port)
  Path Group:             (none)
  Path Type:              Min at Fast Process Corner
  Data Path Delay:        0.956ns  (logic 0.444ns (46.439%)  route 0.512ns (53.561%))
  Logic Levels:           1  (OBUF=1)
  Clock Uncertainty:      0.025ns  ((TSJ^2 + TIJ^2)^1/2 + DJ) / 2 + PE
    Total System Jitter     (TSJ):    0.050ns
    Total Input Jitter      (TIJ):    0.000ns
    Discrete Jitter          (DJ):    0.000ns
    Phase Error              (PE):    0.000ns
  Clock Net Delay (Source):      1.260ns (routing 0.623ns, distribution 0.637ns)

    Location             Delay type                Incr(ns)  Path(ns)    Netlist Resource(s)
  -------------------------------------------------------------------    -------------------
                         (clock clk rise edge)        0.000     0.000 r  <hidden>
    E5                                                0.000     0.000 r  clk
                         net (fo=0)                   0.000     0.000    clk_IBUF_inst/I
    E5                   INBUF (Prop_INBUF_HPIOB_M_PAD_O)
                                                      0.159     0.159 r  clk_IBUF_inst/INBUF_INST/O
                         net (fo=1, routed)           0.000     0.159    clk_IBUF_inst/OUT
    E5                   IBUFCTRL (Prop_IBUFCTRL_HPIOB_M_I_O)
                                                      0.000     0.159 r  clk_IBUF_inst/IBUFCTRL_INST/O
                         net (fo=1, routed)           0.176     0.335    clk_IBUF
    BUFGCE_X0Y93         BUFGCE (Prop_BUFCE_BUFGCE_I_O)
                                                      0.023     0.358 r  clk_IBUF_BUFG_inst/O
    X0Y2 (CLOCK_ROOT)    net (fo=941, routed)         1.260     1.617    fir_Iy/CLK
    SLICE_X24Y157        FDRE                                         r  fir_Iy/sample_out_reg[5]/C
  -------------------------------------------------------------------    -------------------
    SLICE_X24Y157        FDRE (Prop_FFF2_SLICEM_C_Q)
                                                      0.084     1.701 r  fir_Iy/sample_out_reg[5]/Q
                         net (fo=1, routed)           0.512     2.213    Iy_out_OBUF[5]
    K7                   OBUF (Prop_OUTBUF_HPIOB_S_I_O)
                                                      0.360     2.573 r  Iy_out_OBUF[5]_inst/O
                         net (fo=0)                   0.000     2.573    Iy_out[5]
    K7                                                                r  Iy_out[5]
  -------------------------------------------------------------------    -------------------

Slack:                    inf
  Source:                 fir_Iy/sample_out_reg[2]/C
                            (rising edge-triggered cell FDRE clocked by clk  {rise@0.000ns fall@1.900ns period=3.800ns})
  Destination:            Iy_out[2]
                            (output port)
  Path Group:             (none)
  Path Type:              Min at Fast Process Corner
  Data Path Delay:        0.959ns  (logic 0.446ns (46.499%)  route 0.513ns (53.501%))
  Logic Levels:           1  (OBUF=1)
  Clock Uncertainty:      0.025ns  ((TSJ^2 + TIJ^2)^1/2 + DJ) / 2 + PE
    Total System Jitter     (TSJ):    0.050ns
    Total Input Jitter      (TIJ):    0.000ns
    Discrete Jitter          (DJ):    0.000ns
    Phase Error              (PE):    0.000ns
  Clock Net Delay (Source):      1.261ns (routing 0.623ns, distribution 0.638ns)

    Location             Delay type                Incr(ns)  Path(ns)    Netlist Resource(s)
  -------------------------------------------------------------------    -------------------
                         (clock clk rise edge)        0.000     0.000 r  <hidden>
    E5                                                0.000     0.000 r  clk
                         net (fo=0)                   0.000     0.000    clk_IBUF_inst/I
    E5                   INBUF (Prop_INBUF_HPIOB_M_PAD_O)
                                                      0.159     0.159 r  clk_IBUF_inst/INBUF_INST/O
                         net (fo=1, routed)           0.000     0.159    clk_IBUF_inst/OUT
    E5                   IBUFCTRL (Prop_IBUFCTRL_HPIOB_M_I_O)
                                                      0.000     0.159 r  clk_IBUF_inst/IBUFCTRL_INST/O
                         net (fo=1, routed)           0.176     0.335    clk_IBUF
    BUFGCE_X0Y93         BUFGCE (Prop_BUFCE_BUFGCE_I_O)
                                                      0.023     0.358 r  clk_IBUF_BUFG_inst/O
    X0Y2 (CLOCK_ROOT)    net (fo=941, routed)         1.261     1.618    fir_Iy/CLK
    SLICE_X24Y157        FDRE                                         r  fir_Iy/sample_out_reg[2]/C
  -------------------------------------------------------------------    -------------------
    SLICE_X24Y157        FDRE (Prop_DFF2_SLICEM_C_Q)
                                                      0.086     1.704 r  fir_Iy/sample_out_reg[2]/Q
                         net (fo=1, routed)           0.513     2.217    Iy_out_OBUF[2]
    K9                   OBUF (Prop_OUTBUF_HPIOB_M_I_O)
                                                      0.360     2.577 r  Iy_out_OBUF[2]_inst/O
                         net (fo=0)                   0.000     2.577    Iy_out[2]
    K9                                                                r  Iy_out[2]
  -------------------------------------------------------------------    -------------------





--------------------------------------------------------------------------------------
Path Group:  (none)
From Clock:  
  To Clock:  clk

Max Delay            33 Endpoints
Min Delay            33 Endpoints
--------------------------------------------------------------------------------------


Max Delay Paths
--------------------------------------------------------------------------------------
Slack:                    inf
  Source:                 Qx[5]
                            (input port)
  Destination:            fir_Qx/shift_reg_reg[0][5]/D
                            (rising edge-triggered cell FDRE clocked by clk  {rise@0.000ns fall@1.900ns period=3.800ns})
  Path Group:             (none)
  Path Type:              Setup (Max at Slow Process Corner)
  Data Path Delay:        2.947ns  (logic 0.545ns (18.499%)  route 2.402ns (81.501%))
  Logic Levels:           2  (IBUFCTRL=1 INBUF=1)
  Clock Path Skew:        2.803ns (DCD - SCD + CPR)
    Destination Clock Delay (DCD):    2.803ns
    Source Clock Delay      (SCD):    0.000ns
    Clock Pessimism Removal (CPR):    0.000ns
  Clock Uncertainty:      0.025ns  ((TSJ^2 + TIJ^2)^1/2 + DJ) / 2 + PE
    Total System Jitter     (TSJ):    0.050ns
    Total Input Jitter      (TIJ):    0.000ns
    Discrete Jitter          (DJ):    0.000ns
    Phase Error              (PE):    0.000ns
  Clock Net Delay (Destination): 2.131ns (routing 1.039ns, distribution 1.092ns)

    Location             Delay type                Incr(ns)  Path(ns)    Netlist Resource(s)
  -------------------------------------------------------------------    -------------------
    AD1                                               0.000     0.000 r  Qx[5]
                         net (fo=0)                   0.000     0.000    Qx_IBUF[5]_inst/I
    AD1                  INBUF (Prop_INBUF_HPIOB_S_PAD_O)
                                                      0.545     0.545 r  Qx_IBUF[5]_inst/INBUF_INST/O
                         net (fo=1, routed)           0.000     0.545    Qx_IBUF[5]_inst/OUT
    AD1                  IBUFCTRL (Prop_IBUFCTRL_HPIOB_S_I_O)
                                                      0.000     0.545 r  Qx_IBUF[5]_inst/IBUFCTRL_INST/O
                         net (fo=1, routed)           2.402     2.947    fir_Qx/D[5]
    SLICE_X30Y134        FDRE                                         r  fir_Qx/shift_reg_reg[0][5]/D
  -------------------------------------------------------------------    -------------------

                         (clock clk rise edge)        0.000     0.000 r  <hidden>
    E5                                                0.000     0.000 r  clk
                         net (fo=0)                   0.000     0.000    clk_IBUF_inst/I
    E5                   INBUF (Prop_INBUF_HPIOB_M_PAD_O)
                                                      0.274     0.274 r  clk_IBUF_inst/INBUF_INST/O
                         net (fo=1, routed)           0.000     0.274    clk_IBUF_inst/OUT
    E5                   IBUFCTRL (Prop_IBUFCTRL_HPIOB_M_I_O)
                                                      0.000     0.274 r  clk_IBUF_inst/IBUFCTRL_INST/O
                         net (fo=1, routed)           0.360     0.634    clk_IBUF
    BUFGCE_X0Y93         BUFGCE (Prop_BUFCE_BUFGCE_I_O)
                                                      0.039     0.673 r  clk_IBUF_BUFG_inst/O
    X0Y2 (CLOCK_ROOT)    net (fo=941, routed)         2.131     2.803    fir_Qx/CLK
    SLICE_X30Y134        FDRE                                         r  fir_Qx/shift_reg_reg[0][5]/C

Slack:                    inf
  Source:                 Qy[6]
                            (input port)
  Destination:            fir_Qy/shift_reg_reg[0][6]/D
                            (rising edge-triggered cell FDRE clocked by clk  {rise@0.000ns fall@1.900ns period=3.800ns})
  Path Group:             (none)
  Path Type:              Setup (Max at Slow Process Corner)
  Data Path Delay:        2.775ns  (logic 0.537ns (19.343%)  route 2.238ns (80.657%))
  Logic Levels:           2  (IBUFCTRL=1 INBUF=1)
  Clock Path Skew:        2.678ns (DCD - SCD + CPR)
    Destination Clock Delay (DCD):    2.678ns
    Source Clock Delay      (SCD):    0.000ns
    Clock Pessimism Removal (CPR):    0.000ns
  Clock Uncertainty:      0.025ns  ((TSJ^2 + TIJ^2)^1/2 + DJ) / 2 + PE
    Total System Jitter     (TSJ):    0.050ns
    Total Input Jitter      (TIJ):    0.000ns
    Discrete Jitter          (DJ):    0.000ns
    Phase Error              (PE):    0.000ns
  Clock Net Delay (Destination): 2.005ns (routing 1.039ns, distribution 0.966ns)

    Location             Delay type                Incr(ns)  Path(ns)    Netlist Resource(s)
  -------------------------------------------------------------------    -------------------
    AF7                                               0.000     0.000 r  Qy[6]
                         net (fo=0)                   0.000     0.000    Qy_IBUF[6]_inst/I
    AF7                  INBUF (Prop_INBUF_HPIOB_M_PAD_O)
                                                      0.537     0.537 r  Qy_IBUF[6]_inst/INBUF_INST/O
                         net (fo=1, routed)           0.000     0.537    Qy_IBUF[6]_inst/OUT
    AF7                  IBUFCTRL (Prop_IBUFCTRL_HPIOB_M_I_O)
                                                      0.000     0.537 r  Qy_IBUF[6]_inst/IBUFCTRL_INST/O
                         net (fo=1, routed)           2.238     2.775    fir_Qy/D[6]
    SLICE_X17Y133        FDRE                                         r  fir_Qy/shift_reg_reg[0][6]/D
  -------------------------------------------------------------------    -------------------

                         (clock clk rise edge)        0.000     0.000 r  <hidden>
    E5                                                0.000     0.000 r  clk
                         net (fo=0)                   0.000     0.000    clk_IBUF_inst/I
    E5                   INBUF (Prop_INBUF_HPIOB_M_PAD_O)
                                                      0.274     0.274 r  clk_IBUF_inst/INBUF_INST/O
                         net (fo=1, routed)           0.000     0.274    clk_IBUF_inst/OUT
    E5                   IBUFCTRL (Prop_IBUFCTRL_HPIOB_M_I_O)
                                                      0.000     0.274 r  clk_IBUF_inst/IBUFCTRL_INST/O
                         net (fo=1, routed)           0.360     0.634    clk_IBUF
    BUFGCE_X0Y93         BUFGCE (Prop_BUFCE_BUFGCE_I_O)
                                                      0.039     0.673 r  clk_IBUF_BUFG_inst/O
    X0Y2 (CLOCK_ROOT)    net (fo=941, routed)         2.005     2.678    fir_Qy/CLK
    SLICE_X17Y133        FDRE                                         r  fir_Qy/shift_reg_reg[0][6]/C

Slack:                    inf
  Source:                 Qy[4]
                            (input port)
  Destination:            fir_Qy/shift_reg_reg[0][4]/D
                            (rising edge-triggered cell FDRE clocked by clk  {rise@0.000ns fall@1.900ns period=3.800ns})
  Path Group:             (none)
  Path Type:              Setup (Max at Slow Process Corner)
  Data Path Delay:        2.746ns  (logic 0.539ns (19.619%)  route 2.207ns (80.381%))
  Logic Levels:           2  (IBUFCTRL=1 INBUF=1)
  Clock Path Skew:        2.672ns (DCD - SCD + CPR)
    Destination Clock Delay (DCD):    2.672ns
    Source Clock Delay      (SCD):    0.000ns
    Clock Pessimism Removal (CPR):    0.000ns
  Clock Uncertainty:      0.025ns  ((TSJ^2 + TIJ^2)^1/2 + DJ) / 2 + PE
    Total System Jitter     (TSJ):    0.050ns
    Total Input Jitter      (TIJ):    0.000ns
    Discrete Jitter          (DJ):    0.000ns
    Phase Error              (PE):    0.000ns
  Clock Net Delay (Destination): 1.999ns (routing 1.039ns, distribution 0.960ns)

    Location             Delay type                Incr(ns)  Path(ns)    Netlist Resource(s)
  -------------------------------------------------------------------    -------------------
    AE5                                               0.000     0.000 r  Qy[4]
                         net (fo=0)                   0.000     0.000    Qy_IBUF[4]_inst/I
    AE5                  INBUF (Prop_INBUF_HPIOB_M_PAD_O)
                                                      0.539     0.539 r  Qy_IBUF[4]_inst/INBUF_INST/O
                         net (fo=1, routed)           0.000     0.539    Qy_IBUF[4]_inst/OUT
    AE5                  IBUFCTRL (Prop_IBUFCTRL_HPIOB_M_I_O)
                                                      0.000     0.539 r  Qy_IBUF[4]_inst/IBUFCTRL_INST/O
                         net (fo=1, routed)           2.207     2.746    fir_Qy/D[4]
    SLICE_X17Y132        FDRE                                         r  fir_Qy/shift_reg_reg[0][4]/D
  -------------------------------------------------------------------    -------------------

                         (clock clk rise edge)        0.000     0.000 r  <hidden>
    E5                                                0.000     0.000 r  clk
                         net (fo=0)                   0.000     0.000    clk_IBUF_inst/I
    E5                   INBUF (Prop_INBUF_HPIOB_M_PAD_O)
                                                      0.274     0.274 r  clk_IBUF_inst/INBUF_INST/O
                         net (fo=1, routed)           0.000     0.274    clk_IBUF_inst/OUT
    E5                   IBUFCTRL (Prop_IBUFCTRL_HPIOB_M_I_O)
                                                      0.000     0.274 r  clk_IBUF_inst/IBUFCTRL_INST/O
                         net (fo=1, routed)           0.360     0.634    clk_IBUF
    BUFGCE_X0Y93         BUFGCE (Prop_BUFCE_BUFGCE_I_O)
                                                      0.039     0.673 r  clk_IBUF_BUFG_inst/O
    X0Y2 (CLOCK_ROOT)    net (fo=941, routed)         1.999     2.672    fir_Qy/CLK
    SLICE_X17Y132        FDRE                                         r  fir_Qy/shift_reg_reg[0][4]/C

Slack:                    inf
  Source:                 Qy[7]
                            (input port)
  Destination:            fir_Qy/shift_reg_reg[0][7]/D
                            (rising edge-triggered cell FDRE clocked by clk  {rise@0.000ns fall@1.900ns period=3.800ns})
  Path Group:             (none)
  Path Type:              Setup (Max at Slow Process Corner)
  Data Path Delay:        2.736ns  (logic 0.538ns (19.654%)  route 2.198ns (80.346%))
  Logic Levels:           2  (IBUFCTRL=1 INBUF=1)
  Clock Path Skew:        2.666ns (DCD - SCD + CPR)
    Destination Clock Delay (DCD):    2.666ns
    Source Clock Delay      (SCD):    0.000ns
    Clock Pessimism Removal (CPR):    0.000ns
  Clock Uncertainty:      0.025ns  ((TSJ^2 + TIJ^2)^1/2 + DJ) / 2 + PE
    Total System Jitter     (TSJ):    0.050ns
    Total Input Jitter      (TIJ):    0.000ns
    Discrete Jitter          (DJ):    0.000ns
    Phase Error              (PE):    0.000ns
  Clock Net Delay (Destination): 1.993ns (routing 1.039ns, distribution 0.954ns)

    Location             Delay type                Incr(ns)  Path(ns)    Netlist Resource(s)
  -------------------------------------------------------------------    -------------------
    AF6                                               0.000     0.000 r  Qy[7]
                         net (fo=0)                   0.000     0.000    Qy_IBUF[7]_inst/I
    AF6                  INBUF (Prop_INBUF_HPIOB_S_PAD_O)
                                                      0.538     0.538 r  Qy_IBUF[7]_inst/INBUF_INST/O
                         net (fo=1, routed)           0.000     0.538    Qy_IBUF[7]_inst/OUT
    AF6                  IBUFCTRL (Prop_IBUFCTRL_HPIOB_S_I_O)
                                                      0.000     0.538 r  Qy_IBUF[7]_inst/IBUFCTRL_INST/O
                         net (fo=1, routed)           2.198     2.736    fir_Qy/D[7]
    SLICE_X15Y133        FDRE                                         r  fir_Qy/shift_reg_reg[0][7]/D
  -------------------------------------------------------------------    -------------------

                         (clock clk rise edge)        0.000     0.000 r  <hidden>
    E5                                                0.000     0.000 r  clk
                         net (fo=0)                   0.000     0.000    clk_IBUF_inst/I
    E5                   INBUF (Prop_INBUF_HPIOB_M_PAD_O)
                                                      0.274     0.274 r  clk_IBUF_inst/INBUF_INST/O
                         net (fo=1, routed)           0.000     0.274    clk_IBUF_inst/OUT
    E5                   IBUFCTRL (Prop_IBUFCTRL_HPIOB_M_I_O)
                                                      0.000     0.274 r  clk_IBUF_inst/IBUFCTRL_INST/O
                         net (fo=1, routed)           0.360     0.634    clk_IBUF
    BUFGCE_X0Y93         BUFGCE (Prop_BUFCE_BUFGCE_I_O)
                                                      0.039     0.673 r  clk_IBUF_BUFG_inst/O
    X0Y2 (CLOCK_ROOT)    net (fo=941, routed)         1.993     2.666    fir_Qy/CLK
    SLICE_X15Y133        FDRE                                         r  fir_Qy/shift_reg_reg[0][7]/C

Slack:                    inf
  Source:                 Qy[5]
                            (input port)
  Destination:            fir_Qy/shift_reg_reg[0][5]/D
                            (rising edge-triggered cell FDRE clocked by clk  {rise@0.000ns fall@1.900ns period=3.800ns})
  Path Group:             (none)
  Path Type:              Setup (Max at Slow Process Corner)
  Data Path Delay:        2.726ns  (logic 0.539ns (19.785%)  route 2.187ns (80.215%))
  Logic Levels:           2  (IBUFCTRL=1 INBUF=1)
  Clock Path Skew:        2.666ns (DCD - SCD + CPR)
    Destination Clock Delay (DCD):    2.666ns
    Source Clock Delay      (SCD):    0.000ns
    Clock Pessimism Removal (CPR):    0.000ns
  Clock Uncertainty:      0.025ns  ((TSJ^2 + TIJ^2)^1/2 + DJ) / 2 + PE
    Total System Jitter     (TSJ):    0.050ns
    Total Input Jitter      (TIJ):    0.000ns
    Discrete Jitter          (DJ):    0.000ns
    Phase Error              (PE):    0.000ns
  Clock Net Delay (Destination): 1.993ns (routing 1.039ns, distribution 0.954ns)

    Location             Delay type                Incr(ns)  Path(ns)    Netlist Resource(s)
  -------------------------------------------------------------------    -------------------
    AF5                                               0.000     0.000 r  Qy[5]
                         net (fo=0)                   0.000     0.000    Qy_IBUF[5]_inst/I
    AF5                  INBUF (Prop_INBUF_HPIOB_S_PAD_O)
                                                      0.539     0.539 r  Qy_IBUF[5]_inst/INBUF_INST/O
                         net (fo=1, routed)           0.000     0.539    Qy_IBUF[5]_inst/OUT
    AF5                  IBUFCTRL (Prop_IBUFCTRL_HPIOB_S_I_O)
                                                      0.000     0.539 r  Qy_IBUF[5]_inst/IBUFCTRL_INST/O
                         net (fo=1, routed)           2.187     2.726    fir_Qy/D[5]
    SLICE_X15Y133        FDRE                                         r  fir_Qy/shift_reg_reg[0][5]/D
  -------------------------------------------------------------------    -------------------

                         (clock clk rise edge)        0.000     0.000 r  <hidden>
    E5                                                0.000     0.000 r  clk
                         net (fo=0)                   0.000     0.000    clk_IBUF_inst/I
    E5                   INBUF (Prop_INBUF_HPIOB_M_PAD_O)
                                                      0.274     0.274 r  clk_IBUF_inst/INBUF_INST/O
                         net (fo=1, routed)           0.000     0.274    clk_IBUF_inst/OUT
    E5                   IBUFCTRL (Prop_IBUFCTRL_HPIOB_M_I_O)
                                                      0.000     0.274 r  clk_IBUF_inst/IBUFCTRL_INST/O
                         net (fo=1, routed)           0.360     0.634    clk_IBUF
    BUFGCE_X0Y93         BUFGCE (Prop_BUFCE_BUFGCE_I_O)
                                                      0.039     0.673 r  clk_IBUF_BUFG_inst/O
    X0Y2 (CLOCK_ROOT)    net (fo=941, routed)         1.993     2.666    fir_Qy/CLK
    SLICE_X15Y133        FDRE                                         r  fir_Qy/shift_reg_reg[0][5]/C

Slack:                    inf
  Source:                 Qy[1]
                            (input port)
  Destination:            fir_Qy/shift_reg_reg[0][1]/D
                            (rising edge-triggered cell FDRE clocked by clk  {rise@0.000ns fall@1.900ns period=3.800ns})
  Path Group:             (none)
  Path Type:              Setup (Max at Slow Process Corner)
  Data Path Delay:        2.648ns  (logic 0.535ns (20.192%)  route 2.113ns (79.808%))
  Logic Levels:           2  (IBUFCTRL=1 INBUF=1)
  Clock Path Skew:        2.671ns (DCD - SCD + CPR)
    Destination Clock Delay (DCD):    2.671ns
    Source Clock Delay      (SCD):    0.000ns
    Clock Pessimism Removal (CPR):    0.000ns
  Clock Uncertainty:      0.025ns  ((TSJ^2 + TIJ^2)^1/2 + DJ) / 2 + PE
    Total System Jitter     (TSJ):    0.050ns
    Total Input Jitter      (TIJ):    0.000ns
    Discrete Jitter          (DJ):    0.000ns
    Phase Error              (PE):    0.000ns
  Clock Net Delay (Destination): 1.998ns (routing 1.039ns, distribution 0.959ns)

    Location             Delay type                Incr(ns)  Path(ns)    Netlist Resource(s)
  -------------------------------------------------------------------    -------------------
    AC3                                               0.000     0.000 r  Qy[1]
                         net (fo=0)                   0.000     0.000    Qy_IBUF[1]_inst/I
    AC3                  INBUF (Prop_INBUF_HPIOB_S_PAD_O)
                                                      0.535     0.535 r  Qy_IBUF[1]_inst/INBUF_INST/O
                         net (fo=1, routed)           0.000     0.535    Qy_IBUF[1]_inst/OUT
    AC3                  IBUFCTRL (Prop_IBUFCTRL_HPIOB_S_I_O)
                                                      0.000     0.535 r  Qy_IBUF[1]_inst/IBUFCTRL_INST/O
                         net (fo=1, routed)           2.113     2.648    fir_Qy/D[1]
    SLICE_X13Y133        FDRE                                         r  fir_Qy/shift_reg_reg[0][1]/D
  -------------------------------------------------------------------    -------------------

                         (clock clk rise edge)        0.000     0.000 r  <hidden>
    E5                                                0.000     0.000 r  clk
                         net (fo=0)                   0.000     0.000    clk_IBUF_inst/I
    E5                   INBUF (Prop_INBUF_HPIOB_M_PAD_O)
                                                      0.274     0.274 r  clk_IBUF_inst/INBUF_INST/O
                         net (fo=1, routed)           0.000     0.274    clk_IBUF_inst/OUT
    E5                   IBUFCTRL (Prop_IBUFCTRL_HPIOB_M_I_O)
                                                      0.000     0.274 r  clk_IBUF_inst/IBUFCTRL_INST/O
                         net (fo=1, routed)           0.360     0.634    clk_IBUF
    BUFGCE_X0Y93         BUFGCE (Prop_BUFCE_BUFGCE_I_O)
                                                      0.039     0.673 r  clk_IBUF_BUFG_inst/O
    X0Y2 (CLOCK_ROOT)    net (fo=941, routed)         1.998     2.671    fir_Qy/CLK
    SLICE_X13Y133        FDRE                                         r  fir_Qy/shift_reg_reg[0][1]/C

Slack:                    inf
  Source:                 Ix[6]
                            (input port)
  Destination:            fir_Ix/shift_reg_reg[0][6]/D
                            (rising edge-triggered cell FDRE clocked by clk  {rise@0.000ns fall@1.900ns period=3.800ns})
  Path Group:             (none)
  Path Type:              Setup (Max at Slow Process Corner)
  Data Path Delay:        2.627ns  (logic 0.524ns (19.955%)  route 2.103ns (80.045%))
  Logic Levels:           2  (IBUFCTRL=1 INBUF=1)
  Clock Path Skew:        2.653ns (DCD - SCD + CPR)
    Destination Clock Delay (DCD):    2.653ns
    Source Clock Delay      (SCD):    0.000ns
    Clock Pessimism Removal (CPR):    0.000ns
  Clock Uncertainty:      0.025ns  ((TSJ^2 + TIJ^2)^1/2 + DJ) / 2 + PE
    Total System Jitter     (TSJ):    0.050ns
    Total Input Jitter      (TIJ):    0.000ns
    Discrete Jitter          (DJ):    0.000ns
    Phase Error              (PE):    0.000ns
  Clock Net Delay (Destination): 1.980ns (routing 1.039ns, distribution 0.941ns)

    Location             Delay type                Incr(ns)  Path(ns)    Netlist Resource(s)
  -------------------------------------------------------------------    -------------------
    D5                                                0.000     0.000 r  Ix[6]
                         net (fo=0)                   0.000     0.000    Ix_IBUF[6]_inst/I
    D5                   INBUF (Prop_INBUF_HPIOB_S_PAD_O)
                                                      0.524     0.524 r  Ix_IBUF[6]_inst/INBUF_INST/O
                         net (fo=1, routed)           0.000     0.524    Ix_IBUF[6]_inst/OUT
    D5                   IBUFCTRL (Prop_IBUFCTRL_HPIOB_S_I_O)
                                                      0.000     0.524 r  Ix_IBUF[6]_inst/IBUFCTRL_INST/O
                         net (fo=1, routed)           2.103     2.627    fir_Ix/D[6]
    SLICE_X19Y173        FDRE                                         r  fir_Ix/shift_reg_reg[0][6]/D
  -------------------------------------------------------------------    -------------------

                         (clock clk rise edge)        0.000     0.000 r  <hidden>
    E5                                                0.000     0.000 r  clk
                         net (fo=0)                   0.000     0.000    clk_IBUF_inst/I
    E5                   INBUF (Prop_INBUF_HPIOB_M_PAD_O)
                                                      0.274     0.274 r  clk_IBUF_inst/INBUF_INST/O
                         net (fo=1, routed)           0.000     0.274    clk_IBUF_inst/OUT
    E5                   IBUFCTRL (Prop_IBUFCTRL_HPIOB_M_I_O)
                                                      0.000     0.274 r  clk_IBUF_inst/IBUFCTRL_INST/O
                         net (fo=1, routed)           0.360     0.634    clk_IBUF
    BUFGCE_X0Y93         BUFGCE (Prop_BUFCE_BUFGCE_I_O)
                                                      0.039     0.673 r  clk_IBUF_BUFG_inst/O
    X0Y2 (CLOCK_ROOT)    net (fo=941, routed)         1.980     2.653    fir_Ix/CLK
    SLICE_X19Y173        FDRE                                         r  fir_Ix/shift_reg_reg[0][6]/C

Slack:                    inf
  Source:                 Qy[0]
                            (input port)
  Destination:            fir_Qy/shift_reg_reg[0][0]/D
                            (rising edge-triggered cell FDRE clocked by clk  {rise@0.000ns fall@1.900ns period=3.800ns})
  Path Group:             (none)
  Path Type:              Setup (Max at Slow Process Corner)
  Data Path Delay:        2.612ns  (logic 0.534ns (20.445%)  route 2.078ns (79.555%))
  Logic Levels:           2  (IBUFCTRL=1 INBUF=1)
  Clock Path Skew:        2.667ns (DCD - SCD + CPR)
    Destination Clock Delay (DCD):    2.667ns
    Source Clock Delay      (SCD):    0.000ns
    Clock Pessimism Removal (CPR):    0.000ns
  Clock Uncertainty:      0.025ns  ((TSJ^2 + TIJ^2)^1/2 + DJ) / 2 + PE
    Total System Jitter     (TSJ):    0.050ns
    Total Input Jitter      (TIJ):    0.000ns
    Discrete Jitter          (DJ):    0.000ns
    Phase Error              (PE):    0.000ns
  Clock Net Delay (Destination): 1.994ns (routing 1.039ns, distribution 0.955ns)

    Location             Delay type                Incr(ns)  Path(ns)    Netlist Resource(s)
  -------------------------------------------------------------------    -------------------
    AC4                                               0.000     0.000 r  Qy[0]
                         net (fo=0)                   0.000     0.000    Qy_IBUF[0]_inst/I
    AC4                  INBUF (Prop_INBUF_HPIOB_M_PAD_O)
                                                      0.534     0.534 r  Qy_IBUF[0]_inst/INBUF_INST/O
                         net (fo=1, routed)           0.000     0.534    Qy_IBUF[0]_inst/OUT
    AC4                  IBUFCTRL (Prop_IBUFCTRL_HPIOB_M_I_O)
                                                      0.000     0.534 r  Qy_IBUF[0]_inst/IBUFCTRL_INST/O
                         net (fo=1, routed)           2.078     2.612    fir_Qy/D[0]
    SLICE_X16Y131        FDRE                                         r  fir_Qy/shift_reg_reg[0][0]/D
  -------------------------------------------------------------------    -------------------

                         (clock clk rise edge)        0.000     0.000 r  <hidden>
    E5                                                0.000     0.000 r  clk
                         net (fo=0)                   0.000     0.000    clk_IBUF_inst/I
    E5                   INBUF (Prop_INBUF_HPIOB_M_PAD_O)
                                                      0.274     0.274 r  clk_IBUF_inst/INBUF_INST/O
                         net (fo=1, routed)           0.000     0.274    clk_IBUF_inst/OUT
    E5                   IBUFCTRL (Prop_IBUFCTRL_HPIOB_M_I_O)
                                                      0.000     0.274 r  clk_IBUF_inst/IBUFCTRL_INST/O
                         net (fo=1, routed)           0.360     0.634    clk_IBUF
    BUFGCE_X0Y93         BUFGCE (Prop_BUFCE_BUFGCE_I_O)
                                                      0.039     0.673 r  clk_IBUF_BUFG_inst/O
    X0Y2 (CLOCK_ROOT)    net (fo=941, routed)         1.994     2.667    fir_Qy/CLK
    SLICE_X16Y131        FDRE                                         r  fir_Qy/shift_reg_reg[0][0]/C

Slack:                    inf
  Source:                 Qy[3]
                            (input port)
  Destination:            fir_Qy/shift_reg_reg[0][3]/D
                            (rising edge-triggered cell FDRE clocked by clk  {rise@0.000ns fall@1.900ns period=3.800ns})
  Path Group:             (none)
  Path Type:              Setup (Max at Slow Process Corner)
  Data Path Delay:        2.611ns  (logic 0.528ns (20.219%)  route 2.083ns (79.781%))
  Logic Levels:           2  (IBUFCTRL=1 INBUF=1)
  Clock Path Skew:        2.672ns (DCD - SCD + CPR)
    Destination Clock Delay (DCD):    2.672ns
    Source Clock Delay      (SCD):    0.000ns
    Clock Pessimism Removal (CPR):    0.000ns
  Clock Uncertainty:      0.025ns  ((TSJ^2 + TIJ^2)^1/2 + DJ) / 2 + PE
    Total System Jitter     (TSJ):    0.050ns
    Total Input Jitter      (TIJ):    0.000ns
    Discrete Jitter          (DJ):    0.000ns
    Phase Error              (PE):    0.000ns
  Clock Net Delay (Destination): 1.999ns (routing 1.039ns, distribution 0.960ns)

    Location             Delay type                Incr(ns)  Path(ns)    Netlist Resource(s)
  -------------------------------------------------------------------    -------------------
    AD4                                               0.000     0.000 r  Qy[3]
                         net (fo=0)                   0.000     0.000    Qy_IBUF[3]_inst/I
    AD4                  INBUF (Prop_INBUF_HPIOB_S_PAD_O)
                                                      0.528     0.528 r  Qy_IBUF[3]_inst/INBUF_INST/O
                         net (fo=1, routed)           0.000     0.528    Qy_IBUF[3]_inst/OUT
    AD4                  IBUFCTRL (Prop_IBUFCTRL_HPIOB_S_I_O)
                                                      0.000     0.528 r  Qy_IBUF[3]_inst/IBUFCTRL_INST/O
                         net (fo=1, routed)           2.083     2.611    fir_Qy/D[3]
    SLICE_X17Y132        FDRE                                         r  fir_Qy/shift_reg_reg[0][3]/D
  -------------------------------------------------------------------    -------------------

                         (clock clk rise edge)        0.000     0.000 r  <hidden>
    E5                                                0.000     0.000 r  clk
                         net (fo=0)                   0.000     0.000    clk_IBUF_inst/I
    E5                   INBUF (Prop_INBUF_HPIOB_M_PAD_O)
                                                      0.274     0.274 r  clk_IBUF_inst/INBUF_INST/O
                         net (fo=1, routed)           0.000     0.274    clk_IBUF_inst/OUT
    E5                   IBUFCTRL (Prop_IBUFCTRL_HPIOB_M_I_O)
                                                      0.000     0.274 r  clk_IBUF_inst/IBUFCTRL_INST/O
                         net (fo=1, routed)           0.360     0.634    clk_IBUF
    BUFGCE_X0Y93         BUFGCE (Prop_BUFCE_BUFGCE_I_O)
                                                      0.039     0.673 r  clk_IBUF_BUFG_inst/O
    X0Y2 (CLOCK_ROOT)    net (fo=941, routed)         1.999     2.672    fir_Qy/CLK
    SLICE_X17Y132        FDRE                                         r  fir_Qy/shift_reg_reg[0][3]/C

Slack:                    inf
  Source:                 Qy[2]
                            (input port)
  Destination:            fir_Qy/shift_reg_reg[0][2]/D
                            (rising edge-triggered cell FDRE clocked by clk  {rise@0.000ns fall@1.900ns period=3.800ns})
  Path Group:             (none)
  Path Type:              Setup (Max at Slow Process Corner)
  Data Path Delay:        2.555ns  (logic 0.528ns (20.652%)  route 2.027ns (79.348%))
  Logic Levels:           2  (IBUFCTRL=1 INBUF=1)
  Clock Path Skew:        2.669ns (DCD - SCD + CPR)
    Destination Clock Delay (DCD):    2.669ns
    Source Clock Delay      (SCD):    0.000ns
    Clock Pessimism Removal (CPR):    0.000ns
  Clock Uncertainty:      0.025ns  ((TSJ^2 + TIJ^2)^1/2 + DJ) / 2 + PE
    Total System Jitter     (TSJ):    0.050ns
    Total Input Jitter      (TIJ):    0.000ns
    Discrete Jitter          (DJ):    0.000ns
    Phase Error              (PE):    0.000ns
  Clock Net Delay (Destination): 1.996ns (routing 1.039ns, distribution 0.957ns)

    Location             Delay type                Incr(ns)  Path(ns)    Netlist Resource(s)
  -------------------------------------------------------------------    -------------------
    AD5                                               0.000     0.000 r  Qy[2]
                         net (fo=0)                   0.000     0.000    Qy_IBUF[2]_inst/I
    AD5                  INBUF (Prop_INBUF_HPIOB_M_PAD_O)
                                                      0.528     0.528 r  Qy_IBUF[2]_inst/INBUF_INST/O
                         net (fo=1, routed)           0.000     0.528    Qy_IBUF[2]_inst/OUT
    AD5                  IBUFCTRL (Prop_IBUFCTRL_HPIOB_M_I_O)
                                                      0.000     0.528 r  Qy_IBUF[2]_inst/IBUFCTRL_INST/O
                         net (fo=1, routed)           2.027     2.555    fir_Qy/D[2]
    SLICE_X14Y130        FDRE                                         r  fir_Qy/shift_reg_reg[0][2]/D
  -------------------------------------------------------------------    -------------------

                         (clock clk rise edge)        0.000     0.000 r  <hidden>
    E5                                                0.000     0.000 r  clk
                         net (fo=0)                   0.000     0.000    clk_IBUF_inst/I
    E5                   INBUF (Prop_INBUF_HPIOB_M_PAD_O)
                                                      0.274     0.274 r  clk_IBUF_inst/INBUF_INST/O
                         net (fo=1, routed)           0.000     0.274    clk_IBUF_inst/OUT
    E5                   IBUFCTRL (Prop_IBUFCTRL_HPIOB_M_I_O)
                                                      0.000     0.274 r  clk_IBUF_inst/IBUFCTRL_INST/O
                         net (fo=1, routed)           0.360     0.634    clk_IBUF
    BUFGCE_X0Y93         BUFGCE (Prop_BUFCE_BUFGCE_I_O)
                                                      0.039     0.673 r  clk_IBUF_BUFG_inst/O
    X0Y2 (CLOCK_ROOT)    net (fo=941, routed)         1.996     2.669    fir_Qy/CLK
    SLICE_X14Y130        FDRE                                         r  fir_Qy/shift_reg_reg[0][2]/C





Min Delay Paths
--------------------------------------------------------------------------------------
Slack:                    inf
  Source:                 valid_in
                            (input port)
  Destination:            fir_Ix/valid_stage0_reg/D
                            (rising edge-triggered cell FDRE clocked by clk  {rise@0.000ns fall@1.900ns period=3.800ns})
  Path Group:             (none)
  Path Type:              Hold (Min at Fast Process Corner)
  Data Path Delay:        0.688ns  (logic 0.172ns (25.044%)  route 0.516ns (74.956%))
  Logic Levels:           2  (IBUFCTRL=1 INBUF=1)
  Clock Path Skew:        2.048ns (DCD - SCD - CPR)
    Destination Clock Delay (DCD):    2.048ns
    Source Clock Delay      (SCD):    0.000ns
    Clock Pessimism Removal (CPR):    -0.000ns
  Clock Net Delay (Destination): 1.372ns (routing 0.679ns, distribution 0.693ns)

    Location             Delay type                Incr(ns)  Path(ns)    Netlist Resource(s)
  -------------------------------------------------------------------    -------------------
    C3                                                0.000     0.000 r  valid_in
                         net (fo=0)                   0.000     0.000    valid_in_IBUF_inst/I
    C3                   INBUF (Prop_INBUF_HPIOB_M_PAD_O)
                                                      0.172     0.172 r  valid_in_IBUF_inst/INBUF_INST/O
                         net (fo=1, routed)           0.000     0.172    valid_in_IBUF_inst/OUT
    C3                   IBUFCTRL (Prop_IBUFCTRL_HPIOB_M_I_O)
                                                      0.000     0.172 r  valid_in_IBUF_inst/IBUFCTRL_INST/O
                         net (fo=1, routed)           0.516     0.688    fir_Ix/valid_in
    SLICE_X23Y163        FDRE                                         r  fir_Ix/valid_stage0_reg/D
  -------------------------------------------------------------------    -------------------

                         (clock clk rise edge)        0.000     0.000 r  <hidden>
    E5                                                0.000     0.000 r  clk
                         net (fo=0)                   0.000     0.000    clk_IBUF_inst/I
    E5                   INBUF (Prop_INBUF_HPIOB_M_PAD_O)
                                                      0.344     0.344 r  clk_IBUF_inst/INBUF_INST/O
                         net (fo=1, routed)           0.000     0.344    clk_IBUF_inst/OUT
    E5                   IBUFCTRL (Prop_IBUFCTRL_HPIOB_M_I_O)
                                                      0.000     0.344 r  clk_IBUF_inst/IBUFCTRL_INST/O
                         net (fo=1, routed)           0.306     0.650    clk_IBUF
    BUFGCE_X0Y93         BUFGCE (Prop_BUFCE_BUFGCE_I_O)
                                                      0.026     0.676 r  clk_IBUF_BUFG_inst/O
    X0Y2 (CLOCK_ROOT)    net (fo=941, routed)         1.372     2.048    fir_Ix/CLK
    SLICE_X23Y163        FDRE                                         r  fir_Ix/valid_stage0_reg/C

Slack:                    inf
  Source:                 Iy[1]
                            (input port)
  Destination:            fir_Iy/shift_reg_reg[0][1]/D
                            (rising edge-triggered cell FDRE clocked by clk  {rise@0.000ns fall@1.900ns period=3.800ns})
  Path Group:             (none)
  Path Type:              Hold (Min at Fast Process Corner)
  Data Path Delay:        0.721ns  (logic 0.204ns (28.322%)  route 0.517ns (71.678%))
  Logic Levels:           2  (IBUFCTRL=1 INBUF=1)
  Clock Path Skew:        2.056ns (DCD - SCD - CPR)
    Destination Clock Delay (DCD):    2.056ns
    Source Clock Delay      (SCD):    0.000ns
    Clock Pessimism Removal (CPR):    -0.000ns
  Clock Net Delay (Destination): 1.380ns (routing 0.679ns, distribution 0.701ns)

    Location             Delay type                Incr(ns)  Path(ns)    Netlist Resource(s)
  -------------------------------------------------------------------    -------------------
    AH1                                               0.000     0.000 r  Iy[1]
                         net (fo=0)                   0.000     0.000    Iy_IBUF[1]_inst/I
    AH1                  INBUF (Prop_INBUF_HPIOB_S_PAD_O)
                                                      0.204     0.204 r  Iy_IBUF[1]_inst/INBUF_INST/O
                         net (fo=1, routed)           0.000     0.204    Iy_IBUF[1]_inst/OUT
    AH1                  IBUFCTRL (Prop_IBUFCTRL_HPIOB_S_I_O)
                                                      0.000     0.204 r  Iy_IBUF[1]_inst/IBUFCTRL_INST/O
                         net (fo=1, routed)           0.517     0.721    fir_Iy/D[1]
    SLICE_X25Y149        FDRE                                         r  fir_Iy/shift_reg_reg[0][1]/D
  -------------------------------------------------------------------    -------------------

                         (clock clk rise edge)        0.000     0.000 r  <hidden>
    E5                                                0.000     0.000 r  clk
                         net (fo=0)                   0.000     0.000    clk_IBUF_inst/I
    E5                   INBUF (Prop_INBUF_HPIOB_M_PAD_O)
                                                      0.344     0.344 r  clk_IBUF_inst/INBUF_INST/O
                         net (fo=1, routed)           0.000     0.344    clk_IBUF_inst/OUT
    E5                   IBUFCTRL (Prop_IBUFCTRL_HPIOB_M_I_O)
                                                      0.000     0.344 r  clk_IBUF_inst/IBUFCTRL_INST/O
                         net (fo=1, routed)           0.306     0.650    clk_IBUF
    BUFGCE_X0Y93         BUFGCE (Prop_BUFCE_BUFGCE_I_O)
                                                      0.026     0.676 r  clk_IBUF_BUFG_inst/O
    X0Y2 (CLOCK_ROOT)    net (fo=941, routed)         1.380     2.056    fir_Iy/CLK
    SLICE_X25Y149        FDRE                                         r  fir_Iy/shift_reg_reg[0][1]/C

Slack:                    inf
  Source:                 Iy[0]
                            (input port)
  Destination:            fir_Iy/shift_reg_reg[0][0]/D
                            (rising edge-triggered cell FDRE clocked by clk  {rise@0.000ns fall@1.900ns period=3.800ns})
  Path Group:             (none)
  Path Type:              Hold (Min at Fast Process Corner)
  Data Path Delay:        0.725ns  (logic 0.202ns (27.873%)  route 0.523ns (72.127%))
  Logic Levels:           2  (IBUFCTRL=1 INBUF=1)
  Clock Path Skew:        2.050ns (DCD - SCD - CPR)
    Destination Clock Delay (DCD):    2.050ns
    Source Clock Delay      (SCD):    0.000ns
    Clock Pessimism Removal (CPR):    -0.000ns
  Clock Net Delay (Destination): 1.374ns (routing 0.679ns, distribution 0.695ns)

    Location             Delay type                Incr(ns)  Path(ns)    Netlist Resource(s)
  -------------------------------------------------------------------    -------------------
    AH2                                               0.000     0.000 r  Iy[0]
                         net (fo=0)                   0.000     0.000    Iy_IBUF[0]_inst/I
    AH2                  INBUF (Prop_INBUF_HPIOB_M_PAD_O)
                                                      0.202     0.202 r  Iy_IBUF[0]_inst/INBUF_INST/O
                         net (fo=1, routed)           0.000     0.202    Iy_IBUF[0]_inst/OUT
    AH2                  IBUFCTRL (Prop_IBUFCTRL_HPIOB_M_I_O)
                                                      0.000     0.202 r  Iy_IBUF[0]_inst/IBUFCTRL_INST/O
                         net (fo=1, routed)           0.523     0.725    fir_Iy/D[0]
    SLICE_X25Y151        FDRE                                         r  fir_Iy/shift_reg_reg[0][0]/D
  -------------------------------------------------------------------    -------------------

                         (clock clk rise edge)        0.000     0.000 r  <hidden>
    E5                                                0.000     0.000 r  clk
                         net (fo=0)                   0.000     0.000    clk_IBUF_inst/I
    E5                   INBUF (Prop_INBUF_HPIOB_M_PAD_O)
                                                      0.344     0.344 r  clk_IBUF_inst/INBUF_INST/O
                         net (fo=1, routed)           0.000     0.344    clk_IBUF_inst/OUT
    E5                   IBUFCTRL (Prop_IBUFCTRL_HPIOB_M_I_O)
                                                      0.000     0.344 r  clk_IBUF_inst/IBUFCTRL_INST/O
                         net (fo=1, routed)           0.306     0.650    clk_IBUF
    BUFGCE_X0Y93         BUFGCE (Prop_BUFCE_BUFGCE_I_O)
                                                      0.026     0.676 r  clk_IBUF_BUFG_inst/O
    X0Y2 (CLOCK_ROOT)    net (fo=941, routed)         1.374     2.050    fir_Iy/CLK
    SLICE_X25Y151        FDRE                                         r  fir_Iy/shift_reg_reg[0][0]/C

Slack:                    inf
  Source:                 Iy[2]
                            (input port)
  Destination:            fir_Iy/shift_reg_reg[0][2]/D
                            (rising edge-triggered cell FDRE clocked by clk  {rise@0.000ns fall@1.900ns period=3.800ns})
  Path Group:             (none)
  Path Type:              Hold (Min at Fast Process Corner)
  Data Path Delay:        0.756ns  (logic 0.197ns (26.040%)  route 0.559ns (73.960%))
  Logic Levels:           2  (IBUFCTRL=1 INBUF=1)
  Clock Path Skew:        2.065ns (DCD - SCD - CPR)
    Destination Clock Delay (DCD):    2.065ns
    Source Clock Delay      (SCD):    0.000ns
    Clock Pessimism Removal (CPR):    -0.000ns
  Clock Net Delay (Destination): 1.389ns (routing 0.679ns, distribution 0.710ns)

    Location             Delay type                Incr(ns)  Path(ns)    Netlist Resource(s)
  -------------------------------------------------------------------    -------------------
    AE2                                               0.000     0.000 r  Iy[2]
                         net (fo=0)                   0.000     0.000    Iy_IBUF[2]_inst/I
    AE2                  INBUF (Prop_INBUF_HPIOB_M_PAD_O)
                                                      0.197     0.197 r  Iy_IBUF[2]_inst/INBUF_INST/O
                         net (fo=1, routed)           0.000     0.197    Iy_IBUF[2]_inst/OUT
    AE2                  IBUFCTRL (Prop_IBUFCTRL_HPIOB_M_I_O)
                                                      0.000     0.197 r  Iy_IBUF[2]_inst/IBUFCTRL_INST/O
                         net (fo=1, routed)           0.559     0.756    fir_Iy/D[2]
    SLICE_X28Y149        FDRE                                         r  fir_Iy/shift_reg_reg[0][2]/D
  -------------------------------------------------------------------    -------------------

                         (clock clk rise edge)        0.000     0.000 r  <hidden>
    E5                                                0.000     0.000 r  clk
                         net (fo=0)                   0.000     0.000    clk_IBUF_inst/I
    E5                   INBUF (Prop_INBUF_HPIOB_M_PAD_O)
                                                      0.344     0.344 r  clk_IBUF_inst/INBUF_INST/O
                         net (fo=1, routed)           0.000     0.344    clk_IBUF_inst/OUT
    E5                   IBUFCTRL (Prop_IBUFCTRL_HPIOB_M_I_O)
                                                      0.000     0.344 r  clk_IBUF_inst/IBUFCTRL_INST/O
                         net (fo=1, routed)           0.306     0.650    clk_IBUF
    BUFGCE_X0Y93         BUFGCE (Prop_BUFCE_BUFGCE_I_O)
                                                      0.026     0.676 r  clk_IBUF_BUFG_inst/O
    X0Y2 (CLOCK_ROOT)    net (fo=941, routed)         1.389     2.065    fir_Iy/CLK
    SLICE_X28Y149        FDRE                                         r  fir_Iy/shift_reg_reg[0][2]/C

Slack:                    inf
  Source:                 Iy[3]
                            (input port)
  Destination:            fir_Iy/shift_reg_reg[0][3]/D
                            (rising edge-triggered cell FDRE clocked by clk  {rise@0.000ns fall@1.900ns period=3.800ns})
  Path Group:             (none)
  Path Type:              Hold (Min at Fast Process Corner)
  Data Path Delay:        0.761ns  (logic 0.197ns (25.862%)  route 0.564ns (74.138%))
  Logic Levels:           2  (IBUFCTRL=1 INBUF=1)
  Clock Path Skew:        2.057ns (DCD - SCD - CPR)
    Destination Clock Delay (DCD):    2.057ns
    Source Clock Delay      (SCD):    0.000ns
    Clock Pessimism Removal (CPR):    -0.000ns
  Clock Net Delay (Destination): 1.381ns (routing 0.679ns, distribution 0.702ns)

    Location             Delay type                Incr(ns)  Path(ns)    Netlist Resource(s)
  -------------------------------------------------------------------    -------------------
    AF2                                               0.000     0.000 r  Iy[3]
                         net (fo=0)                   0.000     0.000    Iy_IBUF[3]_inst/I
    AF2                  INBUF (Prop_INBUF_HPIOB_S_PAD_O)
                                                      0.197     0.197 r  Iy_IBUF[3]_inst/INBUF_INST/O
                         net (fo=1, routed)           0.000     0.197    Iy_IBUF[3]_inst/OUT
    AF2                  IBUFCTRL (Prop_IBUFCTRL_HPIOB_S_I_O)
                                                      0.000     0.197 r  Iy_IBUF[3]_inst/IBUFCTRL_INST/O
                         net (fo=1, routed)           0.564     0.761    fir_Iy/D[3]
    SLICE_X25Y149        FDRE                                         r  fir_Iy/shift_reg_reg[0][3]/D
  -------------------------------------------------------------------    -------------------

                         (clock clk rise edge)        0.000     0.000 r  <hidden>
    E5                                                0.000     0.000 r  clk
                         net (fo=0)                   0.000     0.000    clk_IBUF_inst/I
    E5                   INBUF (Prop_INBUF_HPIOB_M_PAD_O)
                                                      0.344     0.344 r  clk_IBUF_inst/INBUF_INST/O
                         net (fo=1, routed)           0.000     0.344    clk_IBUF_inst/OUT
    E5                   IBUFCTRL (Prop_IBUFCTRL_HPIOB_M_I_O)
                                                      0.000     0.344 r  clk_IBUF_inst/IBUFCTRL_INST/O
                         net (fo=1, routed)           0.306     0.650    clk_IBUF
    BUFGCE_X0Y93         BUFGCE (Prop_BUFCE_BUFGCE_I_O)
                                                      0.026     0.676 r  clk_IBUF_BUFG_inst/O
    X0Y2 (CLOCK_ROOT)    net (fo=941, routed)         1.381     2.057    fir_Iy/CLK
    SLICE_X25Y149        FDRE                                         r  fir_Iy/shift_reg_reg[0][3]/C

Slack:                    inf
  Source:                 Iy[7]
                            (input port)
  Destination:            fir_Iy/shift_reg_reg[0][7]/D
                            (rising edge-triggered cell FDRE clocked by clk  {rise@0.000ns fall@1.900ns period=3.800ns})
  Path Group:             (none)
  Path Type:              Hold (Min at Fast Process Corner)
  Data Path Delay:        0.765ns  (logic 0.210ns (27.443%)  route 0.555ns (72.557%))
  Logic Levels:           2  (IBUFCTRL=1 INBUF=1)
  Clock Path Skew:        2.052ns (DCD - SCD - CPR)
    Destination Clock Delay (DCD):    2.052ns
    Source Clock Delay      (SCD):    0.000ns
    Clock Pessimism Removal (CPR):    -0.000ns
  Clock Net Delay (Destination): 1.376ns (routing 0.679ns, distribution 0.697ns)

    Location             Delay type                Incr(ns)  Path(ns)    Netlist Resource(s)
  -------------------------------------------------------------------    -------------------
    AH3                                               0.000     0.000 r  Iy[7]
                         net (fo=0)                   0.000     0.000    Iy_IBUF[7]_inst/I
    AH3                  INBUF (Prop_INBUF_HPIOB_S_PAD_O)
                                                      0.210     0.210 r  Iy_IBUF[7]_inst/INBUF_INST/O
                         net (fo=1, routed)           0.000     0.210    Iy_IBUF[7]_inst/OUT
    AH3                  IBUFCTRL (Prop_IBUFCTRL_HPIOB_S_I_O)
                                                      0.000     0.210 r  Iy_IBUF[7]_inst/IBUFCTRL_INST/O
                         net (fo=1, routed)           0.555     0.765    fir_Iy/D[7]
    SLICE_X25Y151        FDRE                                         r  fir_Iy/shift_reg_reg[0][7]/D
  -------------------------------------------------------------------    -------------------

                         (clock clk rise edge)        0.000     0.000 r  <hidden>
    E5                                                0.000     0.000 r  clk
                         net (fo=0)                   0.000     0.000    clk_IBUF_inst/I
    E5                   INBUF (Prop_INBUF_HPIOB_M_PAD_O)
                                                      0.344     0.344 r  clk_IBUF_inst/INBUF_INST/O
                         net (fo=1, routed)           0.000     0.344    clk_IBUF_inst/OUT
    E5                   IBUFCTRL (Prop_IBUFCTRL_HPIOB_M_I_O)
                                                      0.000     0.344 r  clk_IBUF_inst/IBUFCTRL_INST/O
                         net (fo=1, routed)           0.306     0.650    clk_IBUF
    BUFGCE_X0Y93         BUFGCE (Prop_BUFCE_BUFGCE_I_O)
                                                      0.026     0.676 r  clk_IBUF_BUFG_inst/O
    X0Y2 (CLOCK_ROOT)    net (fo=941, routed)         1.376     2.052    fir_Iy/CLK
    SLICE_X25Y151        FDRE                                         r  fir_Iy/shift_reg_reg[0][7]/C

Slack:                    inf
  Source:                 Iy[6]
                            (input port)
  Destination:            fir_Iy/shift_reg_reg[0][6]/D
                            (rising edge-triggered cell FDRE clocked by clk  {rise@0.000ns fall@1.900ns period=3.800ns})
  Path Group:             (none)
  Path Type:              Hold (Min at Fast Process Corner)
  Data Path Delay:        0.765ns  (logic 0.206ns (26.937%)  route 0.559ns (73.063%))
  Logic Levels:           2  (IBUFCTRL=1 INBUF=1)
  Clock Path Skew:        2.052ns (DCD - SCD - CPR)
    Destination Clock Delay (DCD):    2.052ns
    Source Clock Delay      (SCD):    0.000ns
    Clock Pessimism Removal (CPR):    -0.000ns
  Clock Net Delay (Destination): 1.376ns (routing 0.679ns, distribution 0.697ns)

    Location             Delay type                Incr(ns)  Path(ns)    Netlist Resource(s)
  -------------------------------------------------------------------    -------------------
    AG3                                               0.000     0.000 r  Iy[6]
                         net (fo=0)                   0.000     0.000    Iy_IBUF[6]_inst/I
    AG3                  INBUF (Prop_INBUF_HPIOB_M_PAD_O)
                                                      0.206     0.206 r  Iy_IBUF[6]_inst/INBUF_INST/O
                         net (fo=1, routed)           0.000     0.206    Iy_IBUF[6]_inst/OUT
    AG3                  IBUFCTRL (Prop_IBUFCTRL_HPIOB_M_I_O)
                                                      0.000     0.206 r  Iy_IBUF[6]_inst/IBUFCTRL_INST/O
                         net (fo=1, routed)           0.559     0.765    fir_Iy/D[6]
    SLICE_X25Y150        FDRE                                         r  fir_Iy/shift_reg_reg[0][6]/D
  -------------------------------------------------------------------    -------------------

                         (clock clk rise edge)        0.000     0.000 r  <hidden>
    E5                                                0.000     0.000 r  clk
                         net (fo=0)                   0.000     0.000    clk_IBUF_inst/I
    E5                   INBUF (Prop_INBUF_HPIOB_M_PAD_O)
                                                      0.344     0.344 r  clk_IBUF_inst/INBUF_INST/O
                         net (fo=1, routed)           0.000     0.344    clk_IBUF_inst/OUT
    E5                   IBUFCTRL (Prop_IBUFCTRL_HPIOB_M_I_O)
                                                      0.000     0.344 r  clk_IBUF_inst/IBUFCTRL_INST/O
                         net (fo=1, routed)           0.306     0.650    clk_IBUF
    BUFGCE_X0Y93         BUFGCE (Prop_BUFCE_BUFGCE_I_O)
                                                      0.026     0.676 r  clk_IBUF_BUFG_inst/O
    X0Y2 (CLOCK_ROOT)    net (fo=941, routed)         1.376     2.052    fir_Iy/CLK
    SLICE_X25Y150        FDRE                                         r  fir_Iy/shift_reg_reg[0][6]/C

Slack:                    inf
  Source:                 Qx[0]
                            (input port)
  Destination:            fir_Qx/shift_reg_reg[0][0]/D
                            (rising edge-triggered cell FDRE clocked by clk  {rise@0.000ns fall@1.900ns period=3.800ns})
  Path Group:             (none)
  Path Type:              Hold (Min at Fast Process Corner)
  Data Path Delay:        0.767ns  (logic 0.207ns (26.991%)  route 0.560ns (73.009%))
  Logic Levels:           2  (IBUFCTRL=1 INBUF=1)
  Clock Path Skew:        2.085ns (DCD - SCD - CPR)
    Destination Clock Delay (DCD):    2.085ns
    Source Clock Delay      (SCD):    0.000ns
    Clock Pessimism Removal (CPR):    -0.000ns
  Clock Net Delay (Destination): 1.409ns (routing 0.679ns, distribution 0.730ns)

    Location             Delay type                Incr(ns)  Path(ns)    Netlist Resource(s)
  -------------------------------------------------------------------    -------------------
    AG4                                               0.000     0.000 r  Qx[0]
                         net (fo=0)                   0.000     0.000    Qx_IBUF[0]_inst/I
    AG4                  INBUF (Prop_INBUF_HPIOB_M_PAD_O)
                                                      0.207     0.207 r  Qx_IBUF[0]_inst/INBUF_INST/O
                         net (fo=1, routed)           0.000     0.207    Qx_IBUF[0]_inst/OUT
    AG4                  IBUFCTRL (Prop_IBUFCTRL_HPIOB_M_I_O)
                                                      0.000     0.207 r  Qx_IBUF[0]_inst/IBUFCTRL_INST/O
                         net (fo=1, routed)           0.560     0.767    fir_Qx/D[0]
    SLICE_X31Y133        FDRE                                         r  fir_Qx/shift_reg_reg[0][0]/D
  -------------------------------------------------------------------    -------------------

                         (clock clk rise edge)        0.000     0.000 r  <hidden>
    E5                                                0.000     0.000 r  clk
                         net (fo=0)                   0.000     0.000    clk_IBUF_inst/I
    E5                   INBUF (Prop_INBUF_HPIOB_M_PAD_O)
                                                      0.344     0.344 r  clk_IBUF_inst/INBUF_INST/O
                         net (fo=1, routed)           0.000     0.344    clk_IBUF_inst/OUT
    E5                   IBUFCTRL (Prop_IBUFCTRL_HPIOB_M_I_O)
                                                      0.000     0.344 r  clk_IBUF_inst/IBUFCTRL_INST/O
                         net (fo=1, routed)           0.306     0.650    clk_IBUF
    BUFGCE_X0Y93         BUFGCE (Prop_BUFCE_BUFGCE_I_O)
                                                      0.026     0.676 r  clk_IBUF_BUFG_inst/O
    X0Y2 (CLOCK_ROOT)    net (fo=941, routed)         1.409     2.085    fir_Qx/CLK
    SLICE_X31Y133        FDRE                                         r  fir_Qx/shift_reg_reg[0][0]/C

Slack:                    inf
  Source:                 Qx[6]
                            (input port)
  Destination:            fir_Qx/shift_reg_reg[0][6]/D
                            (rising edge-triggered cell FDRE clocked by clk  {rise@0.000ns fall@1.900ns period=3.800ns})
  Path Group:             (none)
  Path Type:              Hold (Min at Fast Process Corner)
  Data Path Delay:        0.771ns  (logic 0.161ns (20.927%)  route 0.610ns (79.073%))
  Logic Levels:           2  (IBUFCTRL=1 INBUF=1)
  Clock Path Skew:        2.078ns (DCD - SCD - CPR)
    Destination Clock Delay (DCD):    2.078ns
    Source Clock Delay      (SCD):    0.000ns
    Clock Pessimism Removal (CPR):    -0.000ns
  Clock Net Delay (Destination): 1.402ns (routing 0.679ns, distribution 0.723ns)

    Location             Delay type                Incr(ns)  Path(ns)    Netlist Resource(s)
  -------------------------------------------------------------------    -------------------
    AB4                                               0.000     0.000 r  Qx[6]
                         net (fo=0)                   0.000     0.000    Qx_IBUF[6]_inst/I
    AB4                  INBUF (Prop_INBUF_HPIOB_M_PAD_O)
                                                      0.161     0.161 r  Qx_IBUF[6]_inst/INBUF_INST/O
                         net (fo=1, routed)           0.000     0.161    Qx_IBUF[6]_inst/OUT
    AB4                  IBUFCTRL (Prop_IBUFCTRL_HPIOB_M_I_O)
                                                      0.000     0.161 r  Qx_IBUF[6]_inst/IBUFCTRL_INST/O
                         net (fo=1, routed)           0.610     0.771    fir_Qx/D[6]
    SLICE_X29Y136        FDRE                                         r  fir_Qx/shift_reg_reg[0][6]/D
  -------------------------------------------------------------------    -------------------

                         (clock clk rise edge)        0.000     0.000 r  <hidden>
    E5                                                0.000     0.000 r  clk
                         net (fo=0)                   0.000     0.000    clk_IBUF_inst/I
    E5                   INBUF (Prop_INBUF_HPIOB_M_PAD_O)
                                                      0.344     0.344 r  clk_IBUF_inst/INBUF_INST/O
                         net (fo=1, routed)           0.000     0.344    clk_IBUF_inst/OUT
    E5                   IBUFCTRL (Prop_IBUFCTRL_HPIOB_M_I_O)
                                                      0.000     0.344 r  clk_IBUF_inst/IBUFCTRL_INST/O
                         net (fo=1, routed)           0.306     0.650    clk_IBUF
    BUFGCE_X0Y93         BUFGCE (Prop_BUFCE_BUFGCE_I_O)
                                                      0.026     0.676 r  clk_IBUF_BUFG_inst/O
    X0Y2 (CLOCK_ROOT)    net (fo=941, routed)         1.402     2.078    fir_Qx/CLK
    SLICE_X29Y136        FDRE                                         r  fir_Qx/shift_reg_reg[0][6]/C

Slack:                    inf
  Source:                 Qx[2]
                            (input port)
  Destination:            fir_Qx/shift_reg_reg[0][2]/D
                            (rising edge-triggered cell FDRE clocked by clk  {rise@0.000ns fall@1.900ns period=3.800ns})
  Path Group:             (none)
  Path Type:              Hold (Min at Fast Process Corner)
  Data Path Delay:        0.779ns  (logic 0.170ns (21.782%)  route 0.609ns (78.218%))
  Logic Levels:           2  (IBUFCTRL=1 INBUF=1)
  Clock Path Skew:        2.089ns (DCD - SCD - CPR)
    Destination Clock Delay (DCD):    2.089ns
    Source Clock Delay      (SCD):    0.000ns
    Clock Pessimism Removal (CPR):    -0.000ns
  Clock Net Delay (Destination): 1.414ns (routing 0.679ns, distribution 0.735ns)

    Location             Delay type                Incr(ns)  Path(ns)    Netlist Resource(s)
  -------------------------------------------------------------------    -------------------
    AB2                                               0.000     0.000 r  Qx[2]
                         net (fo=0)                   0.000     0.000    Qx_IBUF[2]_inst/I
    AB2                  INBUF (Prop_INBUF_HPIOB_M_PAD_O)
                                                      0.170     0.170 r  Qx_IBUF[2]_inst/INBUF_INST/O
                         net (fo=1, routed)           0.000     0.170    Qx_IBUF[2]_inst/OUT
    AB2                  IBUFCTRL (Prop_IBUFCTRL_HPIOB_M_I_O)
                                                      0.000     0.170 r  Qx_IBUF[2]_inst/IBUFCTRL_INST/O
                         net (fo=1, routed)           0.609     0.779    fir_Qx/D[2]
    SLICE_X29Y134        FDRE                                         r  fir_Qx/shift_reg_reg[0][2]/D
  -------------------------------------------------------------------    -------------------

                         (clock clk rise edge)        0.000     0.000 r  <hidden>
    E5                                                0.000     0.000 r  clk
                         net (fo=0)                   0.000     0.000    clk_IBUF_inst/I
    E5                   INBUF (Prop_INBUF_HPIOB_M_PAD_O)
                                                      0.344     0.344 r  clk_IBUF_inst/INBUF_INST/O
                         net (fo=1, routed)           0.000     0.344    clk_IBUF_inst/OUT
    E5                   IBUFCTRL (Prop_IBUFCTRL_HPIOB_M_I_O)
                                                      0.000     0.344 r  clk_IBUF_inst/IBUFCTRL_INST/O
                         net (fo=1, routed)           0.306     0.650    clk_IBUF
    BUFGCE_X0Y93         BUFGCE (Prop_BUFCE_BUFGCE_I_O)
                                                      0.026     0.676 r  clk_IBUF_BUFG_inst/O
    X0Y2 (CLOCK_ROOT)    net (fo=941, routed)         1.414     2.089    fir_Qx/CLK
    SLICE_X29Y134        FDRE                                         r  fir_Qx/shift_reg_reg[0][2]/C





