Copyright 1986-2022 Xilinx, Inc. All Rights Reserved. Copyright 2022-2026 Advanced Micro Devices, Inc. All Rights Reserved.
-----------------------------------------------------------------------------------------------------------------------------------------------------------------------------------------------------------------------------------------------------------------------------------------------
| Tool Version      : Vivado v.2026.1 (win64) Build 6511674 Tue Jun 16 11:02:23 MDT 2026
| Date              : Sun Sep 20 23:26:56 2026
| Host              : Dani running 64-bit major release  (build 9200)
| Command           : report_timing_summary -max_paths 10 -routable_nets -report_unconstrained -file dp_matched_filter_pipeline_timing_summary_routed.rpt -pb dp_matched_filter_pipeline_timing_summary_routed.pb -rpx dp_matched_filter_pipeline_timing_summary_routed.rpx -warn_on_violation
| Design            : dp_matched_filter_pipeline
| Device            : xck26-sfvc784
| Speed File        : -2LV  PRODUCTION 1.31 12-08-2025
| Design State      : Routed
| Temperature Grade : C
-----------------------------------------------------------------------------------------------------------------------------------------------------------------------------------------------------------------------------------------------------------------------------------------------

Timing Summary Report

------------------------------------------------------------------------------------------------
| Timer Settings
| --------------
------------------------------------------------------------------------------------------------

  Enable Multi Corner Analysis               :  Yes
  Enable Pessimism Removal                   :  Yes
  Pessimism Removal Resolution               :  Nearest Common Node
  Enable Input Delay Default Clock           :  No
  Enable Preset / Clear Arcs                 :  No
  Disable Flight Delays                      :  No
  Ignore I/O Paths                           :  No
  Timing Early Launch at Borrowing Latches   :  No
  Borrow Time for Max Delay Exceptions       :  Yes
  Merge Timing Exceptions                    :  Yes
  Inter-SLR Compensation                     :  Conservative

  Corner  Analyze    Analyze    
  Name    Max Paths  Min Paths  
  ------  ---------  ---------  
  Slow    Yes        Yes        
  Fast    Yes        Yes        


------------------------------------------------------------------------------------------------
| Report Methodology
| ------------------
------------------------------------------------------------------------------------------------

Rule       Severity  Description                    Violations  
---------  --------  -----------------------------  ----------  
TIMING-18  Warning   Missing input or output delay  107         

Note: This report is based on the most recent report_methodology run and may not be up-to-date. Run report_methodology on the current design for the latest report.



check_timing report

Table of Contents
-----------------
1. checking no_clock (0)
2. checking constant_clock (0)
3. checking pulse_width_clock (0)
4. checking unconstrained_internal_endpoints (0)
5. checking no_input_delay (34)
6. checking no_output_delay (73)
7. checking multiple_clock (0)
8. checking generated_clocks (0)
9. checking loops (0)
10. checking partial_input_delay (0)
11. checking partial_output_delay (0)
12. checking latch_loops (0)

1. checking no_clock (0)
------------------------
 There are 0 register/latch pins with no clock.


2. checking constant_clock (0)
------------------------------
 There are 0 register/latch pins with constant_clock.


3. checking pulse_width_clock (0)
---------------------------------
 There are 0 register/latch pins which need pulse_width check


4. checking unconstrained_internal_endpoints (0)
------------------------------------------------
 There are 0 pins that are not constrained for maximum delay.

 There are 0 pins that are not constrained for maximum delay due to constant clock.


5. checking no_input_delay (34)
-------------------------------
 There are 34 input ports with no input delay specified. (HIGH)

 There are 0 input ports with no input delay but user has a false path constraint.


6. checking no_output_delay (73)
--------------------------------
 There are 73 ports with no output delay specified. (HIGH)

 There are 0 ports with no output delay but user has a false path constraint

 There are 0 ports with no output delay but with a timing clock defined on it or propagating through it


7. checking multiple_clock (0)
------------------------------
 There are 0 register/latch pins with multiple clocks.


8. checking generated_clocks (0)
--------------------------------
 There are 0 generated clocks that are not connected to a clock source.


9. checking loops (0)
---------------------
 There are 0 combinational loops in the design.


10. checking partial_input_delay (0)
------------------------------------
 There are 0 input ports with partial input delay specified.


11. checking partial_output_delay (0)
-------------------------------------
 There are 0 ports with partial output delay specified.


12. checking latch_loops (0)
----------------------------
 There are 0 combinational latch loops in the design through latch input



------------------------------------------------------------------------------------------------
| Design Timing Summary
| ---------------------
------------------------------------------------------------------------------------------------

    WNS(ns)      TNS(ns)  TNS Failing Endpoints  TNS Total Endpoints      WHS(ns)      THS(ns)  THS Failing Endpoints  THS Total Endpoints     WPWS(ns)     TPWS(ns)  TPWS Failing Endpoints  TPWS Total Endpoints  
    -------      -------  ---------------------  -------------------      -------      -------  ---------------------  -------------------     --------     --------  ----------------------  --------------------  
      0.859        0.000                      0                 7220        0.033        0.000                      0                 7220        2.225        0.000                       0                   646  


All user specified timing constraints are met.


------------------------------------------------------------------------------------------------
| Clock Summary
| -------------
------------------------------------------------------------------------------------------------

Clock  Waveform(ns)         Period(ns)      Frequency(MHz)
-----  ------------         ----------      --------------
clk    {0.000 2.500}        5.000           200.000         


------------------------------------------------------------------------------------------------
| Intra Clock Table
| -----------------
------------------------------------------------------------------------------------------------

Clock             WNS(ns)      TNS(ns)  TNS Failing Endpoints  TNS Total Endpoints      WHS(ns)      THS(ns)  THS Failing Endpoints  THS Total Endpoints     WPWS(ns)     TPWS(ns)  TPWS Failing Endpoints  TPWS Total Endpoints  
-----             -------      -------  ---------------------  -------------------      -------      -------  ---------------------  -------------------     --------     --------  ----------------------  --------------------  
clk                 0.859        0.000                      0                 7220        0.033        0.000                      0                 7220        2.225        0.000                       0                   646  


------------------------------------------------------------------------------------------------
| Inter Clock Table
| -----------------
------------------------------------------------------------------------------------------------

From Clock    To Clock          WNS(ns)      TNS(ns)  TNS Failing Endpoints  TNS Total Endpoints      WHS(ns)      THS(ns)  THS Failing Endpoints  THS Total Endpoints  
----------    --------          -------      -------  ---------------------  -------------------      -------      -------  ---------------------  -------------------  


------------------------------------------------------------------------------------------------
| Other Path Groups Table
| -----------------------
------------------------------------------------------------------------------------------------

Path Group    From Clock    To Clock          WNS(ns)      TNS(ns)  TNS Failing Endpoints  TNS Total Endpoints      WHS(ns)      THS(ns)  THS Failing Endpoints  THS Total Endpoints  
----------    ----------    --------          -------      -------  ---------------------  -------------------      -------      -------  ---------------------  -------------------  


------------------------------------------------------------------------------------------------
| User Ignored Path Table
| -----------------------
------------------------------------------------------------------------------------------------

Path Group    From Clock    To Clock    
----------    ----------    --------    


------------------------------------------------------------------------------------------------
| Unconstrained Path Table
| ------------------------
------------------------------------------------------------------------------------------------

Path Group    From Clock    To Clock    
----------    ----------    --------    
(none)        clk                         
(none)                      clk           


------------------------------------------------------------------------------------------------
| Timing Details
| --------------
------------------------------------------------------------------------------------------------


---------------------------------------------------------------------------------------------------
From Clock:  clk
  To Clock:  clk

Setup :            0  Failing Endpoints,  Worst Slack        0.859ns,  Total Violation        0.000ns
Hold  :            0  Failing Endpoints,  Worst Slack        0.033ns,  Total Violation        0.000ns
PW    :            0  Failing Endpoints,  Worst Slack        2.225ns,  Total Violation        0.000ns
---------------------------------------------------------------------------------------------------


Max Delay Paths
--------------------------------------------------------------------------------------
Slack (MET) :             0.859ns  (required time - arrival time)
  Source:                 fir_Ix/partial_sum_reg[3]/DSP_OUTPUT_INST/CLK
                            (rising edge-triggered cell DSP_OUTPUT clocked by clk  {rise@0.000ns fall@2.500ns period=5.000ns})
  Destination:            fir_Ix/accumulator_reg_reg/DSP_OUTPUT_INST/ALU_OUT[37]
                            (rising edge-triggered cell DSP_OUTPUT clocked by clk  {rise@0.000ns fall@2.500ns period=5.000ns})
  Path Group:             clk
  Path Type:              Setup (Max at Slow Process Corner)
  Requirement:            5.000ns  (clk rise@5.000ns - clk rise@0.000ns)
  Data Path Delay:        4.053ns  (logic 2.334ns (57.586%)  route 1.719ns (42.414%))
  Logic Levels:           5  (DSP_A_B_DATA=1 DSP_ALU=2 DSP_C_DATA=1 DSP_OUTPUT=1)
  Clock Path Skew:        -0.067ns (DCD - SCD + CPR)
    Destination Clock Delay (DCD):    2.667ns = ( 7.667 - 5.000 ) 
    Source Clock Delay      (SCD):    3.267ns
    Clock Pessimism Removal (CPR):    0.534ns
  Clock Uncertainty:      0.035ns  ((TSJ^2 + TIJ^2)^1/2 + DJ) / 2 + PE
    Total System Jitter     (TSJ):    0.071ns
    Total Input Jitter      (TIJ):    0.000ns
    Discrete Jitter          (DJ):    0.000ns
    Phase Error              (PE):    0.000ns
  Clock Net Delay (Source):      2.239ns (routing 1.131ns, distribution 1.108ns)
  Clock Net Delay (Destination): 1.994ns (routing 1.039ns, distribution 0.955ns)

    Location             Delay type                Incr(ns)  Path(ns)    Netlist Resource(s)
  -------------------------------------------------------------------    -------------------
                         (clock clk rise edge)        0.000     0.000 r  <hidden>
    E5                                                0.000     0.000 r  clk
                         net (fo=0)                   0.000     0.000    clk_IBUF_inst/I
    E5                   INBUF (Prop_INBUF_HPIOB_M_PAD_O)
                                                      0.524     0.524 r  clk_IBUF_inst/INBUF_INST/O
                         net (fo=1, routed)           0.000     0.524    clk_IBUF_inst/OUT
    E5                   IBUFCTRL (Prop_IBUFCTRL_HPIOB_M_I_O)
                                                      0.000     0.524 r  clk_IBUF_inst/IBUFCTRL_INST/O
                         net (fo=1, routed)           0.460     0.984    clk_IBUF
    BUFGCE_X0Y93         BUFGCE (Prop_BUFCE_BUFGCE_I_O)
                                                      0.044     1.028 r  clk_IBUF_BUFG_inst/O
    X0Y2 (CLOCK_ROOT)    net (fo=941, routed)         2.239     3.267    fir_Ix/partial_sum_reg[3]/CLK
    DSP48E2_X4Y68        DSP_OUTPUT                                   r  fir_Ix/partial_sum_reg[3]/DSP_OUTPUT_INST/CLK
  -------------------------------------------------------------------    -------------------
    DSP48E2_X4Y68        DSP_OUTPUT (Prop_DSP_OUTPUT_DSP48E2_CLK_P[23])
                                                      0.276     3.543 r  fir_Ix/partial_sum_reg[3]/DSP_OUTPUT_INST/P[23]
                         net (fo=25, routed)          0.809     4.352    fir_Ix/accumulator_reg0/C[23]
    DSP48E2_X5Y66        DSP_C_DATA (Prop_DSP_C_DATA_DSP48E2_C[23]_C_DATA[23])
                                                      0.135     4.487 r  fir_Ix/accumulator_reg0/DSP_C_DATA_INST/C_DATA[23]
                         net (fo=2, routed)           0.000     4.487    fir_Ix/accumulator_reg0/DSP_C_DATA.C_DATA<23>
    DSP48E2_X5Y66        DSP_ALU (Prop_DSP_ALU_DSP48E2_C_DATA[23]_ALU_OUT[23])
                                                      0.786     5.273 r  fir_Ix/accumulator_reg0/DSP_ALU_INST/ALU_OUT[23]
                         net (fo=1, routed)           0.000     5.273    fir_Ix/accumulator_reg0/DSP_ALU.ALU_OUT<23>
    DSP48E2_X5Y66        DSP_OUTPUT (Prop_DSP_OUTPUT_DSP48E2_ALU_OUT[23]_P[23])
                                                      0.146     5.419 f  fir_Ix/accumulator_reg0/DSP_OUTPUT_INST/P[23]
                         net (fo=25, routed)          0.910     6.329    fir_Ix/accumulator_reg_reg/A[19]
    DSP48E2_X4Y64        DSP_A_B_DATA (Prop_DSP_A_B_DATA_DSP48E2_A[19]_A_ALU[19])
                                                      0.265     6.594 r  fir_Ix/accumulator_reg_reg/DSP_A_B_DATA_INST/A_ALU[19]
                         net (fo=1, routed)           0.000     6.594    fir_Ix/accumulator_reg_reg/DSP_A_B_DATA.A_ALU<19>
    DSP48E2_X4Y64        DSP_ALU (Prop_DSP_ALU_DSP48E2_A_ALU[19]_ALU_OUT[37])
                                                      0.726     7.320 r  fir_Ix/accumulator_reg_reg/DSP_ALU_INST/ALU_OUT[37]
                         net (fo=1, routed)           0.000     7.320    fir_Ix/accumulator_reg_reg/DSP_ALU.ALU_OUT<37>
    DSP48E2_X4Y64        DSP_OUTPUT                                   r  fir_Ix/accumulator_reg_reg/DSP_OUTPUT_INST/ALU_OUT[37]
  -------------------------------------------------------------------    -------------------

                         (clock clk rise edge)        5.000     5.000 r  <hidden>
    E5                                                0.000     5.000 r  clk
                         net (fo=0)                   0.000     5.000    clk_IBUF_inst/I
    E5                   INBUF (Prop_INBUF_HPIOB_M_PAD_O)
                                                      0.274     5.274 r  clk_IBUF_inst/INBUF_INST/O
                         net (fo=1, routed)           0.000     5.274    clk_IBUF_inst/OUT
    E5                   IBUFCTRL (Prop_IBUFCTRL_HPIOB_M_I_O)
                                                      0.000     5.274 r  clk_IBUF_inst/IBUFCTRL_INST/O
                         net (fo=1, routed)           0.360     5.634    clk_IBUF
    BUFGCE_X0Y93         BUFGCE (Prop_BUFCE_BUFGCE_I_O)
                                                      0.039     5.673 r  clk_IBUF_BUFG_inst/O
    X0Y2 (CLOCK_ROOT)    net (fo=941, routed)         1.994     7.667    fir_Ix/accumulator_reg_reg/CLK
    DSP48E2_X4Y64        DSP_OUTPUT                                   r  fir_Ix/accumulator_reg_reg/DSP_OUTPUT_INST/CLK
                         clock pessimism              0.534     8.200    <hidden>
                         clock uncertainty           -0.035     8.165    <hidden>
    DSP48E2_X4Y64        DSP_OUTPUT (Setup_DSP_OUTPUT_DSP48E2_CLK_ALU_OUT[37])
                                                      0.014     8.179    fir_Ix/accumulator_reg_reg/DSP_OUTPUT_INST
  -------------------------------------------------------------------
                         required time                          8.179    <hidden>
                         arrival time                          -7.320    <hidden>
  -------------------------------------------------------------------
                         slack                                  0.859    <hidden>

Slack (MET) :             0.859ns  (required time - arrival time)
  Source:                 fir_Ix/partial_sum_reg[3]/DSP_OUTPUT_INST/CLK
                            (rising edge-triggered cell DSP_OUTPUT clocked by clk  {rise@0.000ns fall@2.500ns period=5.000ns})
  Destination:            fir_Ix/accumulator_reg_reg/DSP_OUTPUT_INST/ALU_OUT[38]
                            (rising edge-triggered cell DSP_OUTPUT clocked by clk  {rise@0.000ns fall@2.500ns period=5.000ns})
  Path Group:             clk
  Path Type:              Setup (Max at Slow Process Corner)
  Requirement:            5.000ns  (clk rise@5.000ns - clk rise@0.000ns)
  Data Path Delay:        4.053ns  (logic 2.334ns (57.586%)  route 1.719ns (42.414%))
  Logic Levels:           5  (DSP_A_B_DATA=1 DSP_ALU=2 DSP_C_DATA=1 DSP_OUTPUT=1)
  Clock Path Skew:        -0.067ns (DCD - SCD + CPR)
    Destination Clock Delay (DCD):    2.667ns = ( 7.667 - 5.000 ) 
    Source Clock Delay      (SCD):    3.267ns
    Clock Pessimism Removal (CPR):    0.534ns
  Clock Uncertainty:      0.035ns  ((TSJ^2 + TIJ^2)^1/2 + DJ) / 2 + PE
    Total System Jitter     (TSJ):    0.071ns
    Total Input Jitter      (TIJ):    0.000ns
    Discrete Jitter          (DJ):    0.000ns
    Phase Error              (PE):    0.000ns
  Clock Net Delay (Source):      2.239ns (routing 1.131ns, distribution 1.108ns)
  Clock Net Delay (Destination): 1.994ns (routing 1.039ns, distribution 0.955ns)

    Location             Delay type                Incr(ns)  Path(ns)    Netlist Resource(s)
  -------------------------------------------------------------------    -------------------
                         (clock clk rise edge)        0.000     0.000 r  <hidden>
    E5                                                0.000     0.000 r  clk
                         net (fo=0)                   0.000     0.000    clk_IBUF_inst/I
    E5                   INBUF (Prop_INBUF_HPIOB_M_PAD_O)
                                                      0.524     0.524 r  clk_IBUF_inst/INBUF_INST/O
                         net (fo=1, routed)           0.000     0.524    clk_IBUF_inst/OUT
    E5                   IBUFCTRL (Prop_IBUFCTRL_HPIOB_M_I_O)
                                                      0.000     0.524 r  clk_IBUF_inst/IBUFCTRL_INST/O
                         net (fo=1, routed)           0.460     0.984    clk_IBUF
    BUFGCE_X0Y93         BUFGCE (Prop_BUFCE_BUFGCE_I_O)
                                                      0.044     1.028 r  clk_IBUF_BUFG_inst/O
    X0Y2 (CLOCK_ROOT)    net (fo=941, routed)         2.239     3.267    fir_Ix/partial_sum_reg[3]/CLK
    DSP48E2_X4Y68        DSP_OUTPUT                                   r  fir_Ix/partial_sum_reg[3]/DSP_OUTPUT_INST/CLK
  -------------------------------------------------------------------    -------------------
    DSP48E2_X4Y68        DSP_OUTPUT (Prop_DSP_OUTPUT_DSP48E2_CLK_P[23])
                                                      0.276     3.543 r  fir_Ix/partial_sum_reg[3]/DSP_OUTPUT_INST/P[23]
                         net (fo=25, routed)          0.809     4.352    fir_Ix/accumulator_reg0/C[23]
    DSP48E2_X5Y66        DSP_C_DATA (Prop_DSP_C_DATA_DSP48E2_C[23]_C_DATA[23])
                                                      0.135     4.487 r  fir_Ix/accumulator_reg0/DSP_C_DATA_INST/C_DATA[23]
                         net (fo=2, routed)           0.000     4.487    fir_Ix/accumulator_reg0/DSP_C_DATA.C_DATA<23>
    DSP48E2_X5Y66        DSP_ALU (Prop_DSP_ALU_DSP48E2_C_DATA[23]_ALU_OUT[23])
                                                      0.786     5.273 r  fir_Ix/accumulator_reg0/DSP_ALU_INST/ALU_OUT[23]
                         net (fo=1, routed)           0.000     5.273    fir_Ix/accumulator_reg0/DSP_ALU.ALU_OUT<23>
    DSP48E2_X5Y66        DSP_OUTPUT (Prop_DSP_OUTPUT_DSP48E2_ALU_OUT[23]_P[23])
                                                      0.146     5.419 f  fir_Ix/accumulator_reg0/DSP_OUTPUT_INST/P[23]
                         net (fo=25, routed)          0.910     6.329    fir_Ix/accumulator_reg_reg/A[19]
    DSP48E2_X4Y64        DSP_A_B_DATA (Prop_DSP_A_B_DATA_DSP48E2_A[19]_A_ALU[19])
                                                      0.265     6.594 r  fir_Ix/accumulator_reg_reg/DSP_A_B_DATA_INST/A_ALU[19]
                         net (fo=1, routed)           0.000     6.594    fir_Ix/accumulator_reg_reg/DSP_A_B_DATA.A_ALU<19>
    DSP48E2_X4Y64        DSP_ALU (Prop_DSP_ALU_DSP48E2_A_ALU[19]_ALU_OUT[38])
                                                      0.726     7.320 r  fir_Ix/accumulator_reg_reg/DSP_ALU_INST/ALU_OUT[38]
                         net (fo=1, routed)           0.000     7.320    fir_Ix/accumulator_reg_reg/DSP_ALU.ALU_OUT<38>
    DSP48E2_X4Y64        DSP_OUTPUT                                   r  fir_Ix/accumulator_reg_reg/DSP_OUTPUT_INST/ALU_OUT[38]
  -------------------------------------------------------------------    -------------------

                         (clock clk rise edge)        5.000     5.000 r  <hidden>
    E5                                                0.000     5.000 r  clk
                         net (fo=0)                   0.000     5.000    clk_IBUF_inst/I
    E5                   INBUF (Prop_INBUF_HPIOB_M_PAD_O)
                                                      0.274     5.274 r  clk_IBUF_inst/INBUF_INST/O
                         net (fo=1, routed)           0.000     5.274    clk_IBUF_inst/OUT
    E5                   IBUFCTRL (Prop_IBUFCTRL_HPIOB_M_I_O)
                                                      0.000     5.274 r  clk_IBUF_inst/IBUFCTRL_INST/O
                         net (fo=1, routed)           0.360     5.634    clk_IBUF
    BUFGCE_X0Y93         BUFGCE (Prop_BUFCE_BUFGCE_I_O)
                                                      0.039     5.673 r  clk_IBUF_BUFG_inst/O
    X0Y2 (CLOCK_ROOT)    net (fo=941, routed)         1.994     7.667    fir_Ix/accumulator_reg_reg/CLK
    DSP48E2_X4Y64        DSP_OUTPUT                                   r  fir_Ix/accumulator_reg_reg/DSP_OUTPUT_INST/CLK
                         clock pessimism              0.534     8.200    <hidden>
                         clock uncertainty           -0.035     8.165    <hidden>
    DSP48E2_X4Y64        DSP_OUTPUT (Setup_DSP_OUTPUT_DSP48E2_CLK_ALU_OUT[38])
                                                      0.014     8.179    fir_Ix/accumulator_reg_reg/DSP_OUTPUT_INST
  -------------------------------------------------------------------
                         required time                          8.179    <hidden>
                         arrival time                          -7.320    <hidden>
  -------------------------------------------------------------------
                         slack                                  0.859    <hidden>

Slack (MET) :             0.859ns  (required time - arrival time)
  Source:                 fir_Ix/partial_sum_reg[3]/DSP_OUTPUT_INST/CLK
                            (rising edge-triggered cell DSP_OUTPUT clocked by clk  {rise@0.000ns fall@2.500ns period=5.000ns})
  Destination:            fir_Ix/accumulator_reg_reg/DSP_OUTPUT_INST/ALU_OUT[39]
                            (rising edge-triggered cell DSP_OUTPUT clocked by clk  {rise@0.000ns fall@2.500ns period=5.000ns})
  Path Group:             clk
  Path Type:              Setup (Max at Slow Process Corner)
  Requirement:            5.000ns  (clk rise@5.000ns - clk rise@0.000ns)
  Data Path Delay:        4.053ns  (logic 2.334ns (57.586%)  route 1.719ns (42.414%))
  Logic Levels:           5  (DSP_A_B_DATA=1 DSP_ALU=2 DSP_C_DATA=1 DSP_OUTPUT=1)
  Clock Path Skew:        -0.067ns (DCD - SCD + CPR)
    Destination Clock Delay (DCD):    2.667ns = ( 7.667 - 5.000 ) 
    Source Clock Delay      (SCD):    3.267ns
    Clock Pessimism Removal (CPR):    0.534ns
  Clock Uncertainty:      0.035ns  ((TSJ^2 + TIJ^2)^1/2 + DJ) / 2 + PE
    Total System Jitter     (TSJ):    0.071ns
    Total Input Jitter      (TIJ):    0.000ns
    Discrete Jitter          (DJ):    0.000ns
    Phase Error              (PE):    0.000ns
  Clock Net Delay (Source):      2.239ns (routing 1.131ns, distribution 1.108ns)
  Clock Net Delay (Destination): 1.994ns (routing 1.039ns, distribution 0.955ns)

    Location             Delay type                Incr(ns)  Path(ns)    Netlist Resource(s)
  -------------------------------------------------------------------    -------------------
                         (clock clk rise edge)        0.000     0.000 r  <hidden>
    E5                                                0.000     0.000 r  clk
                         net (fo=0)                   0.000     0.000    clk_IBUF_inst/I
    E5                   INBUF (Prop_INBUF_HPIOB_M_PAD_O)
                                                      0.524     0.524 r  clk_IBUF_inst/INBUF_INST/O
                         net (fo=1, routed)           0.000     0.524    clk_IBUF_inst/OUT
    E5                   IBUFCTRL (Prop_IBUFCTRL_HPIOB_M_I_O)
                                                      0.000     0.524 r  clk_IBUF_inst/IBUFCTRL_INST/O
                         net (fo=1, routed)           0.460     0.984    clk_IBUF
    BUFGCE_X0Y93         BUFGCE (Prop_BUFCE_BUFGCE_I_O)
                                                      0.044     1.028 r  clk_IBUF_BUFG_inst/O
    X0Y2 (CLOCK_ROOT)    net (fo=941, routed)         2.239     3.267    fir_Ix/partial_sum_reg[3]/CLK
    DSP48E2_X4Y68        DSP_OUTPUT                                   r  fir_Ix/partial_sum_reg[3]/DSP_OUTPUT_INST/CLK
  -------------------------------------------------------------------    -------------------
    DSP48E2_X4Y68        DSP_OUTPUT (Prop_DSP_OUTPUT_DSP48E2_CLK_P[23])
                                                      0.276     3.543 r  fir_Ix/partial_sum_reg[3]/DSP_OUTPUT_INST/P[23]
                         net (fo=25, routed)          0.809     4.352    fir_Ix/accumulator_reg0/C[23]
    DSP48E2_X5Y66        DSP_C_DATA (Prop_DSP_C_DATA_DSP48E2_C[23]_C_DATA[23])
                                                      0.135     4.487 r  fir_Ix/accumulator_reg0/DSP_C_DATA_INST/C_DATA[23]
                         net (fo=2, routed)           0.000     4.487    fir_Ix/accumulator_reg0/DSP_C_DATA.C_DATA<23>
    DSP48E2_X5Y66        DSP_ALU (Prop_DSP_ALU_DSP48E2_C_DATA[23]_ALU_OUT[23])
                                                      0.786     5.273 r  fir_Ix/accumulator_reg0/DSP_ALU_INST/ALU_OUT[23]
                         net (fo=1, routed)           0.000     5.273    fir_Ix/accumulator_reg0/DSP_ALU.ALU_OUT<23>
    DSP48E2_X5Y66        DSP_OUTPUT (Prop_DSP_OUTPUT_DSP48E2_ALU_OUT[23]_P[23])
                                                      0.146     5.419 f  fir_Ix/accumulator_reg0/DSP_OUTPUT_INST/P[23]
                         net (fo=25, routed)          0.910     6.329    fir_Ix/accumulator_reg_reg/A[19]
    DSP48E2_X4Y64        DSP_A_B_DATA (Prop_DSP_A_B_DATA_DSP48E2_A[19]_A_ALU[19])
                                                      0.265     6.594 r  fir_Ix/accumulator_reg_reg/DSP_A_B_DATA_INST/A_ALU[19]
                         net (fo=1, routed)           0.000     6.594    fir_Ix/accumulator_reg_reg/DSP_A_B_DATA.A_ALU<19>
    DSP48E2_X4Y64        DSP_ALU (Prop_DSP_ALU_DSP48E2_A_ALU[19]_ALU_OUT[39])
                                                      0.726     7.320 r  fir_Ix/accumulator_reg_reg/DSP_ALU_INST/ALU_OUT[39]
                         net (fo=1, routed)           0.000     7.320    fir_Ix/accumulator_reg_reg/DSP_ALU.ALU_OUT<39>
    DSP48E2_X4Y64        DSP_OUTPUT                                   r  fir_Ix/accumulator_reg_reg/DSP_OUTPUT_INST/ALU_OUT[39]
  -------------------------------------------------------------------    -------------------

                         (clock clk rise edge)        5.000     5.000 r  <hidden>
    E5                                                0.000     5.000 r  clk
                         net (fo=0)                   0.000     5.000    clk_IBUF_inst/I
    E5                   INBUF (Prop_INBUF_HPIOB_M_PAD_O)
                                                      0.274     5.274 r  clk_IBUF_inst/INBUF_INST/O
                         net (fo=1, routed)           0.000     5.274    clk_IBUF_inst/OUT
    E5                   IBUFCTRL (Prop_IBUFCTRL_HPIOB_M_I_O)
                                                      0.000     5.274 r  clk_IBUF_inst/IBUFCTRL_INST/O
                         net (fo=1, routed)           0.360     5.634    clk_IBUF
    BUFGCE_X0Y93         BUFGCE (Prop_BUFCE_BUFGCE_I_O)
                                                      0.039     5.673 r  clk_IBUF_BUFG_inst/O
    X0Y2 (CLOCK_ROOT)    net (fo=941, routed)         1.994     7.667    fir_Ix/accumulator_reg_reg/CLK
    DSP48E2_X4Y64        DSP_OUTPUT                                   r  fir_Ix/accumulator_reg_reg/DSP_OUTPUT_INST/CLK
                         clock pessimism              0.534     8.200    <hidden>
                         clock uncertainty           -0.035     8.165    <hidden>
    DSP48E2_X4Y64        DSP_OUTPUT (Setup_DSP_OUTPUT_DSP48E2_CLK_ALU_OUT[39])
                                                      0.014     8.179    fir_Ix/accumulator_reg_reg/DSP_OUTPUT_INST
  -------------------------------------------------------------------
                         required time                          8.179    <hidden>
                         arrival time                          -7.320    <hidden>
  -------------------------------------------------------------------
                         slack                                  0.859    <hidden>

Slack (MET) :             0.859ns  (required time - arrival time)
  Source:                 fir_Ix/partial_sum_reg[3]/DSP_OUTPUT_INST/CLK
                            (rising edge-triggered cell DSP_OUTPUT clocked by clk  {rise@0.000ns fall@2.500ns period=5.000ns})
  Destination:            fir_Ix/accumulator_reg_reg/DSP_OUTPUT_INST/ALU_OUT[40]
                            (rising edge-triggered cell DSP_OUTPUT clocked by clk  {rise@0.000ns fall@2.500ns period=5.000ns})
  Path Group:             clk
  Path Type:              Setup (Max at Slow Process Corner)
  Requirement:            5.000ns  (clk rise@5.000ns - clk rise@0.000ns)
  Data Path Delay:        4.053ns  (logic 2.334ns (57.586%)  route 1.719ns (42.414%))
  Logic Levels:           5  (DSP_A_B_DATA=1 DSP_ALU=2 DSP_C_DATA=1 DSP_OUTPUT=1)
  Clock Path Skew:        -0.067ns (DCD - SCD + CPR)
    Destination Clock Delay (DCD):    2.667ns = ( 7.667 - 5.000 ) 
    Source Clock Delay      (SCD):    3.267ns
    Clock Pessimism Removal (CPR):    0.534ns
  Clock Uncertainty:      0.035ns  ((TSJ^2 + TIJ^2)^1/2 + DJ) / 2 + PE
    Total System Jitter     (TSJ):    0.071ns
    Total Input Jitter      (TIJ):    0.000ns
    Discrete Jitter          (DJ):    0.000ns
    Phase Error              (PE):    0.000ns
  Clock Net Delay (Source):      2.239ns (routing 1.131ns, distribution 1.108ns)
  Clock Net Delay (Destination): 1.994ns (routing 1.039ns, distribution 0.955ns)

    Location             Delay type                Incr(ns)  Path(ns)    Netlist Resource(s)
  -------------------------------------------------------------------    -------------------
                         (clock clk rise edge)        0.000     0.000 r  <hidden>
    E5                                                0.000     0.000 r  clk
                         net (fo=0)                   0.000     0.000    clk_IBUF_inst/I
    E5                   INBUF (Prop_INBUF_HPIOB_M_PAD_O)
                                                      0.524     0.524 r  clk_IBUF_inst/INBUF_INST/O
                         net (fo=1, routed)           0.000     0.524    clk_IBUF_inst/OUT
    E5                   IBUFCTRL (Prop_IBUFCTRL_HPIOB_M_I_O)
                                                      0.000     0.524 r  clk_IBUF_inst/IBUFCTRL_INST/O
                         net (fo=1, routed)           0.460     0.984    clk_IBUF
    BUFGCE_X0Y93         BUFGCE (Prop_BUFCE_BUFGCE_I_O)
                                                      0.044     1.028 r  clk_IBUF_BUFG_inst/O
    X0Y2 (CLOCK_ROOT)    net (fo=941, routed)         2.239     3.267    fir_Ix/partial_sum_reg[3]/CLK
    DSP48E2_X4Y68        DSP_OUTPUT                                   r  fir_Ix/partial_sum_reg[3]/DSP_OUTPUT_INST/CLK
  -------------------------------------------------------------------    -------------------
    DSP48E2_X4Y68        DSP_OUTPUT (Prop_DSP_OUTPUT_DSP48E2_CLK_P[23])
                                                      0.276     3.543 r  fir_Ix/partial_sum_reg[3]/DSP_OUTPUT_INST/P[23]
                         net (fo=25, routed)          0.809     4.352    fir_Ix/accumulator_reg0/C[23]
    DSP48E2_X5Y66        DSP_C_DATA (Prop_DSP_C_DATA_DSP48E2_C[23]_C_DATA[23])
                                                      0.135     4.487 r  fir_Ix/accumulator_reg0/DSP_C_DATA_INST/C_DATA[23]
                         net (fo=2, routed)           0.000     4.487    fir_Ix/accumulator_reg0/DSP_C_DATA.C_DATA<23>
    DSP48E2_X5Y66        DSP_ALU (Prop_DSP_ALU_DSP48E2_C_DATA[23]_ALU_OUT[23])
                                                      0.786     5.273 r  fir_Ix/accumulator_reg0/DSP_ALU_INST/ALU_OUT[23]
                         net (fo=1, routed)           0.000     5.273    fir_Ix/accumulator_reg0/DSP_ALU.ALU_OUT<23>
    DSP48E2_X5Y66        DSP_OUTPUT (Prop_DSP_OUTPUT_DSP48E2_ALU_OUT[23]_P[23])
                                                      0.146     5.419 f  fir_Ix/accumulator_reg0/DSP_OUTPUT_INST/P[23]
                         net (fo=25, routed)          0.910     6.329    fir_Ix/accumulator_reg_reg/A[19]
    DSP48E2_X4Y64        DSP_A_B_DATA (Prop_DSP_A_B_DATA_DSP48E2_A[19]_A_ALU[19])
                                                      0.265     6.594 r  fir_Ix/accumulator_reg_reg/DSP_A_B_DATA_INST/A_ALU[19]
                         net (fo=1, routed)           0.000     6.594    fir_Ix/accumulator_reg_reg/DSP_A_B_DATA.A_ALU<19>
    DSP48E2_X4Y64        DSP_ALU (Prop_DSP_ALU_DSP48E2_A_ALU[19]_ALU_OUT[40])
                                                      0.726     7.320 r  fir_Ix/accumulator_reg_reg/DSP_ALU_INST/ALU_OUT[40]
                         net (fo=1, routed)           0.000     7.320    fir_Ix/accumulator_reg_reg/DSP_ALU.ALU_OUT<40>
    DSP48E2_X4Y64        DSP_OUTPUT                                   r  fir_Ix/accumulator_reg_reg/DSP_OUTPUT_INST/ALU_OUT[40]
  -------------------------------------------------------------------    -------------------

                         (clock clk rise edge)        5.000     5.000 r  <hidden>
    E5                                                0.000     5.000 r  clk
                         net (fo=0)                   0.000     5.000    clk_IBUF_inst/I
    E5                   INBUF (Prop_INBUF_HPIOB_M_PAD_O)
                                                      0.274     5.274 r  clk_IBUF_inst/INBUF_INST/O
                         net (fo=1, routed)           0.000     5.274    clk_IBUF_inst/OUT
    E5                   IBUFCTRL (Prop_IBUFCTRL_HPIOB_M_I_O)
                                                      0.000     5.274 r  clk_IBUF_inst/IBUFCTRL_INST/O
                         net (fo=1, routed)           0.360     5.634    clk_IBUF
    BUFGCE_X0Y93         BUFGCE (Prop_BUFCE_BUFGCE_I_O)
                                                      0.039     5.673 r  clk_IBUF_BUFG_inst/O
    X0Y2 (CLOCK_ROOT)    net (fo=941, routed)         1.994     7.667    fir_Ix/accumulator_reg_reg/CLK
    DSP48E2_X4Y64        DSP_OUTPUT                                   r  fir_Ix/accumulator_reg_reg/DSP_OUTPUT_INST/CLK
                         clock pessimism              0.534     8.200    <hidden>
                         clock uncertainty           -0.035     8.165    <hidden>
    DSP48E2_X4Y64        DSP_OUTPUT (Setup_DSP_OUTPUT_DSP48E2_CLK_ALU_OUT[40])
                                                      0.014     8.179    fir_Ix/accumulator_reg_reg/DSP_OUTPUT_INST
  -------------------------------------------------------------------
                         required time                          8.179    <hidden>
                         arrival time                          -7.320    <hidden>
  -------------------------------------------------------------------
                         slack                                  0.859    <hidden>

Slack (MET) :             0.859ns  (required time - arrival time)
  Source:                 fir_Ix/partial_sum_reg[3]/DSP_OUTPUT_INST/CLK
                            (rising edge-triggered cell DSP_OUTPUT clocked by clk  {rise@0.000ns fall@2.500ns period=5.000ns})
  Destination:            fir_Ix/accumulator_reg_reg/DSP_OUTPUT_INST/ALU_OUT[41]
                            (rising edge-triggered cell DSP_OUTPUT clocked by clk  {rise@0.000ns fall@2.500ns period=5.000ns})
  Path Group:             clk
  Path Type:              Setup (Max at Slow Process Corner)
  Requirement:            5.000ns  (clk rise@5.000ns - clk rise@0.000ns)
  Data Path Delay:        4.053ns  (logic 2.334ns (57.586%)  route 1.719ns (42.414%))
  Logic Levels:           5  (DSP_A_B_DATA=1 DSP_ALU=2 DSP_C_DATA=1 DSP_OUTPUT=1)
  Clock Path Skew:        -0.067ns (DCD - SCD + CPR)
    Destination Clock Delay (DCD):    2.667ns = ( 7.667 - 5.000 ) 
    Source Clock Delay      (SCD):    3.267ns
    Clock Pessimism Removal (CPR):    0.534ns
  Clock Uncertainty:      0.035ns  ((TSJ^2 + TIJ^2)^1/2 + DJ) / 2 + PE
    Total System Jitter     (TSJ):    0.071ns
    Total Input Jitter      (TIJ):    0.000ns
    Discrete Jitter          (DJ):    0.000ns
    Phase Error              (PE):    0.000ns
  Clock Net Delay (Source):      2.239ns (routing 1.131ns, distribution 1.108ns)
  Clock Net Delay (Destination): 1.994ns (routing 1.039ns, distribution 0.955ns)

    Location             Delay type                Incr(ns)  Path(ns)    Netlist Resource(s)
  -------------------------------------------------------------------    -------------------
                         (clock clk rise edge)        0.000     0.000 r  <hidden>
    E5                                                0.000     0.000 r  clk
                         net (fo=0)                   0.000     0.000    clk_IBUF_inst/I
    E5                   INBUF (Prop_INBUF_HPIOB_M_PAD_O)
                                                      0.524     0.524 r  clk_IBUF_inst/INBUF_INST/O
                         net (fo=1, routed)           0.000     0.524    clk_IBUF_inst/OUT
    E5                   IBUFCTRL (Prop_IBUFCTRL_HPIOB_M_I_O)
                                                      0.000     0.524 r  clk_IBUF_inst/IBUFCTRL_INST/O
                         net (fo=1, routed)           0.460     0.984    clk_IBUF
    BUFGCE_X0Y93         BUFGCE (Prop_BUFCE_BUFGCE_I_O)
                                                      0.044     1.028 r  clk_IBUF_BUFG_inst/O
    X0Y2 (CLOCK_ROOT)    net (fo=941, routed)         2.239     3.267    fir_Ix/partial_sum_reg[3]/CLK
    DSP48E2_X4Y68        DSP_OUTPUT                                   r  fir_Ix/partial_sum_reg[3]/DSP_OUTPUT_INST/CLK
  -------------------------------------------------------------------    -------------------
    DSP48E2_X4Y68        DSP_OUTPUT (Prop_DSP_OUTPUT_DSP48E2_CLK_P[23])
                                                      0.276     3.543 r  fir_Ix/partial_sum_reg[3]/DSP_OUTPUT_INST/P[23]
                         net (fo=25, routed)          0.809     4.352    fir_Ix/accumulator_reg0/C[23]
    DSP48E2_X5Y66        DSP_C_DATA (Prop_DSP_C_DATA_DSP48E2_C[23]_C_DATA[23])
                                                      0.135     4.487 r  fir_Ix/accumulator_reg0/DSP_C_DATA_INST/C_DATA[23]
                         net (fo=2, routed)           0.000     4.487    fir_Ix/accumulator_reg0/DSP_C_DATA.C_DATA<23>
    DSP48E2_X5Y66        DSP_ALU (Prop_DSP_ALU_DSP48E2_C_DATA[23]_ALU_OUT[23])
                                                      0.786     5.273 r  fir_Ix/accumulator_reg0/DSP_ALU_INST/ALU_OUT[23]
                         net (fo=1, routed)           0.000     5.273    fir_Ix/accumulator_reg0/DSP_ALU.ALU_OUT<23>
    DSP48E2_X5Y66        DSP_OUTPUT (Prop_DSP_OUTPUT_DSP48E2_ALU_OUT[23]_P[23])
                                                      0.146     5.419 f  fir_Ix/accumulator_reg0/DSP_OUTPUT_INST/P[23]
                         net (fo=25, routed)          0.910     6.329    fir_Ix/accumulator_reg_reg/A[19]
    DSP48E2_X4Y64        DSP_A_B_DATA (Prop_DSP_A_B_DATA_DSP48E2_A[19]_A_ALU[19])
                                                      0.265     6.594 r  fir_Ix/accumulator_reg_reg/DSP_A_B_DATA_INST/A_ALU[19]
                         net (fo=1, routed)           0.000     6.594    fir_Ix/accumulator_reg_reg/DSP_A_B_DATA.A_ALU<19>
    DSP48E2_X4Y64        DSP_ALU (Prop_DSP_ALU_DSP48E2_A_ALU[19]_ALU_OUT[41])
                                                      0.726     7.320 r  fir_Ix/accumulator_reg_reg/DSP_ALU_INST/ALU_OUT[41]
                         net (fo=1, routed)           0.000     7.320    fir_Ix/accumulator_reg_reg/DSP_ALU.ALU_OUT<41>
    DSP48E2_X4Y64        DSP_OUTPUT                                   r  fir_Ix/accumulator_reg_reg/DSP_OUTPUT_INST/ALU_OUT[41]
  -------------------------------------------------------------------    -------------------

                         (clock clk rise edge)        5.000     5.000 r  <hidden>
    E5                                                0.000     5.000 r  clk
                         net (fo=0)                   0.000     5.000    clk_IBUF_inst/I
    E5                   INBUF (Prop_INBUF_HPIOB_M_PAD_O)
                                                      0.274     5.274 r  clk_IBUF_inst/INBUF_INST/O
                         net (fo=1, routed)           0.000     5.274    clk_IBUF_inst/OUT
    E5                   IBUFCTRL (Prop_IBUFCTRL_HPIOB_M_I_O)
                                                      0.000     5.274 r  clk_IBUF_inst/IBUFCTRL_INST/O
                         net (fo=1, routed)           0.360     5.634    clk_IBUF
    BUFGCE_X0Y93         BUFGCE (Prop_BUFCE_BUFGCE_I_O)
                                                      0.039     5.673 r  clk_IBUF_BUFG_inst/O
    X0Y2 (CLOCK_ROOT)    net (fo=941, routed)         1.994     7.667    fir_Ix/accumulator_reg_reg/CLK
    DSP48E2_X4Y64        DSP_OUTPUT                                   r  fir_Ix/accumulator_reg_reg/DSP_OUTPUT_INST/CLK
                         clock pessimism              0.534     8.200    <hidden>
                         clock uncertainty           -0.035     8.165    <hidden>
    DSP48E2_X4Y64        DSP_OUTPUT (Setup_DSP_OUTPUT_DSP48E2_CLK_ALU_OUT[41])
                                                      0.014     8.179    fir_Ix/accumulator_reg_reg/DSP_OUTPUT_INST
  -------------------------------------------------------------------
                         required time                          8.179    <hidden>
                         arrival time                          -7.320    <hidden>
  -------------------------------------------------------------------
                         slack                                  0.859    <hidden>

Slack (MET) :             0.859ns  (required time - arrival time)
  Source:                 fir_Ix/partial_sum_reg[3]/DSP_OUTPUT_INST/CLK
                            (rising edge-triggered cell DSP_OUTPUT clocked by clk  {rise@0.000ns fall@2.500ns period=5.000ns})
  Destination:            fir_Ix/accumulator_reg_reg/DSP_OUTPUT_INST/ALU_OUT[42]
                            (rising edge-triggered cell DSP_OUTPUT clocked by clk  {rise@0.000ns fall@2.500ns period=5.000ns})
  Path Group:             clk
  Path Type:              Setup (Max at Slow Process Corner)
  Requirement:            5.000ns  (clk rise@5.000ns - clk rise@0.000ns)
  Data Path Delay:        4.053ns  (logic 2.334ns (57.586%)  route 1.719ns (42.414%))
  Logic Levels:           5  (DSP_A_B_DATA=1 DSP_ALU=2 DSP_C_DATA=1 DSP_OUTPUT=1)
  Clock Path Skew:        -0.067ns (DCD - SCD + CPR)
    Destination Clock Delay (DCD):    2.667ns = ( 7.667 - 5.000 ) 
    Source Clock Delay      (SCD):    3.267ns
    Clock Pessimism Removal (CPR):    0.534ns
  Clock Uncertainty:      0.035ns  ((TSJ^2 + TIJ^2)^1/2 + DJ) / 2 + PE
    Total System Jitter     (TSJ):    0.071ns
    Total Input Jitter      (TIJ):    0.000ns
    Discrete Jitter          (DJ):    0.000ns
    Phase Error              (PE):    0.000ns
  Clock Net Delay (Source):      2.239ns (routing 1.131ns, distribution 1.108ns)
  Clock Net Delay (Destination): 1.994ns (routing 1.039ns, distribution 0.955ns)

    Location             Delay type                Incr(ns)  Path(ns)    Netlist Resource(s)
  -------------------------------------------------------------------    -------------------
                         (clock clk rise edge)        0.000     0.000 r  <hidden>
    E5                                                0.000     0.000 r  clk
                         net (fo=0)                   0.000     0.000    clk_IBUF_inst/I
    E5                   INBUF (Prop_INBUF_HPIOB_M_PAD_O)
                                                      0.524     0.524 r  clk_IBUF_inst/INBUF_INST/O
                         net (fo=1, routed)           0.000     0.524    clk_IBUF_inst/OUT
    E5                   IBUFCTRL (Prop_IBUFCTRL_HPIOB_M_I_O)
                                                      0.000     0.524 r  clk_IBUF_inst/IBUFCTRL_INST/O
                         net (fo=1, routed)           0.460     0.984    clk_IBUF
    BUFGCE_X0Y93         BUFGCE (Prop_BUFCE_BUFGCE_I_O)
                                                      0.044     1.028 r  clk_IBUF_BUFG_inst/O
    X0Y2 (CLOCK_ROOT)    net (fo=941, routed)         2.239     3.267    fir_Ix/partial_sum_reg[3]/CLK
    DSP48E2_X4Y68        DSP_OUTPUT                                   r  fir_Ix/partial_sum_reg[3]/DSP_OUTPUT_INST/CLK
  -------------------------------------------------------------------    -------------------
    DSP48E2_X4Y68        DSP_OUTPUT (Prop_DSP_OUTPUT_DSP48E2_CLK_P[23])
                                                      0.276     3.543 r  fir_Ix/partial_sum_reg[3]/DSP_OUTPUT_INST/P[23]
                         net (fo=25, routed)          0.809     4.352    fir_Ix/accumulator_reg0/C[23]
    DSP48E2_X5Y66        DSP_C_DATA (Prop_DSP_C_DATA_DSP48E2_C[23]_C_DATA[23])
                                                      0.135     4.487 r  fir_Ix/accumulator_reg0/DSP_C_DATA_INST/C_DATA[23]
                         net (fo=2, routed)           0.000     4.487    fir_Ix/accumulator_reg0/DSP_C_DATA.C_DATA<23>
    DSP48E2_X5Y66        DSP_ALU (Prop_DSP_ALU_DSP48E2_C_DATA[23]_ALU_OUT[23])
                                                      0.786     5.273 r  fir_Ix/accumulator_reg0/DSP_ALU_INST/ALU_OUT[23]
                         net (fo=1, routed)           0.000     5.273    fir_Ix/accumulator_reg0/DSP_ALU.ALU_OUT<23>
    DSP48E2_X5Y66        DSP_OUTPUT (Prop_DSP_OUTPUT_DSP48E2_ALU_OUT[23]_P[23])
                                                      0.146     5.419 f  fir_Ix/accumulator_reg0/DSP_OUTPUT_INST/P[23]
                         net (fo=25, routed)          0.910     6.329    fir_Ix/accumulator_reg_reg/A[19]
    DSP48E2_X4Y64        DSP_A_B_DATA (Prop_DSP_A_B_DATA_DSP48E2_A[19]_A_ALU[19])
                                                      0.265     6.594 r  fir_Ix/accumulator_reg_reg/DSP_A_B_DATA_INST/A_ALU[19]
                         net (fo=1, routed)           0.000     6.594    fir_Ix/accumulator_reg_reg/DSP_A_B_DATA.A_ALU<19>
    DSP48E2_X4Y64        DSP_ALU (Prop_DSP_ALU_DSP48E2_A_ALU[19]_ALU_OUT[42])
                                                      0.726     7.320 r  fir_Ix/accumulator_reg_reg/DSP_ALU_INST/ALU_OUT[42]
                         net (fo=1, routed)           0.000     7.320    fir_Ix/accumulator_reg_reg/DSP_ALU.ALU_OUT<42>
    DSP48E2_X4Y64        DSP_OUTPUT                                   r  fir_Ix/accumulator_reg_reg/DSP_OUTPUT_INST/ALU_OUT[42]
  -------------------------------------------------------------------    -------------------

                         (clock clk rise edge)        5.000     5.000 r  <hidden>
    E5                                                0.000     5.000 r  clk
                         net (fo=0)                   0.000     5.000    clk_IBUF_inst/I
    E5                   INBUF (Prop_INBUF_HPIOB_M_PAD_O)
                                                      0.274     5.274 r  clk_IBUF_inst/INBUF_INST/O
                         net (fo=1, routed)           0.000     5.274    clk_IBUF_inst/OUT
    E5                   IBUFCTRL (Prop_IBUFCTRL_HPIOB_M_I_O)
                                                      0.000     5.274 r  clk_IBUF_inst/IBUFCTRL_INST/O
                         net (fo=1, routed)           0.360     5.634    clk_IBUF
    BUFGCE_X0Y93         BUFGCE (Prop_BUFCE_BUFGCE_I_O)
                                                      0.039     5.673 r  clk_IBUF_BUFG_inst/O
    X0Y2 (CLOCK_ROOT)    net (fo=941, routed)         1.994     7.667    fir_Ix/accumulator_reg_reg/CLK
    DSP48E2_X4Y64        DSP_OUTPUT                                   r  fir_Ix/accumulator_reg_reg/DSP_OUTPUT_INST/CLK
                         clock pessimism              0.534     8.200    <hidden>
                         clock uncertainty           -0.035     8.165    <hidden>
    DSP48E2_X4Y64        DSP_OUTPUT (Setup_DSP_OUTPUT_DSP48E2_CLK_ALU_OUT[42])
                                                      0.014     8.179    fir_Ix/accumulator_reg_reg/DSP_OUTPUT_INST
  -------------------------------------------------------------------
                         required time                          8.179    <hidden>
                         arrival time                          -7.320    <hidden>
  -------------------------------------------------------------------
                         slack                                  0.859    <hidden>

Slack (MET) :             0.859ns  (required time - arrival time)
  Source:                 fir_Ix/partial_sum_reg[3]/DSP_OUTPUT_INST/CLK
                            (rising edge-triggered cell DSP_OUTPUT clocked by clk  {rise@0.000ns fall@2.500ns period=5.000ns})
  Destination:            fir_Ix/accumulator_reg_reg/DSP_OUTPUT_INST/ALU_OUT[43]
                            (rising edge-triggered cell DSP_OUTPUT clocked by clk  {rise@0.000ns fall@2.500ns period=5.000ns})
  Path Group:             clk
  Path Type:              Setup (Max at Slow Process Corner)
  Requirement:            5.000ns  (clk rise@5.000ns - clk rise@0.000ns)
  Data Path Delay:        4.053ns  (logic 2.334ns (57.586%)  route 1.719ns (42.414%))
  Logic Levels:           5  (DSP_A_B_DATA=1 DSP_ALU=2 DSP_C_DATA=1 DSP_OUTPUT=1)
  Clock Path Skew:        -0.067ns (DCD - SCD + CPR)
    Destination Clock Delay (DCD):    2.667ns = ( 7.667 - 5.000 ) 
    Source Clock Delay      (SCD):    3.267ns
    Clock Pessimism Removal (CPR):    0.534ns
  Clock Uncertainty:      0.035ns  ((TSJ^2 + TIJ^2)^1/2 + DJ) / 2 + PE
    Total System Jitter     (TSJ):    0.071ns
    Total Input Jitter      (TIJ):    0.000ns
    Discrete Jitter          (DJ):    0.000ns
    Phase Error              (PE):    0.000ns
  Clock Net Delay (Source):      2.239ns (routing 1.131ns, distribution 1.108ns)
  Clock Net Delay (Destination): 1.994ns (routing 1.039ns, distribution 0.955ns)

    Location             Delay type                Incr(ns)  Path(ns)    Netlist Resource(s)
  -------------------------------------------------------------------    -------------------
                         (clock clk rise edge)        0.000     0.000 r  <hidden>
    E5                                                0.000     0.000 r  clk
                         net (fo=0)                   0.000     0.000    clk_IBUF_inst/I
    E5                   INBUF (Prop_INBUF_HPIOB_M_PAD_O)
                                                      0.524     0.524 r  clk_IBUF_inst/INBUF_INST/O
                         net (fo=1, routed)           0.000     0.524    clk_IBUF_inst/OUT
    E5                   IBUFCTRL (Prop_IBUFCTRL_HPIOB_M_I_O)
                                                      0.000     0.524 r  clk_IBUF_inst/IBUFCTRL_INST/O
                         net (fo=1, routed)           0.460     0.984    clk_IBUF
    BUFGCE_X0Y93         BUFGCE (Prop_BUFCE_BUFGCE_I_O)
                                                      0.044     1.028 r  clk_IBUF_BUFG_inst/O
    X0Y2 (CLOCK_ROOT)    net (fo=941, routed)         2.239     3.267    fir_Ix/partial_sum_reg[3]/CLK
    DSP48E2_X4Y68        DSP_OUTPUT                                   r  fir_Ix/partial_sum_reg[3]/DSP_OUTPUT_INST/CLK
  -------------------------------------------------------------------    -------------------
    DSP48E2_X4Y68        DSP_OUTPUT (Prop_DSP_OUTPUT_DSP48E2_CLK_P[23])
                                                      0.276     3.543 r  fir_Ix/partial_sum_reg[3]/DSP_OUTPUT_INST/P[23]
                         net (fo=25, routed)          0.809     4.352    fir_Ix/accumulator_reg0/C[23]
    DSP48E2_X5Y66        DSP_C_DATA (Prop_DSP_C_DATA_DSP48E2_C[23]_C_DATA[23])
                                                      0.135     4.487 r  fir_Ix/accumulator_reg0/DSP_C_DATA_INST/C_DATA[23]
                         net (fo=2, routed)           0.000     4.487    fir_Ix/accumulator_reg0/DSP_C_DATA.C_DATA<23>
    DSP48E2_X5Y66        DSP_ALU (Prop_DSP_ALU_DSP48E2_C_DATA[23]_ALU_OUT[23])
                                                      0.786     5.273 r  fir_Ix/accumulator_reg0/DSP_ALU_INST/ALU_OUT[23]
                         net (fo=1, routed)           0.000     5.273    fir_Ix/accumulator_reg0/DSP_ALU.ALU_OUT<23>
    DSP48E2_X5Y66        DSP_OUTPUT (Prop_DSP_OUTPUT_DSP48E2_ALU_OUT[23]_P[23])
                                                      0.146     5.419 f  fir_Ix/accumulator_reg0/DSP_OUTPUT_INST/P[23]
                         net (fo=25, routed)          0.910     6.329    fir_Ix/accumulator_reg_reg/A[19]
    DSP48E2_X4Y64        DSP_A_B_DATA (Prop_DSP_A_B_DATA_DSP48E2_A[19]_A_ALU[19])
                                                      0.265     6.594 r  fir_Ix/accumulator_reg_reg/DSP_A_B_DATA_INST/A_ALU[19]
                         net (fo=1, routed)           0.000     6.594    fir_Ix/accumulator_reg_reg/DSP_A_B_DATA.A_ALU<19>
    DSP48E2_X4Y64        DSP_ALU (Prop_DSP_ALU_DSP48E2_A_ALU[19]_ALU_OUT[43])
                                                      0.726     7.320 r  fir_Ix/accumulator_reg_reg/DSP_ALU_INST/ALU_OUT[43]
                         net (fo=1, routed)           0.000     7.320    fir_Ix/accumulator_reg_reg/DSP_ALU.ALU_OUT<43>
    DSP48E2_X4Y64        DSP_OUTPUT                                   r  fir_Ix/accumulator_reg_reg/DSP_OUTPUT_INST/ALU_OUT[43]
  -------------------------------------------------------------------    -------------------

                         (clock clk rise edge)        5.000     5.000 r  <hidden>
    E5                                                0.000     5.000 r  clk
                         net (fo=0)                   0.000     5.000    clk_IBUF_inst/I
    E5                   INBUF (Prop_INBUF_HPIOB_M_PAD_O)
                                                      0.274     5.274 r  clk_IBUF_inst/INBUF_INST/O
                         net (fo=1, routed)           0.000     5.274    clk_IBUF_inst/OUT
    E5                   IBUFCTRL (Prop_IBUFCTRL_HPIOB_M_I_O)
                                                      0.000     5.274 r  clk_IBUF_inst/IBUFCTRL_INST/O
                         net (fo=1, routed)           0.360     5.634    clk_IBUF
    BUFGCE_X0Y93         BUFGCE (Prop_BUFCE_BUFGCE_I_O)
                                                      0.039     5.673 r  clk_IBUF_BUFG_inst/O
    X0Y2 (CLOCK_ROOT)    net (fo=941, routed)         1.994     7.667    fir_Ix/accumulator_reg_reg/CLK
    DSP48E2_X4Y64        DSP_OUTPUT                                   r  fir_Ix/accumulator_reg_reg/DSP_OUTPUT_INST/CLK
                         clock pessimism              0.534     8.200    <hidden>
                         clock uncertainty           -0.035     8.165    <hidden>
    DSP48E2_X4Y64        DSP_OUTPUT (Setup_DSP_OUTPUT_DSP48E2_CLK_ALU_OUT[43])
                                                      0.014     8.179    fir_Ix/accumulator_reg_reg/DSP_OUTPUT_INST
  -------------------------------------------------------------------
                         required time                          8.179    <hidden>
                         arrival time                          -7.320    <hidden>
  -------------------------------------------------------------------
                         slack                                  0.859    <hidden>

Slack (MET) :             0.859ns  (required time - arrival time)
  Source:                 fir_Ix/partial_sum_reg[3]/DSP_OUTPUT_INST/CLK
                            (rising edge-triggered cell DSP_OUTPUT clocked by clk  {rise@0.000ns fall@2.500ns period=5.000ns})
  Destination:            fir_Ix/accumulator_reg_reg/DSP_OUTPUT_INST/ALU_OUT[44]
                            (rising edge-triggered cell DSP_OUTPUT clocked by clk  {rise@0.000ns fall@2.500ns period=5.000ns})
  Path Group:             clk
  Path Type:              Setup (Max at Slow Process Corner)
  Requirement:            5.000ns  (clk rise@5.000ns - clk rise@0.000ns)
  Data Path Delay:        4.053ns  (logic 2.334ns (57.586%)  route 1.719ns (42.414%))
  Logic Levels:           5  (DSP_A_B_DATA=1 DSP_ALU=2 DSP_C_DATA=1 DSP_OUTPUT=1)
  Clock Path Skew:        -0.067ns (DCD - SCD + CPR)
    Destination Clock Delay (DCD):    2.667ns = ( 7.667 - 5.000 ) 
    Source Clock Delay      (SCD):    3.267ns
    Clock Pessimism Removal (CPR):    0.534ns
  Clock Uncertainty:      0.035ns  ((TSJ^2 + TIJ^2)^1/2 + DJ) / 2 + PE
    Total System Jitter     (TSJ):    0.071ns
    Total Input Jitter      (TIJ):    0.000ns
    Discrete Jitter          (DJ):    0.000ns
    Phase Error              (PE):    0.000ns
  Clock Net Delay (Source):      2.239ns (routing 1.131ns, distribution 1.108ns)
  Clock Net Delay (Destination): 1.994ns (routing 1.039ns, distribution 0.955ns)

    Location             Delay type                Incr(ns)  Path(ns)    Netlist Resource(s)
  -------------------------------------------------------------------    -------------------
                         (clock clk rise edge)        0.000     0.000 r  <hidden>
    E5                                                0.000     0.000 r  clk
                         net (fo=0)                   0.000     0.000    clk_IBUF_inst/I
    E5                   INBUF (Prop_INBUF_HPIOB_M_PAD_O)
                                                      0.524     0.524 r  clk_IBUF_inst/INBUF_INST/O
                         net (fo=1, routed)           0.000     0.524    clk_IBUF_inst/OUT
    E5                   IBUFCTRL (Prop_IBUFCTRL_HPIOB_M_I_O)
                                                      0.000     0.524 r  clk_IBUF_inst/IBUFCTRL_INST/O
                         net (fo=1, routed)           0.460     0.984    clk_IBUF
    BUFGCE_X0Y93         BUFGCE (Prop_BUFCE_BUFGCE_I_O)
                                                      0.044     1.028 r  clk_IBUF_BUFG_inst/O
    X0Y2 (CLOCK_ROOT)    net (fo=941, routed)         2.239     3.267    fir_Ix/partial_sum_reg[3]/CLK
    DSP48E2_X4Y68        DSP_OUTPUT                                   r  fir_Ix/partial_sum_reg[3]/DSP_OUTPUT_INST/CLK
  -------------------------------------------------------------------    -------------------
    DSP48E2_X4Y68        DSP_OUTPUT (Prop_DSP_OUTPUT_DSP48E2_CLK_P[23])
                                                      0.276     3.543 r  fir_Ix/partial_sum_reg[3]/DSP_OUTPUT_INST/P[23]
                         net (fo=25, routed)          0.809     4.352    fir_Ix/accumulator_reg0/C[23]
    DSP48E2_X5Y66        DSP_C_DATA (Prop_DSP_C_DATA_DSP48E2_C[23]_C_DATA[23])
                                                      0.135     4.487 r  fir_Ix/accumulator_reg0/DSP_C_DATA_INST/C_DATA[23]
                         net (fo=2, routed)           0.000     4.487    fir_Ix/accumulator_reg0/DSP_C_DATA.C_DATA<23>
    DSP48E2_X5Y66        DSP_ALU (Prop_DSP_ALU_DSP48E2_C_DATA[23]_ALU_OUT[23])
                                                      0.786     5.273 r  fir_Ix/accumulator_reg0/DSP_ALU_INST/ALU_OUT[23]
                         net (fo=1, routed)           0.000     5.273    fir_Ix/accumulator_reg0/DSP_ALU.ALU_OUT<23>
    DSP48E2_X5Y66        DSP_OUTPUT (Prop_DSP_OUTPUT_DSP48E2_ALU_OUT[23]_P[23])
                                                      0.146     5.419 f  fir_Ix/accumulator_reg0/DSP_OUTPUT_INST/P[23]
                         net (fo=25, routed)          0.910     6.329    fir_Ix/accumulator_reg_reg/A[19]
    DSP48E2_X4Y64        DSP_A_B_DATA (Prop_DSP_A_B_DATA_DSP48E2_A[19]_A_ALU[19])
                                                      0.265     6.594 r  fir_Ix/accumulator_reg_reg/DSP_A_B_DATA_INST/A_ALU[19]
                         net (fo=1, routed)           0.000     6.594    fir_Ix/accumulator_reg_reg/DSP_A_B_DATA.A_ALU<19>
    DSP48E2_X4Y64        DSP_ALU (Prop_DSP_ALU_DSP48E2_A_ALU[19]_ALU_OUT[44])
                                                      0.726     7.320 r  fir_Ix/accumulator_reg_reg/DSP_ALU_INST/ALU_OUT[44]
                         net (fo=1, routed)           0.000     7.320    fir_Ix/accumulator_reg_reg/DSP_ALU.ALU_OUT<44>
    DSP48E2_X4Y64        DSP_OUTPUT                                   r  fir_Ix/accumulator_reg_reg/DSP_OUTPUT_INST/ALU_OUT[44]
  -------------------------------------------------------------------    -------------------

                         (clock clk rise edge)        5.000     5.000 r  <hidden>
    E5                                                0.000     5.000 r  clk
                         net (fo=0)                   0.000     5.000    clk_IBUF_inst/I
    E5                   INBUF (Prop_INBUF_HPIOB_M_PAD_O)
                                                      0.274     5.274 r  clk_IBUF_inst/INBUF_INST/O
                         net (fo=1, routed)           0.000     5.274    clk_IBUF_inst/OUT
    E5                   IBUFCTRL (Prop_IBUFCTRL_HPIOB_M_I_O)
                                                      0.000     5.274 r  clk_IBUF_inst/IBUFCTRL_INST/O
                         net (fo=1, routed)           0.360     5.634    clk_IBUF
    BUFGCE_X0Y93         BUFGCE (Prop_BUFCE_BUFGCE_I_O)
                                                      0.039     5.673 r  clk_IBUF_BUFG_inst/O
    X0Y2 (CLOCK_ROOT)    net (fo=941, routed)         1.994     7.667    fir_Ix/accumulator_reg_reg/CLK
    DSP48E2_X4Y64        DSP_OUTPUT                                   r  fir_Ix/accumulator_reg_reg/DSP_OUTPUT_INST/CLK
                         clock pessimism              0.534     8.200    <hidden>
                         clock uncertainty           -0.035     8.165    <hidden>
    DSP48E2_X4Y64        DSP_OUTPUT (Setup_DSP_OUTPUT_DSP48E2_CLK_ALU_OUT[44])
                                                      0.014     8.179    fir_Ix/accumulator_reg_reg/DSP_OUTPUT_INST
  -------------------------------------------------------------------
                         required time                          8.179    <hidden>
                         arrival time                          -7.320    <hidden>
  -------------------------------------------------------------------
                         slack                                  0.859    <hidden>

Slack (MET) :             0.859ns  (required time - arrival time)
  Source:                 fir_Ix/partial_sum_reg[3]/DSP_OUTPUT_INST/CLK
                            (rising edge-triggered cell DSP_OUTPUT clocked by clk  {rise@0.000ns fall@2.500ns period=5.000ns})
  Destination:            fir_Ix/accumulator_reg_reg/DSP_OUTPUT_INST/ALU_OUT[45]
                            (rising edge-triggered cell DSP_OUTPUT clocked by clk  {rise@0.000ns fall@2.500ns period=5.000ns})
  Path Group:             clk
  Path Type:              Setup (Max at Slow Process Corner)
  Requirement:            5.000ns  (clk rise@5.000ns - clk rise@0.000ns)
  Data Path Delay:        4.053ns  (logic 2.334ns (57.586%)  route 1.719ns (42.414%))
  Logic Levels:           5  (DSP_A_B_DATA=1 DSP_ALU=2 DSP_C_DATA=1 DSP_OUTPUT=1)
  Clock Path Skew:        -0.067ns (DCD - SCD + CPR)
    Destination Clock Delay (DCD):    2.667ns = ( 7.667 - 5.000 ) 
    Source Clock Delay      (SCD):    3.267ns
    Clock Pessimism Removal (CPR):    0.534ns
  Clock Uncertainty:      0.035ns  ((TSJ^2 + TIJ^2)^1/2 + DJ) / 2 + PE
    Total System Jitter     (TSJ):    0.071ns
    Total Input Jitter      (TIJ):    0.000ns
    Discrete Jitter          (DJ):    0.000ns
    Phase Error              (PE):    0.000ns
  Clock Net Delay (Source):      2.239ns (routing 1.131ns, distribution 1.108ns)
  Clock Net Delay (Destination): 1.994ns (routing 1.039ns, distribution 0.955ns)

    Location             Delay type                Incr(ns)  Path(ns)    Netlist Resource(s)
  -------------------------------------------------------------------    -------------------
                         (clock clk rise edge)        0.000     0.000 r  <hidden>
    E5                                                0.000     0.000 r  clk
                         net (fo=0)                   0.000     0.000    clk_IBUF_inst/I
    E5                   INBUF (Prop_INBUF_HPIOB_M_PAD_O)
                                                      0.524     0.524 r  clk_IBUF_inst/INBUF_INST/O
                         net (fo=1, routed)           0.000     0.524    clk_IBUF_inst/OUT
    E5                   IBUFCTRL (Prop_IBUFCTRL_HPIOB_M_I_O)
                                                      0.000     0.524 r  clk_IBUF_inst/IBUFCTRL_INST/O
                         net (fo=1, routed)           0.460     0.984    clk_IBUF
    BUFGCE_X0Y93         BUFGCE (Prop_BUFCE_BUFGCE_I_O)
                                                      0.044     1.028 r  clk_IBUF_BUFG_inst/O
    X0Y2 (CLOCK_ROOT)    net (fo=941, routed)         2.239     3.267    fir_Ix/partial_sum_reg[3]/CLK
    DSP48E2_X4Y68        DSP_OUTPUT                                   r  fir_Ix/partial_sum_reg[3]/DSP_OUTPUT_INST/CLK
  -------------------------------------------------------------------    -------------------
    DSP48E2_X4Y68        DSP_OUTPUT (Prop_DSP_OUTPUT_DSP48E2_CLK_P[23])
                                                      0.276     3.543 r  fir_Ix/partial_sum_reg[3]/DSP_OUTPUT_INST/P[23]
                         net (fo=25, routed)          0.809     4.352    fir_Ix/accumulator_reg0/C[23]
    DSP48E2_X5Y66        DSP_C_DATA (Prop_DSP_C_DATA_DSP48E2_C[23]_C_DATA[23])
                                                      0.135     4.487 r  fir_Ix/accumulator_reg0/DSP_C_DATA_INST/C_DATA[23]
                         net (fo=2, routed)           0.000     4.487    fir_Ix/accumulator_reg0/DSP_C_DATA.C_DATA<23>
    DSP48E2_X5Y66        DSP_ALU (Prop_DSP_ALU_DSP48E2_C_DATA[23]_ALU_OUT[23])
                                                      0.786     5.273 r  fir_Ix/accumulator_reg0/DSP_ALU_INST/ALU_OUT[23]
                         net (fo=1, routed)           0.000     5.273    fir_Ix/accumulator_reg0/DSP_ALU.ALU_OUT<23>
    DSP48E2_X5Y66        DSP_OUTPUT (Prop_DSP_OUTPUT_DSP48E2_ALU_OUT[23]_P[23])
                                                      0.146     5.419 f  fir_Ix/accumulator_reg0/DSP_OUTPUT_INST/P[23]
                         net (fo=25, routed)          0.910     6.329    fir_Ix/accumulator_reg_reg/A[19]
    DSP48E2_X4Y64        DSP_A_B_DATA (Prop_DSP_A_B_DATA_DSP48E2_A[19]_A_ALU[19])
                                                      0.265     6.594 r  fir_Ix/accumulator_reg_reg/DSP_A_B_DATA_INST/A_ALU[19]
                         net (fo=1, routed)           0.000     6.594    fir_Ix/accumulator_reg_reg/DSP_A_B_DATA.A_ALU<19>
    DSP48E2_X4Y64        DSP_ALU (Prop_DSP_ALU_DSP48E2_A_ALU[19]_ALU_OUT[45])
                                                      0.726     7.320 r  fir_Ix/accumulator_reg_reg/DSP_ALU_INST/ALU_OUT[45]
                         net (fo=1, routed)           0.000     7.320    fir_Ix/accumulator_reg_reg/DSP_ALU.ALU_OUT<45>
    DSP48E2_X4Y64        DSP_OUTPUT                                   r  fir_Ix/accumulator_reg_reg/DSP_OUTPUT_INST/ALU_OUT[45]
  -------------------------------------------------------------------    -------------------

                         (clock clk rise edge)        5.000     5.000 r  <hidden>
    E5                                                0.000     5.000 r  clk
                         net (fo=0)                   0.000     5.000    clk_IBUF_inst/I
    E5                   INBUF (Prop_INBUF_HPIOB_M_PAD_O)
                                                      0.274     5.274 r  clk_IBUF_inst/INBUF_INST/O
                         net (fo=1, routed)           0.000     5.274    clk_IBUF_inst/OUT
    E5                   IBUFCTRL (Prop_IBUFCTRL_HPIOB_M_I_O)
                                                      0.000     5.274 r  clk_IBUF_inst/IBUFCTRL_INST/O
                         net (fo=1, routed)           0.360     5.634    clk_IBUF
    BUFGCE_X0Y93         BUFGCE (Prop_BUFCE_BUFGCE_I_O)
                                                      0.039     5.673 r  clk_IBUF_BUFG_inst/O
    X0Y2 (CLOCK_ROOT)    net (fo=941, routed)         1.994     7.667    fir_Ix/accumulator_reg_reg/CLK
    DSP48E2_X4Y64        DSP_OUTPUT                                   r  fir_Ix/accumulator_reg_reg/DSP_OUTPUT_INST/CLK
                         clock pessimism              0.534     8.200    <hidden>
                         clock uncertainty           -0.035     8.165    <hidden>
    DSP48E2_X4Y64        DSP_OUTPUT (Setup_DSP_OUTPUT_DSP48E2_CLK_ALU_OUT[45])
                                                      0.014     8.179    fir_Ix/accumulator_reg_reg/DSP_OUTPUT_INST
  -------------------------------------------------------------------
                         required time                          8.179    <hidden>
                         arrival time                          -7.320    <hidden>
  -------------------------------------------------------------------
                         slack                                  0.859    <hidden>

Slack (MET) :             0.859ns  (required time - arrival time)
  Source:                 fir_Ix/partial_sum_reg[3]/DSP_OUTPUT_INST/CLK
                            (rising edge-triggered cell DSP_OUTPUT clocked by clk  {rise@0.000ns fall@2.500ns period=5.000ns})
  Destination:            fir_Ix/accumulator_reg_reg/DSP_OUTPUT_INST/ALU_OUT[46]
                            (rising edge-triggered cell DSP_OUTPUT clocked by clk  {rise@0.000ns fall@2.500ns period=5.000ns})
  Path Group:             clk
  Path Type:              Setup (Max at Slow Process Corner)
  Requirement:            5.000ns  (clk rise@5.000ns - clk rise@0.000ns)
  Data Path Delay:        4.053ns  (logic 2.334ns (57.586%)  route 1.719ns (42.414%))
  Logic Levels:           5  (DSP_A_B_DATA=1 DSP_ALU=2 DSP_C_DATA=1 DSP_OUTPUT=1)
  Clock Path Skew:        -0.067ns (DCD - SCD + CPR)
    Destination Clock Delay (DCD):    2.667ns = ( 7.667 - 5.000 ) 
    Source Clock Delay      (SCD):    3.267ns
    Clock Pessimism Removal (CPR):    0.534ns
  Clock Uncertainty:      0.035ns  ((TSJ^2 + TIJ^2)^1/2 + DJ) / 2 + PE
    Total System Jitter     (TSJ):    0.071ns
    Total Input Jitter      (TIJ):    0.000ns
    Discrete Jitter          (DJ):    0.000ns
    Phase Error              (PE):    0.000ns
  Clock Net Delay (Source):      2.239ns (routing 1.131ns, distribution 1.108ns)
  Clock Net Delay (Destination): 1.994ns (routing 1.039ns, distribution 0.955ns)

    Location             Delay type                Incr(ns)  Path(ns)    Netlist Resource(s)
  -------------------------------------------------------------------    -------------------
                         (clock clk rise edge)        0.000     0.000 r  <hidden>
    E5                                                0.000     0.000 r  clk
                         net (fo=0)                   0.000     0.000    clk_IBUF_inst/I
    E5                   INBUF (Prop_INBUF_HPIOB_M_PAD_O)
                                                      0.524     0.524 r  clk_IBUF_inst/INBUF_INST/O
                         net (fo=1, routed)           0.000     0.524    clk_IBUF_inst/OUT
    E5                   IBUFCTRL (Prop_IBUFCTRL_HPIOB_M_I_O)
                                                      0.000     0.524 r  clk_IBUF_inst/IBUFCTRL_INST/O
                         net (fo=1, routed)           0.460     0.984    clk_IBUF
    BUFGCE_X0Y93         BUFGCE (Prop_BUFCE_BUFGCE_I_O)
                                                      0.044     1.028 r  clk_IBUF_BUFG_inst/O
    X0Y2 (CLOCK_ROOT)    net (fo=941, routed)         2.239     3.267    fir_Ix/partial_sum_reg[3]/CLK
    DSP48E2_X4Y68        DSP_OUTPUT                                   r  fir_Ix/partial_sum_reg[3]/DSP_OUTPUT_INST/CLK
  -------------------------------------------------------------------    -------------------
    DSP48E2_X4Y68        DSP_OUTPUT (Prop_DSP_OUTPUT_DSP48E2_CLK_P[23])
                                                      0.276     3.543 r  fir_Ix/partial_sum_reg[3]/DSP_OUTPUT_INST/P[23]
                         net (fo=25, routed)          0.809     4.352    fir_Ix/accumulator_reg0/C[23]
    DSP48E2_X5Y66        DSP_C_DATA (Prop_DSP_C_DATA_DSP48E2_C[23]_C_DATA[23])
                                                      0.135     4.487 r  fir_Ix/accumulator_reg0/DSP_C_DATA_INST/C_DATA[23]
                         net (fo=2, routed)           0.000     4.487    fir_Ix/accumulator_reg0/DSP_C_DATA.C_DATA<23>
    DSP48E2_X5Y66        DSP_ALU (Prop_DSP_ALU_DSP48E2_C_DATA[23]_ALU_OUT[23])
                                                      0.786     5.273 r  fir_Ix/accumulator_reg0/DSP_ALU_INST/ALU_OUT[23]
                         net (fo=1, routed)           0.000     5.273    fir_Ix/accumulator_reg0/DSP_ALU.ALU_OUT<23>
    DSP48E2_X5Y66        DSP_OUTPUT (Prop_DSP_OUTPUT_DSP48E2_ALU_OUT[23]_P[23])
                                                      0.146     5.419 f  fir_Ix/accumulator_reg0/DSP_OUTPUT_INST/P[23]
                         net (fo=25, routed)          0.910     6.329    fir_Ix/accumulator_reg_reg/A[19]
    DSP48E2_X4Y64        DSP_A_B_DATA (Prop_DSP_A_B_DATA_DSP48E2_A[19]_A_ALU[19])
                                                      0.265     6.594 r  fir_Ix/accumulator_reg_reg/DSP_A_B_DATA_INST/A_ALU[19]
                         net (fo=1, routed)           0.000     6.594    fir_Ix/accumulator_reg_reg/DSP_A_B_DATA.A_ALU<19>
    DSP48E2_X4Y64        DSP_ALU (Prop_DSP_ALU_DSP48E2_A_ALU[19]_ALU_OUT[46])
                                                      0.726     7.320 r  fir_Ix/accumulator_reg_reg/DSP_ALU_INST/ALU_OUT[46]
                         net (fo=1, routed)           0.000     7.320    fir_Ix/accumulator_reg_reg/DSP_ALU.ALU_OUT<46>
    DSP48E2_X4Y64        DSP_OUTPUT                                   r  fir_Ix/accumulator_reg_reg/DSP_OUTPUT_INST/ALU_OUT[46]
  -------------------------------------------------------------------    -------------------

                         (clock clk rise edge)        5.000     5.000 r  <hidden>
    E5                                                0.000     5.000 r  clk
                         net (fo=0)                   0.000     5.000    clk_IBUF_inst/I
    E5                   INBUF (Prop_INBUF_HPIOB_M_PAD_O)
                                                      0.274     5.274 r  clk_IBUF_inst/INBUF_INST/O
                         net (fo=1, routed)           0.000     5.274    clk_IBUF_inst/OUT
    E5                   IBUFCTRL (Prop_IBUFCTRL_HPIOB_M_I_O)
                                                      0.000     5.274 r  clk_IBUF_inst/IBUFCTRL_INST/O
                         net (fo=1, routed)           0.360     5.634    clk_IBUF
    BUFGCE_X0Y93         BUFGCE (Prop_BUFCE_BUFGCE_I_O)
                                                      0.039     5.673 r  clk_IBUF_BUFG_inst/O
    X0Y2 (CLOCK_ROOT)    net (fo=941, routed)         1.994     7.667    fir_Ix/accumulator_reg_reg/CLK
    DSP48E2_X4Y64        DSP_OUTPUT                                   r  fir_Ix/accumulator_reg_reg/DSP_OUTPUT_INST/CLK
                         clock pessimism              0.534     8.200    <hidden>
                         clock uncertainty           -0.035     8.165    <hidden>
    DSP48E2_X4Y64        DSP_OUTPUT (Setup_DSP_OUTPUT_DSP48E2_CLK_ALU_OUT[46])
                                                      0.014     8.179    fir_Ix/accumulator_reg_reg/DSP_OUTPUT_INST
  -------------------------------------------------------------------
                         required time                          8.179    <hidden>
                         arrival time                          -7.320    <hidden>
  -------------------------------------------------------------------
                         slack                                  0.859    <hidden>





Min Delay Paths
--------------------------------------------------------------------------------------
Slack (MET) :             0.033ns  (arrival time - required time)
  Source:                 fir_Qy/shift_reg_reg[3][6]/C
                            (rising edge-triggered cell FDRE clocked by clk  {rise@0.000ns fall@2.500ns period=5.000ns})
  Destination:            fir_Qy/shift_reg_reg[4][6]/D
                            (rising edge-triggered cell FDRE clocked by clk  {rise@0.000ns fall@2.500ns period=5.000ns})
  Path Group:             clk
  Path Type:              Hold (Min at Slow Process Corner)
  Requirement:            0.000ns  (clk rise@0.000ns - clk rise@0.000ns)
  Data Path Delay:        0.231ns  (logic 0.112ns (48.421%)  route 0.119ns (51.579%))
  Logic Levels:           0  
  Clock Path Skew:        0.096ns (DCD - SCD - CPR)
    Destination Clock Delay (DCD):    3.244ns
    Source Clock Delay      (SCD):    2.669ns
    Clock Pessimism Removal (CPR):    0.479ns
  Clock Net Delay (Source):      1.996ns (routing 1.039ns, distribution 0.957ns)
  Clock Net Delay (Destination): 2.216ns (routing 1.131ns, distribution 1.085ns)

    Location             Delay type                Incr(ns)  Path(ns)    Netlist Resource(s)
  -------------------------------------------------------------------    -------------------
                         (clock clk rise edge)        0.000     0.000 r  <hidden>
    E5                                                0.000     0.000 r  clk
                         net (fo=0)                   0.000     0.000    clk_IBUF_inst/I
    E5                   INBUF (Prop_INBUF_HPIOB_M_PAD_O)
                                                      0.274     0.274 r  clk_IBUF_inst/INBUF_INST/O
                         net (fo=1, routed)           0.000     0.274    clk_IBUF_inst/OUT
    E5                   IBUFCTRL (Prop_IBUFCTRL_HPIOB_M_I_O)
                                                      0.000     0.274 r  clk_IBUF_inst/IBUFCTRL_INST/O
                         net (fo=1, routed)           0.360     0.634    clk_IBUF
    BUFGCE_X0Y93         BUFGCE (Prop_BUFCE_BUFGCE_I_O)
                                                      0.039     0.673 r  clk_IBUF_BUFG_inst/O
    X0Y2 (CLOCK_ROOT)    net (fo=941, routed)         1.996     2.669    fir_Qy/CLK
    SLICE_X21Y134        FDRE                                         r  fir_Qy/shift_reg_reg[3][6]/C
  -------------------------------------------------------------------    -------------------
    SLICE_X21Y134        FDRE (Prop_GFF_SLICEM_C_Q)
                                                      0.112     2.781 r  fir_Qy/shift_reg_reg[3][6]/Q
                         net (fo=2, routed)           0.119     2.900    fir_Qy/shift_reg_reg[3]_1[6]
    SLICE_X20Y134        FDRE                                         r  fir_Qy/shift_reg_reg[4][6]/D
  -------------------------------------------------------------------    -------------------

                         (clock clk rise edge)        0.000     0.000 r  <hidden>
    E5                                                0.000     0.000 r  clk
                         net (fo=0)                   0.000     0.000    clk_IBUF_inst/I
    E5                   INBUF (Prop_INBUF_HPIOB_M_PAD_O)
                                                      0.524     0.524 r  clk_IBUF_inst/INBUF_INST/O
                         net (fo=1, routed)           0.000     0.524    clk_IBUF_inst/OUT
    E5                   IBUFCTRL (Prop_IBUFCTRL_HPIOB_M_I_O)
                                                      0.000     0.524 r  clk_IBUF_inst/IBUFCTRL_INST/O
                         net (fo=1, routed)           0.460     0.984    clk_IBUF
    BUFGCE_X0Y93         BUFGCE (Prop_BUFCE_BUFGCE_I_O)
                                                      0.044     1.028 r  clk_IBUF_BUFG_inst/O
    X0Y2 (CLOCK_ROOT)    net (fo=941, routed)         2.216     3.244    fir_Qy/CLK
    SLICE_X20Y134        FDRE                                         r  fir_Qy/shift_reg_reg[4][6]/C
                         clock pessimism             -0.479     2.765    <hidden>
    SLICE_X20Y134        FDRE (Hold_CFF2_SLICEM_C_D)
                                                      0.102     2.867    fir_Qy/shift_reg_reg[4][6]
  -------------------------------------------------------------------
                         required time                         -2.867    <hidden>
                         arrival time                           2.900    <hidden>
  -------------------------------------------------------------------
                         slack                                  0.033    <hidden>

Slack (MET) :             0.038ns  (arrival time - required time)
  Source:                 fir_Ix/shift_reg_reg[10][2]/C
                            (rising edge-triggered cell FDRE clocked by clk  {rise@0.000ns fall@2.500ns period=5.000ns})
  Destination:            fir_Ix/shift_reg_reg[11][2]/D
                            (rising edge-triggered cell FDRE clocked by clk  {rise@0.000ns fall@2.500ns period=5.000ns})
  Path Group:             clk
  Path Type:              Hold (Min at Slow Process Corner)
  Requirement:            0.000ns  (clk rise@0.000ns - clk rise@0.000ns)
  Data Path Delay:        0.193ns  (logic 0.112ns (57.940%)  route 0.081ns (42.060%))
  Logic Levels:           0  
  Clock Path Skew:        0.054ns (DCD - SCD - CPR)
    Destination Clock Delay (DCD):    3.257ns
    Source Clock Delay      (SCD):    2.661ns
    Clock Pessimism Removal (CPR):    0.543ns
  Clock Net Delay (Source):      1.988ns (routing 1.039ns, distribution 0.949ns)
  Clock Net Delay (Destination): 2.230ns (routing 1.131ns, distribution 1.099ns)

    Location             Delay type                Incr(ns)  Path(ns)    Netlist Resource(s)
  -------------------------------------------------------------------    -------------------
                         (clock clk rise edge)        0.000     0.000 r  <hidden>
    E5                                                0.000     0.000 r  clk
                         net (fo=0)                   0.000     0.000    clk_IBUF_inst/I
    E5                   INBUF (Prop_INBUF_HPIOB_M_PAD_O)
                                                      0.274     0.274 r  clk_IBUF_inst/INBUF_INST/O
                         net (fo=1, routed)           0.000     0.274    clk_IBUF_inst/OUT
    E5                   IBUFCTRL (Prop_IBUFCTRL_HPIOB_M_I_O)
                                                      0.000     0.274 r  clk_IBUF_inst/IBUFCTRL_INST/O
                         net (fo=1, routed)           0.360     0.634    clk_IBUF
    BUFGCE_X0Y93         BUFGCE (Prop_BUFCE_BUFGCE_I_O)
                                                      0.039     0.673 r  clk_IBUF_BUFG_inst/O
    X0Y2 (CLOCK_ROOT)    net (fo=941, routed)         1.988     2.661    fir_Ix/CLK
    SLICE_X19Y161        FDRE                                         r  fir_Ix/shift_reg_reg[10][2]/C
  -------------------------------------------------------------------    -------------------
    SLICE_X19Y161        FDRE (Prop_AFF_SLICEL_C_Q)
                                                      0.112     2.773 r  fir_Ix/shift_reg_reg[10][2]/Q
                         net (fo=2, routed)           0.081     2.854    fir_Ix/shift_reg_reg[10][7]_0[2]
    SLICE_X19Y161        FDRE                                         r  fir_Ix/shift_reg_reg[11][2]/D
  -------------------------------------------------------------------    -------------------

                         (clock clk rise edge)        0.000     0.000 r  <hidden>
    E5                                                0.000     0.000 r  clk
                         net (fo=0)                   0.000     0.000    clk_IBUF_inst/I
    E5                   INBUF (Prop_INBUF_HPIOB_M_PAD_O)
                                                      0.524     0.524 r  clk_IBUF_inst/INBUF_INST/O
                         net (fo=1, routed)           0.000     0.524    clk_IBUF_inst/OUT
    E5                   IBUFCTRL (Prop_IBUFCTRL_HPIOB_M_I_O)
                                                      0.000     0.524 r  clk_IBUF_inst/IBUFCTRL_INST/O
                         net (fo=1, routed)           0.460     0.984    clk_IBUF
    BUFGCE_X0Y93         BUFGCE (Prop_BUFCE_BUFGCE_I_O)
                                                      0.044     1.028 r  clk_IBUF_BUFG_inst/O
    X0Y2 (CLOCK_ROOT)    net (fo=941, routed)         2.230     3.257    fir_Ix/CLK
    SLICE_X19Y161        FDRE                                         r  fir_Ix/shift_reg_reg[11][2]/C
                         clock pessimism             -0.543     2.715    <hidden>
    SLICE_X19Y161        FDRE (Hold_FFF_SLICEL_C_D)
                                                      0.101     2.816    fir_Ix/shift_reg_reg[11][2]
  -------------------------------------------------------------------
                         required time                         -2.816    <hidden>
                         arrival time                           2.854    <hidden>
  -------------------------------------------------------------------
                         slack                                  0.038    <hidden>

Slack (MET) :             0.042ns  (arrival time - required time)
  Source:                 fir_Qx/shift_reg_reg[6][2]/C
                            (rising edge-triggered cell FDRE clocked by clk  {rise@0.000ns fall@2.500ns period=5.000ns})
  Destination:            fir_Qx/shift_reg_reg[7][2]/D
                            (rising edge-triggered cell FDRE clocked by clk  {rise@0.000ns fall@2.500ns period=5.000ns})
  Path Group:             clk
  Path Type:              Hold (Min at Slow Process Corner)
  Requirement:            0.000ns  (clk rise@0.000ns - clk rise@0.000ns)
  Data Path Delay:        0.244ns  (logic 0.112ns (45.808%)  route 0.132ns (54.192%))
  Logic Levels:           0  
  Clock Path Skew:        0.101ns (DCD - SCD - CPR)
    Destination Clock Delay (DCD):    3.387ns
    Source Clock Delay      (SCD):    2.801ns
    Clock Pessimism Removal (CPR):    0.485ns
  Clock Net Delay (Source):      2.128ns (routing 1.039ns, distribution 1.089ns)
  Clock Net Delay (Destination): 2.359ns (routing 1.131ns, distribution 1.228ns)

    Location             Delay type                Incr(ns)  Path(ns)    Netlist Resource(s)
  -------------------------------------------------------------------    -------------------
                         (clock clk rise edge)        0.000     0.000 r  <hidden>
    E5                                                0.000     0.000 r  clk
                         net (fo=0)                   0.000     0.000    clk_IBUF_inst/I
    E5                   INBUF (Prop_INBUF_HPIOB_M_PAD_O)
                                                      0.274     0.274 r  clk_IBUF_inst/INBUF_INST/O
                         net (fo=1, routed)           0.000     0.274    clk_IBUF_inst/OUT
    E5                   IBUFCTRL (Prop_IBUFCTRL_HPIOB_M_I_O)
                                                      0.000     0.274 r  clk_IBUF_inst/IBUFCTRL_INST/O
                         net (fo=1, routed)           0.360     0.634    clk_IBUF
    BUFGCE_X0Y93         BUFGCE (Prop_BUFCE_BUFGCE_I_O)
                                                      0.039     0.673 r  clk_IBUF_BUFG_inst/O
    X0Y2 (CLOCK_ROOT)    net (fo=941, routed)         2.128     2.801    fir_Qx/CLK
    SLICE_X29Y133        FDRE                                         r  fir_Qx/shift_reg_reg[6][2]/C
  -------------------------------------------------------------------    -------------------
    SLICE_X29Y133        FDRE (Prop_DFF_SLICEM_C_Q)
                                                      0.112     2.913 r  fir_Qx/shift_reg_reg[6][2]/Q
                         net (fo=2, routed)           0.132     3.045    fir_Qx/shift_reg_reg[6]_3[2]
    SLICE_X31Y133        FDRE                                         r  fir_Qx/shift_reg_reg[7][2]/D
  -------------------------------------------------------------------    -------------------

                         (clock clk rise edge)        0.000     0.000 r  <hidden>
    E5                                                0.000     0.000 r  clk
                         net (fo=0)                   0.000     0.000    clk_IBUF_inst/I
    E5                   INBUF (Prop_INBUF_HPIOB_M_PAD_O)
                                                      0.524     0.524 r  clk_IBUF_inst/INBUF_INST/O
                         net (fo=1, routed)           0.000     0.524    clk_IBUF_inst/OUT
    E5                   IBUFCTRL (Prop_IBUFCTRL_HPIOB_M_I_O)
                                                      0.000     0.524 r  clk_IBUF_inst/IBUFCTRL_INST/O
                         net (fo=1, routed)           0.460     0.984    clk_IBUF
    BUFGCE_X0Y93         BUFGCE (Prop_BUFCE_BUFGCE_I_O)
                                                      0.044     1.028 r  clk_IBUF_BUFG_inst/O
    X0Y2 (CLOCK_ROOT)    net (fo=941, routed)         2.359     3.387    fir_Qx/CLK
    SLICE_X31Y133        FDRE                                         r  fir_Qx/shift_reg_reg[7][2]/C
                         clock pessimism             -0.485     2.902    <hidden>
    SLICE_X31Y133        FDRE (Hold_EFF_SLICEM_C_D)
                                                      0.101     3.003    fir_Qx/shift_reg_reg[7][2]
  -------------------------------------------------------------------
                         required time                         -3.003    <hidden>
                         arrival time                           3.045    <hidden>
  -------------------------------------------------------------------
                         slack                                  0.042    <hidden>

Slack (MET) :             0.049ns  (arrival time - required time)
  Source:                 fir_Qy/shift_reg_reg[7][3]/C
                            (rising edge-triggered cell FDRE clocked by clk  {rise@0.000ns fall@2.500ns period=5.000ns})
  Destination:            fir_Qy/shift_reg_reg[8][3]/D
                            (rising edge-triggered cell FDRE clocked by clk  {rise@0.000ns fall@2.500ns period=5.000ns})
  Path Group:             clk
  Path Type:              Hold (Min at Slow Process Corner)
  Requirement:            0.000ns  (clk rise@0.000ns - clk rise@0.000ns)
  Data Path Delay:        0.260ns  (logic 0.112ns (43.064%)  route 0.148ns (56.936%))
  Logic Levels:           0  
  Clock Path Skew:        0.110ns (DCD - SCD - CPR)
    Destination Clock Delay (DCD):    3.243ns
    Source Clock Delay      (SCD):    2.654ns
    Clock Pessimism Removal (CPR):    0.479ns
  Clock Net Delay (Source):      1.981ns (routing 1.039ns, distribution 0.942ns)
  Clock Net Delay (Destination): 2.215ns (routing 1.131ns, distribution 1.084ns)

    Location             Delay type                Incr(ns)  Path(ns)    Netlist Resource(s)
  -------------------------------------------------------------------    -------------------
                         (clock clk rise edge)        0.000     0.000 r  <hidden>
    E5                                                0.000     0.000 r  clk
                         net (fo=0)                   0.000     0.000    clk_IBUF_inst/I
    E5                   INBUF (Prop_INBUF_HPIOB_M_PAD_O)
                                                      0.274     0.274 r  clk_IBUF_inst/INBUF_INST/O
                         net (fo=1, routed)           0.000     0.274    clk_IBUF_inst/OUT
    E5                   IBUFCTRL (Prop_IBUFCTRL_HPIOB_M_I_O)
                                                      0.000     0.274 r  clk_IBUF_inst/IBUFCTRL_INST/O
                         net (fo=1, routed)           0.360     0.634    clk_IBUF
    BUFGCE_X0Y93         BUFGCE (Prop_BUFCE_BUFGCE_I_O)
                                                      0.039     0.673 r  clk_IBUF_BUFG_inst/O
    X0Y2 (CLOCK_ROOT)    net (fo=941, routed)         1.981     2.654    fir_Qy/CLK
    SLICE_X19Y134        FDRE                                         r  fir_Qy/shift_reg_reg[7][3]/C
  -------------------------------------------------------------------    -------------------
    SLICE_X19Y134        FDRE (Prop_EFF_SLICEL_C_Q)
                                                      0.112     2.766 r  fir_Qy/shift_reg_reg[7][3]/Q
                         net (fo=2, routed)           0.148     2.914    fir_Qy/shift_reg_reg[7][7]_0[3]
    SLICE_X20Y134        FDRE                                         r  fir_Qy/shift_reg_reg[8][3]/D
  -------------------------------------------------------------------    -------------------

                         (clock clk rise edge)        0.000     0.000 r  <hidden>
    E5                                                0.000     0.000 r  clk
                         net (fo=0)                   0.000     0.000    clk_IBUF_inst/I
    E5                   INBUF (Prop_INBUF_HPIOB_M_PAD_O)
                                                      0.524     0.524 r  clk_IBUF_inst/INBUF_INST/O
                         net (fo=1, routed)           0.000     0.524    clk_IBUF_inst/OUT
    E5                   IBUFCTRL (Prop_IBUFCTRL_HPIOB_M_I_O)
                                                      0.000     0.524 r  clk_IBUF_inst/IBUFCTRL_INST/O
                         net (fo=1, routed)           0.460     0.984    clk_IBUF
    BUFGCE_X0Y93         BUFGCE (Prop_BUFCE_BUFGCE_I_O)
                                                      0.044     1.028 r  clk_IBUF_BUFG_inst/O
    X0Y2 (CLOCK_ROOT)    net (fo=941, routed)         2.215     3.243    fir_Qy/CLK
    SLICE_X20Y134        FDRE                                         r  fir_Qy/shift_reg_reg[8][3]/C
                         clock pessimism             -0.479     2.764    <hidden>
    SLICE_X20Y134        FDRE (Hold_HFF_SLICEM_C_D)
                                                      0.101     2.865    fir_Qy/shift_reg_reg[8][3]
  -------------------------------------------------------------------
                         required time                         -2.865    <hidden>
                         arrival time                           2.914    <hidden>
  -------------------------------------------------------------------
                         slack                                  0.049    <hidden>

Slack (MET) :             0.050ns  (arrival time - required time)
  Source:                 fir_Ix/shift_reg_reg[8][1]/C
                            (rising edge-triggered cell FDRE clocked by clk  {rise@0.000ns fall@2.500ns period=5.000ns})
  Destination:            fir_Ix/shift_reg_reg[9][1]/D
                            (rising edge-triggered cell FDRE clocked by clk  {rise@0.000ns fall@2.500ns period=5.000ns})
  Path Group:             clk
  Path Type:              Hold (Min at Slow Process Corner)
  Requirement:            0.000ns  (clk rise@0.000ns - clk rise@0.000ns)
  Data Path Delay:        0.207ns  (logic 0.112ns (54.027%)  route 0.095ns (45.973%))
  Logic Levels:           0  
  Clock Path Skew:        0.054ns (DCD - SCD - CPR)
    Destination Clock Delay (DCD):    3.257ns
    Source Clock Delay      (SCD):    2.661ns
    Clock Pessimism Removal (CPR):    0.543ns
  Clock Net Delay (Source):      1.988ns (routing 1.039ns, distribution 0.949ns)
  Clock Net Delay (Destination): 2.230ns (routing 1.131ns, distribution 1.099ns)

    Location             Delay type                Incr(ns)  Path(ns)    Netlist Resource(s)
  -------------------------------------------------------------------    -------------------
                         (clock clk rise edge)        0.000     0.000 r  <hidden>
    E5                                                0.000     0.000 r  clk
                         net (fo=0)                   0.000     0.000    clk_IBUF_inst/I
    E5                   INBUF (Prop_INBUF_HPIOB_M_PAD_O)
                                                      0.274     0.274 r  clk_IBUF_inst/INBUF_INST/O
                         net (fo=1, routed)           0.000     0.274    clk_IBUF_inst/OUT
    E5                   IBUFCTRL (Prop_IBUFCTRL_HPIOB_M_I_O)
                                                      0.000     0.274 r  clk_IBUF_inst/IBUFCTRL_INST/O
                         net (fo=1, routed)           0.360     0.634    clk_IBUF
    BUFGCE_X0Y93         BUFGCE (Prop_BUFCE_BUFGCE_I_O)
                                                      0.039     0.673 r  clk_IBUF_BUFG_inst/O
    X0Y2 (CLOCK_ROOT)    net (fo=941, routed)         1.988     2.661    fir_Ix/CLK
    SLICE_X19Y161        FDRE                                         r  fir_Ix/shift_reg_reg[8][1]/C
  -------------------------------------------------------------------    -------------------
    SLICE_X19Y161        FDRE (Prop_CFF_SLICEL_C_Q)
                                                      0.112     2.773 r  fir_Ix/shift_reg_reg[8][1]/Q
                         net (fo=2, routed)           0.095     2.868    fir_Ix/shift_reg_reg[8]_4[1]
    SLICE_X19Y161        FDRE                                         r  fir_Ix/shift_reg_reg[9][1]/D
  -------------------------------------------------------------------    -------------------

                         (clock clk rise edge)        0.000     0.000 r  <hidden>
    E5                                                0.000     0.000 r  clk
                         net (fo=0)                   0.000     0.000    clk_IBUF_inst/I
    E5                   INBUF (Prop_INBUF_HPIOB_M_PAD_O)
                                                      0.524     0.524 r  clk_IBUF_inst/INBUF_INST/O
                         net (fo=1, routed)           0.000     0.524    clk_IBUF_inst/OUT
    E5                   IBUFCTRL (Prop_IBUFCTRL_HPIOB_M_I_O)
                                                      0.000     0.524 r  clk_IBUF_inst/IBUFCTRL_INST/O
                         net (fo=1, routed)           0.460     0.984    clk_IBUF
    BUFGCE_X0Y93         BUFGCE (Prop_BUFCE_BUFGCE_I_O)
                                                      0.044     1.028 r  clk_IBUF_BUFG_inst/O
    X0Y2 (CLOCK_ROOT)    net (fo=941, routed)         2.230     3.257    fir_Ix/CLK
    SLICE_X19Y161        FDRE                                         r  fir_Ix/shift_reg_reg[9][1]/C
                         clock pessimism             -0.543     2.715    <hidden>
    SLICE_X19Y161        FDRE (Hold_HFF2_SLICEL_C_D)
                                                      0.103     2.818    fir_Ix/shift_reg_reg[9][1]
  -------------------------------------------------------------------
                         required time                         -2.818    <hidden>
                         arrival time                           2.868    <hidden>
  -------------------------------------------------------------------
                         slack                                  0.050    <hidden>

Slack (MET) :             0.055ns  (arrival time - required time)
  Source:                 fir_Qx/shift_reg_reg[6][0]/C
                            (rising edge-triggered cell FDRE clocked by clk  {rise@0.000ns fall@2.500ns period=5.000ns})
  Destination:            fir_Qx/shift_reg_reg[7][0]/D
                            (rising edge-triggered cell FDRE clocked by clk  {rise@0.000ns fall@2.500ns period=5.000ns})
  Path Group:             clk
  Path Type:              Hold (Min at Slow Process Corner)
  Requirement:            0.000ns  (clk rise@0.000ns - clk rise@0.000ns)
  Data Path Delay:        0.239ns  (logic 0.112ns (46.803%)  route 0.127ns (53.197%))
  Logic Levels:           0  
  Clock Path Skew:        0.084ns (DCD - SCD - CPR)
    Destination Clock Delay (DCD):    3.372ns
    Source Clock Delay      (SCD):    2.803ns
    Clock Pessimism Removal (CPR):    0.485ns
  Clock Net Delay (Source):      2.131ns (routing 1.039ns, distribution 1.092ns)
  Clock Net Delay (Destination): 2.344ns (routing 1.131ns, distribution 1.213ns)

    Location             Delay type                Incr(ns)  Path(ns)    Netlist Resource(s)
  -------------------------------------------------------------------    -------------------
                         (clock clk rise edge)        0.000     0.000 r  <hidden>
    E5                                                0.000     0.000 r  clk
                         net (fo=0)                   0.000     0.000    clk_IBUF_inst/I
    E5                   INBUF (Prop_INBUF_HPIOB_M_PAD_O)
                                                      0.274     0.274 r  clk_IBUF_inst/INBUF_INST/O
                         net (fo=1, routed)           0.000     0.274    clk_IBUF_inst/OUT
    E5                   IBUFCTRL (Prop_IBUFCTRL_HPIOB_M_I_O)
                                                      0.000     0.274 r  clk_IBUF_inst/IBUFCTRL_INST/O
                         net (fo=1, routed)           0.360     0.634    clk_IBUF
    BUFGCE_X0Y93         BUFGCE (Prop_BUFCE_BUFGCE_I_O)
                                                      0.039     0.673 r  clk_IBUF_BUFG_inst/O
    X0Y2 (CLOCK_ROOT)    net (fo=941, routed)         2.131     2.803    fir_Qx/CLK
    SLICE_X30Y134        FDRE                                         r  fir_Qx/shift_reg_reg[6][0]/C
  -------------------------------------------------------------------    -------------------
    SLICE_X30Y134        FDRE (Prop_AFF_SLICEL_C_Q)
                                                      0.112     2.915 r  fir_Qx/shift_reg_reg[6][0]/Q
                         net (fo=2, routed)           0.127     3.043    fir_Qx/shift_reg_reg[6]_3[0]
    SLICE_X31Y134        FDRE                                         r  fir_Qx/shift_reg_reg[7][0]/D
  -------------------------------------------------------------------    -------------------

                         (clock clk rise edge)        0.000     0.000 r  <hidden>
    E5                                                0.000     0.000 r  clk
                         net (fo=0)                   0.000     0.000    clk_IBUF_inst/I
    E5                   INBUF (Prop_INBUF_HPIOB_M_PAD_O)
                                                      0.524     0.524 r  clk_IBUF_inst/INBUF_INST/O
                         net (fo=1, routed)           0.000     0.524    clk_IBUF_inst/OUT
    E5                   IBUFCTRL (Prop_IBUFCTRL_HPIOB_M_I_O)
                                                      0.000     0.524 r  clk_IBUF_inst/IBUFCTRL_INST/O
                         net (fo=1, routed)           0.460     0.984    clk_IBUF
    BUFGCE_X0Y93         BUFGCE (Prop_BUFCE_BUFGCE_I_O)
                                                      0.044     1.028 r  clk_IBUF_BUFG_inst/O
    X0Y2 (CLOCK_ROOT)    net (fo=941, routed)         2.344     3.372    fir_Qx/CLK
    SLICE_X31Y134        FDRE                                         r  fir_Qx/shift_reg_reg[7][0]/C
                         clock pessimism             -0.485     2.887    <hidden>
    SLICE_X31Y134        FDRE (Hold_EFF_SLICEM_C_D)
                                                      0.101     2.988    fir_Qx/shift_reg_reg[7][0]
  -------------------------------------------------------------------
                         required time                         -2.988    <hidden>
                         arrival time                           3.043    <hidden>
  -------------------------------------------------------------------
                         slack                                  0.055    <hidden>

Slack (MET) :             0.058ns  (arrival time - required time)
  Source:                 fir_Qy/shift_reg_reg[8][4]/C
                            (rising edge-triggered cell FDRE clocked by clk  {rise@0.000ns fall@2.500ns period=5.000ns})
  Destination:            fir_Qy/shift_reg_reg[9][4]/D
                            (rising edge-triggered cell FDRE clocked by clk  {rise@0.000ns fall@2.500ns period=5.000ns})
  Path Group:             clk
  Path Type:              Hold (Min at Slow Process Corner)
  Requirement:            0.000ns  (clk rise@0.000ns - clk rise@0.000ns)
  Data Path Delay:        0.174ns  (logic 0.112ns (64.256%)  route 0.062ns (35.744%))
  Logic Levels:           0  
  Clock Path Skew:        0.013ns (DCD - SCD - CPR)
    Destination Clock Delay (DCD):    3.265ns
    Source Clock Delay      (SCD):    2.671ns
    Clock Pessimism Removal (CPR):    0.581ns
  Clock Net Delay (Source):      1.999ns (routing 1.039ns, distribution 0.960ns)
  Clock Net Delay (Destination): 2.238ns (routing 1.131ns, distribution 1.107ns)

    Location             Delay type                Incr(ns)  Path(ns)    Netlist Resource(s)
  -------------------------------------------------------------------    -------------------
                         (clock clk rise edge)        0.000     0.000 r  <hidden>
    E5                                                0.000     0.000 r  clk
                         net (fo=0)                   0.000     0.000    clk_IBUF_inst/I
    E5                   INBUF (Prop_INBUF_HPIOB_M_PAD_O)
                                                      0.274     0.274 r  clk_IBUF_inst/INBUF_INST/O
                         net (fo=1, routed)           0.000     0.274    clk_IBUF_inst/OUT
    E5                   IBUFCTRL (Prop_IBUFCTRL_HPIOB_M_I_O)
                                                      0.000     0.274 r  clk_IBUF_inst/IBUFCTRL_INST/O
                         net (fo=1, routed)           0.360     0.634    clk_IBUF
    BUFGCE_X0Y93         BUFGCE (Prop_BUFCE_BUFGCE_I_O)
                                                      0.039     0.673 r  clk_IBUF_BUFG_inst/O
    X0Y2 (CLOCK_ROOT)    net (fo=941, routed)         1.999     2.671    fir_Qy/CLK
    SLICE_X19Y136        FDRE                                         r  fir_Qy/shift_reg_reg[8][4]/C
  -------------------------------------------------------------------    -------------------
    SLICE_X19Y136        FDRE (Prop_HFF_SLICEL_C_Q)
                                                      0.112     2.783 r  fir_Qy/shift_reg_reg[8][4]/Q
                         net (fo=2, routed)           0.062     2.846    fir_Qy/shift_reg_reg[8]_4[4]
    SLICE_X19Y136        FDRE                                         r  fir_Qy/shift_reg_reg[9][4]/D
  -------------------------------------------------------------------    -------------------

                         (clock clk rise edge)        0.000     0.000 r  <hidden>
    E5                                                0.000     0.000 r  clk
                         net (fo=0)                   0.000     0.000    clk_IBUF_inst/I
    E5                   INBUF (Prop_INBUF_HPIOB_M_PAD_O)
                                                      0.524     0.524 r  clk_IBUF_inst/INBUF_INST/O
                         net (fo=1, routed)           0.000     0.524    clk_IBUF_inst/OUT
    E5                   IBUFCTRL (Prop_IBUFCTRL_HPIOB_M_I_O)
                                                      0.000     0.524 r  clk_IBUF_inst/IBUFCTRL_INST/O
                         net (fo=1, routed)           0.460     0.984    clk_IBUF
    BUFGCE_X0Y93         BUFGCE (Prop_BUFCE_BUFGCE_I_O)
                                                      0.044     1.028 r  clk_IBUF_BUFG_inst/O
    X0Y2 (CLOCK_ROOT)    net (fo=941, routed)         2.238     3.265    fir_Qy/CLK
    SLICE_X19Y136        FDRE                                         r  fir_Qy/shift_reg_reg[9][4]/C
                         clock pessimism             -0.581     2.684    <hidden>
    SLICE_X19Y136        FDRE (Hold_HFF2_SLICEL_C_D)
                                                      0.103     2.787    fir_Qy/shift_reg_reg[9][4]
  -------------------------------------------------------------------
                         required time                         -2.787    <hidden>
                         arrival time                           2.846    <hidden>
  -------------------------------------------------------------------
                         slack                                  0.058    <hidden>

Slack (MET) :             0.059ns  (arrival time - required time)
  Source:                 fir_Qx/shift_reg_reg[6][1]/C
                            (rising edge-triggered cell FDRE clocked by clk  {rise@0.000ns fall@2.500ns period=5.000ns})
  Destination:            fir_Qx/shift_reg_reg[7][1]/D
                            (rising edge-triggered cell FDRE clocked by clk  {rise@0.000ns fall@2.500ns period=5.000ns})
  Path Group:             clk
  Path Type:              Hold (Min at Slow Process Corner)
  Requirement:            0.000ns  (clk rise@0.000ns - clk rise@0.000ns)
  Data Path Delay:        0.235ns  (logic 0.113ns (48.023%)  route 0.122ns (51.977%))
  Logic Levels:           0  
  Clock Path Skew:        0.075ns (DCD - SCD - CPR)
    Destination Clock Delay (DCD):    3.372ns
    Source Clock Delay      (SCD):    2.812ns
    Clock Pessimism Removal (CPR):    0.485ns
  Clock Net Delay (Source):      2.140ns (routing 1.039ns, distribution 1.101ns)
  Clock Net Delay (Destination): 2.344ns (routing 1.131ns, distribution 1.213ns)

    Location             Delay type                Incr(ns)  Path(ns)    Netlist Resource(s)
  -------------------------------------------------------------------    -------------------
                         (clock clk rise edge)        0.000     0.000 r  <hidden>
    E5                                                0.000     0.000 r  clk
                         net (fo=0)                   0.000     0.000    clk_IBUF_inst/I
    E5                   INBUF (Prop_INBUF_HPIOB_M_PAD_O)
                                                      0.274     0.274 r  clk_IBUF_inst/INBUF_INST/O
                         net (fo=1, routed)           0.000     0.274    clk_IBUF_inst/OUT
    E5                   IBUFCTRL (Prop_IBUFCTRL_HPIOB_M_I_O)
                                                      0.000     0.274 r  clk_IBUF_inst/IBUFCTRL_INST/O
                         net (fo=1, routed)           0.360     0.634    clk_IBUF
    BUFGCE_X0Y93         BUFGCE (Prop_BUFCE_BUFGCE_I_O)
                                                      0.039     0.673 r  clk_IBUF_BUFG_inst/O
    X0Y2 (CLOCK_ROOT)    net (fo=941, routed)         2.140     2.812    fir_Qx/CLK
    SLICE_X29Y134        FDRE                                         r  fir_Qx/shift_reg_reg[6][1]/C
  -------------------------------------------------------------------    -------------------
    SLICE_X29Y134        FDRE (Prop_HFF2_SLICEM_C_Q)
                                                      0.113     2.925 r  fir_Qx/shift_reg_reg[6][1]/Q
                         net (fo=2, routed)           0.122     3.048    fir_Qx/shift_reg_reg[6]_3[1]
    SLICE_X31Y134        FDRE                                         r  fir_Qx/shift_reg_reg[7][1]/D
  -------------------------------------------------------------------    -------------------

                         (clock clk rise edge)        0.000     0.000 r  <hidden>
    E5                                                0.000     0.000 r  clk
                         net (fo=0)                   0.000     0.000    clk_IBUF_inst/I
    E5                   INBUF (Prop_INBUF_HPIOB_M_PAD_O)
                                                      0.524     0.524 r  clk_IBUF_inst/INBUF_INST/O
                         net (fo=1, routed)           0.000     0.524    clk_IBUF_inst/OUT
    E5                   IBUFCTRL (Prop_IBUFCTRL_HPIOB_M_I_O)
                                                      0.000     0.524 r  clk_IBUF_inst/IBUFCTRL_INST/O
                         net (fo=1, routed)           0.460     0.984    clk_IBUF
    BUFGCE_X0Y93         BUFGCE (Prop_BUFCE_BUFGCE_I_O)
                                                      0.044     1.028 r  clk_IBUF_BUFG_inst/O
    X0Y2 (CLOCK_ROOT)    net (fo=941, routed)         2.344     3.372    fir_Qx/CLK
    SLICE_X31Y134        FDRE                                         r  fir_Qx/shift_reg_reg[7][1]/C
                         clock pessimism             -0.485     2.887    <hidden>
    SLICE_X31Y134        FDRE (Hold_EFF2_SLICEM_C_D)
                                                      0.102     2.989    fir_Qx/shift_reg_reg[7][1]
  -------------------------------------------------------------------
                         required time                         -2.989    <hidden>
                         arrival time                           3.048    <hidden>
  -------------------------------------------------------------------
                         slack                                  0.059    <hidden>

Slack (MET) :             0.061ns  (arrival time - required time)
  Source:                 fir_Iy/shift_reg_reg[7][6]/C
                            (rising edge-triggered cell FDRE clocked by clk  {rise@0.000ns fall@2.500ns period=5.000ns})
  Destination:            fir_Iy/shift_reg_reg[8][6]/D
                            (rising edge-triggered cell FDRE clocked by clk  {rise@0.000ns fall@2.500ns period=5.000ns})
  Path Group:             clk
  Path Type:              Hold (Min at Slow Process Corner)
  Requirement:            0.000ns  (clk rise@0.000ns - clk rise@0.000ns)
  Data Path Delay:        0.261ns  (logic 0.111ns (42.479%)  route 0.150ns (57.521%))
  Logic Levels:           0  
  Clock Path Skew:        0.098ns (DCD - SCD - CPR)
    Destination Clock Delay (DCD):    3.359ns
    Source Clock Delay      (SCD):    2.776ns
    Clock Pessimism Removal (CPR):    0.485ns
  Clock Net Delay (Source):      2.103ns (routing 1.039ns, distribution 1.064ns)
  Clock Net Delay (Destination): 2.331ns (routing 1.131ns, distribution 1.200ns)

    Location             Delay type                Incr(ns)  Path(ns)    Netlist Resource(s)
  -------------------------------------------------------------------    -------------------
                         (clock clk rise edge)        0.000     0.000 r  <hidden>
    E5                                                0.000     0.000 r  clk
                         net (fo=0)                   0.000     0.000    clk_IBUF_inst/I
    E5                   INBUF (Prop_INBUF_HPIOB_M_PAD_O)
                                                      0.274     0.274 r  clk_IBUF_inst/INBUF_INST/O
                         net (fo=1, routed)           0.000     0.274    clk_IBUF_inst/OUT
    E5                   IBUFCTRL (Prop_IBUFCTRL_HPIOB_M_I_O)
                                                      0.000     0.274 r  clk_IBUF_inst/IBUFCTRL_INST/O
                         net (fo=1, routed)           0.360     0.634    clk_IBUF
    BUFGCE_X0Y93         BUFGCE (Prop_BUFCE_BUFGCE_I_O)
                                                      0.039     0.673 r  clk_IBUF_BUFG_inst/O
    X0Y2 (CLOCK_ROOT)    net (fo=941, routed)         2.103     2.776    fir_Iy/CLK
    SLICE_X34Y150        FDRE                                         r  fir_Iy/shift_reg_reg[7][6]/C
  -------------------------------------------------------------------    -------------------
    SLICE_X34Y150        FDRE (Prop_FFF_SLICEM_C_Q)
                                                      0.111     2.887 r  fir_Iy/shift_reg_reg[7][6]/Q
                         net (fo=2, routed)           0.150     3.037    fir_Iy/shift_reg_reg[7][7]_0[6]
    SLICE_X34Y149        FDRE                                         r  fir_Iy/shift_reg_reg[8][6]/D
  -------------------------------------------------------------------    -------------------

                         (clock clk rise edge)        0.000     0.000 r  <hidden>
    E5                                                0.000     0.000 r  clk
                         net (fo=0)                   0.000     0.000    clk_IBUF_inst/I
    E5                   INBUF (Prop_INBUF_HPIOB_M_PAD_O)
                                                      0.524     0.524 r  clk_IBUF_inst/INBUF_INST/O
                         net (fo=1, routed)           0.000     0.524    clk_IBUF_inst/OUT
    E5                   IBUFCTRL (Prop_IBUFCTRL_HPIOB_M_I_O)
                                                      0.000     0.524 r  clk_IBUF_inst/IBUFCTRL_INST/O
                         net (fo=1, routed)           0.460     0.984    clk_IBUF
    BUFGCE_X0Y93         BUFGCE (Prop_BUFCE_BUFGCE_I_O)
                                                      0.044     1.028 r  clk_IBUF_BUFG_inst/O
    X0Y2 (CLOCK_ROOT)    net (fo=941, routed)         2.331     3.359    fir_Iy/CLK
    SLICE_X34Y149        FDRE                                         r  fir_Iy/shift_reg_reg[8][6]/C
                         clock pessimism             -0.485     2.874    <hidden>
    SLICE_X34Y149        FDRE (Hold_FFF2_SLICEM_C_D)
                                                      0.102     2.976    fir_Iy/shift_reg_reg[8][6]
  -------------------------------------------------------------------
                         required time                         -2.976    <hidden>
                         arrival time                           3.037    <hidden>
  -------------------------------------------------------------------
                         slack                                  0.061    <hidden>

Slack (MET) :             0.064ns  (arrival time - required time)
  Source:                 fir_Ix/shift_reg_reg[13][5]/C
                            (rising edge-triggered cell FDRE clocked by clk  {rise@0.000ns fall@2.500ns period=5.000ns})
  Destination:            fir_Ix/shift_reg_reg[14][5]/D
                            (rising edge-triggered cell FDRE clocked by clk  {rise@0.000ns fall@2.500ns period=5.000ns})
  Path Group:             clk
  Path Type:              Hold (Min at Slow Process Corner)
  Requirement:            0.000ns  (clk rise@0.000ns - clk rise@0.000ns)
  Data Path Delay:        0.179ns  (logic 0.112ns (62.570%)  route 0.067ns (37.430%))
  Logic Levels:           0  
  Clock Path Skew:        0.012ns (DCD - SCD - CPR)
    Destination Clock Delay (DCD):    3.228ns
    Source Clock Delay      (SCD):    2.654ns
    Clock Pessimism Removal (CPR):    0.563ns
  Clock Net Delay (Source):      1.981ns (routing 1.039ns, distribution 0.942ns)
  Clock Net Delay (Destination): 2.201ns (routing 1.131ns, distribution 1.070ns)

    Location             Delay type                Incr(ns)  Path(ns)    Netlist Resource(s)
  -------------------------------------------------------------------    -------------------
                         (clock clk rise edge)        0.000     0.000 r  <hidden>
    E5                                                0.000     0.000 r  clk
                         net (fo=0)                   0.000     0.000    clk_IBUF_inst/I
    E5                   INBUF (Prop_INBUF_HPIOB_M_PAD_O)
                                                      0.274     0.274 r  clk_IBUF_inst/INBUF_INST/O
                         net (fo=1, routed)           0.000     0.274    clk_IBUF_inst/OUT
    E5                   IBUFCTRL (Prop_IBUFCTRL_HPIOB_M_I_O)
                                                      0.000     0.274 r  clk_IBUF_inst/IBUFCTRL_INST/O
                         net (fo=1, routed)           0.360     0.634    clk_IBUF
    BUFGCE_X0Y93         BUFGCE (Prop_BUFCE_BUFGCE_I_O)
                                                      0.039     0.673 r  clk_IBUF_BUFG_inst/O
    X0Y2 (CLOCK_ROOT)    net (fo=941, routed)         1.981     2.654    fir_Ix/CLK
    SLICE_X18Y162        FDRE                                         r  fir_Ix/shift_reg_reg[13][5]/C
  -------------------------------------------------------------------    -------------------
    SLICE_X18Y162        FDRE (Prop_HFF_SLICEM_C_Q)
                                                      0.112     2.766 r  fir_Ix/shift_reg_reg[13][5]/Q
                         net (fo=1, routed)           0.067     2.833    fir_Ix/shift_reg_reg[13]_8[5]
    SLICE_X18Y162        FDRE                                         r  fir_Ix/shift_reg_reg[14][5]/D
  -------------------------------------------------------------------    -------------------

                         (clock clk rise edge)        0.000     0.000 r  <hidden>
    E5                                                0.000     0.000 r  clk
                         net (fo=0)                   0.000     0.000    clk_IBUF_inst/I
    E5                   INBUF (Prop_INBUF_HPIOB_M_PAD_O)
                                                      0.524     0.524 r  clk_IBUF_inst/INBUF_INST/O
                         net (fo=1, routed)           0.000     0.524    clk_IBUF_inst/OUT
    E5                   IBUFCTRL (Prop_IBUFCTRL_HPIOB_M_I_O)
                                                      0.000     0.524 r  clk_IBUF_inst/IBUFCTRL_INST/O
                         net (fo=1, routed)           0.460     0.984    clk_IBUF
    BUFGCE_X0Y93         BUFGCE (Prop_BUFCE_BUFGCE_I_O)
                                                      0.044     1.028 r  clk_IBUF_BUFG_inst/O
    X0Y2 (CLOCK_ROOT)    net (fo=941, routed)         2.201     3.228    fir_Ix/CLK
    SLICE_X18Y162        FDRE                                         r  fir_Ix/shift_reg_reg[14][5]/C
                         clock pessimism             -0.563     2.666    <hidden>
    SLICE_X18Y162        FDRE (Hold_HFF2_SLICEM_C_D)
                                                      0.103     2.769    fir_Ix/shift_reg_reg[14][5]
  -------------------------------------------------------------------
                         required time                         -2.769    <hidden>
                         arrival time                           2.833    <hidden>
  -------------------------------------------------------------------
                         slack                                  0.064    <hidden>





Pulse Width Checks
--------------------------------------------------------------------------------------
Clock Name:         clk
Waveform(ns):       { 0.000 2.500 }
Period(ns):         5.000
Sources:            { clk }

Check Type        Corner  Lib Pin         Reference Pin  Required(ns)  Actual(ns)  Slack(ns)  Location       Pin
Min Period        n/a     BUFGCE/I        n/a            1.379         5.000       3.621      BUFGCE_X0Y93   clk_IBUF_BUFG_inst/I
Min Period        n/a     DSP_OUTPUT/CLK  n/a            0.850         5.000       4.150      DSP48E2_X4Y64  fir_Ix/accumulator_reg_reg/DSP_OUTPUT_INST/CLK
Min Period        n/a     DSP_OUTPUT/CLK  n/a            0.850         5.000       4.150      DSP48E2_X5Y69  fir_Ix/partial_sum_reg[0]/DSP_OUTPUT_INST/CLK
Min Period        n/a     DSP_OUTPUT/CLK  n/a            0.850         5.000       4.150      DSP48E2_X4Y63  fir_Ix/partial_sum_reg[1]/DSP_OUTPUT_INST/CLK
Min Period        n/a     DSP_OUTPUT/CLK  n/a            0.850         5.000       4.150      DSP48E2_X5Y65  fir_Ix/partial_sum_reg[2]/DSP_OUTPUT_INST/CLK
Min Period        n/a     DSP_OUTPUT/CLK  n/a            0.850         5.000       4.150      DSP48E2_X4Y68  fir_Ix/partial_sum_reg[3]/DSP_OUTPUT_INST/CLK
Min Period        n/a     DSP_OUTPUT/CLK  n/a            0.850         5.000       4.150      DSP48E2_X5Y62  fir_Ix/product_reg_reg[10]/DSP_OUTPUT_INST/CLK
Min Period        n/a     DSP_OUTPUT/CLK  n/a            0.850         5.000       4.150      DSP48E2_X4Y65  fir_Ix/product_reg_reg[14]/DSP_OUTPUT_INST/CLK
Min Period        n/a     DSP_OUTPUT/CLK  n/a            0.850         5.000       4.150      DSP48E2_X5Y67  fir_Ix/product_reg_reg[2]/DSP_OUTPUT_INST/CLK
Min Period        n/a     DSP_OUTPUT/CLK  n/a            0.850         5.000       4.150      DSP48E2_X4Y60  fir_Ix/product_reg_reg[7]/DSP_OUTPUT_INST/CLK
Low Pulse Width   Slow    FDRE/C          n/a            0.275         2.500       2.225      SLICE_X18Y161  fir_Ix/sample_out_reg[0]/C
Low Pulse Width   Fast    FDRE/C          n/a            0.275         2.500       2.225      SLICE_X18Y161  fir_Ix/sample_out_reg[0]/C
Low Pulse Width   Slow    FDRE/C          n/a            0.275         2.500       2.225      SLICE_X18Y164  fir_Ix/sample_out_reg[10]/C
Low Pulse Width   Fast    FDRE/C          n/a            0.275         2.500       2.225      SLICE_X18Y164  fir_Ix/sample_out_reg[10]/C
Low Pulse Width   Slow    FDRE/C          n/a            0.275         2.500       2.225      SLICE_X18Y164  fir_Ix/sample_out_reg[11]/C
Low Pulse Width   Fast    FDRE/C          n/a            0.275         2.500       2.225      SLICE_X18Y164  fir_Ix/sample_out_reg[11]/C
Low Pulse Width   Slow    FDRE/C          n/a            0.275         2.500       2.225      SLICE_X18Y164  fir_Ix/sample_out_reg[12]/C
Low Pulse Width   Fast    FDRE/C          n/a            0.275         2.500       2.225      SLICE_X18Y164  fir_Ix/sample_out_reg[12]/C
Low Pulse Width   Slow    FDRE/C          n/a            0.275         2.500       2.225      SLICE_X18Y164  fir_Ix/sample_out_reg[13]/C
Low Pulse Width   Fast    FDRE/C          n/a            0.275         2.500       2.225      SLICE_X18Y164  fir_Ix/sample_out_reg[13]/C
High Pulse Width  Slow    FDRE/C          n/a            0.275         2.500       2.225      SLICE_X18Y161  fir_Ix/sample_out_reg[0]/C
High Pulse Width  Fast    FDRE/C          n/a            0.275         2.500       2.225      SLICE_X18Y161  fir_Ix/sample_out_reg[0]/C
High Pulse Width  Slow    FDRE/C          n/a            0.275         2.500       2.225      SLICE_X18Y164  fir_Ix/sample_out_reg[10]/C
High Pulse Width  Fast    FDRE/C          n/a            0.275         2.500       2.225      SLICE_X18Y164  fir_Ix/sample_out_reg[10]/C
High Pulse Width  Slow    FDRE/C          n/a            0.275         2.500       2.225      SLICE_X18Y164  fir_Ix/sample_out_reg[11]/C
High Pulse Width  Fast    FDRE/C          n/a            0.275         2.500       2.225      SLICE_X18Y164  fir_Ix/sample_out_reg[11]/C
High Pulse Width  Slow    FDRE/C          n/a            0.275         2.500       2.225      SLICE_X18Y164  fir_Ix/sample_out_reg[12]/C
High Pulse Width  Fast    FDRE/C          n/a            0.275         2.500       2.225      SLICE_X18Y164  fir_Ix/sample_out_reg[12]/C
High Pulse Width  Slow    FDRE/C          n/a            0.275         2.500       2.225      SLICE_X18Y164  fir_Ix/sample_out_reg[13]/C
High Pulse Width  Fast    FDRE/C          n/a            0.275         2.500       2.225      SLICE_X18Y164  fir_Ix/sample_out_reg[13]/C



--------------------------------------------------------------------------------------
Path Group:  (none)
From Clock:  clk
  To Clock:  

Max Delay            73 Endpoints
Min Delay            73 Endpoints
--------------------------------------------------------------------------------------


Max Delay Paths
--------------------------------------------------------------------------------------
Slack:                    inf
  Source:                 fir_Iy/sample_out_reg[2]/C
                            (rising edge-triggered cell FDRE clocked by clk  {rise@0.000ns fall@2.500ns period=5.000ns})
  Destination:            Iy_out[2]
                            (output port)
  Path Group:             (none)
  Path Type:              Max at Slow Process Corner
  Data Path Delay:        3.379ns  (logic 0.982ns (29.053%)  route 2.397ns (70.947%))
  Logic Levels:           1  (OBUF=1)
  Clock Uncertainty:      0.025ns  ((TSJ^2 + TIJ^2)^1/2 + DJ) / 2 + PE
    Total System Jitter     (TSJ):    0.050ns
    Total Input Jitter      (TIJ):    0.000ns
    Discrete Jitter          (DJ):    0.000ns
    Phase Error              (PE):    0.000ns
  Clock Net Delay (Source):      2.332ns (routing 1.131ns, distribution 1.201ns)

    Location             Delay type                Incr(ns)  Path(ns)    Netlist Resource(s)
  -------------------------------------------------------------------    -------------------
                         (clock clk rise edge)        0.000     0.000 r  <hidden>
    E5                                                0.000     0.000 r  clk
                         net (fo=0)                   0.000     0.000    clk_IBUF_inst/I
    E5                   INBUF (Prop_INBUF_HPIOB_M_PAD_O)
                                                      0.524     0.524 r  clk_IBUF_inst/INBUF_INST/O
                         net (fo=1, routed)           0.000     0.524    clk_IBUF_inst/OUT
    E5                   IBUFCTRL (Prop_IBUFCTRL_HPIOB_M_I_O)
                                                      0.000     0.524 r  clk_IBUF_inst/IBUFCTRL_INST/O
                         net (fo=1, routed)           0.460     0.984    clk_IBUF
    BUFGCE_X0Y93         BUFGCE (Prop_BUFCE_BUFGCE_I_O)
                                                      0.044     1.028 r  clk_IBUF_BUFG_inst/O
    X0Y2 (CLOCK_ROOT)    net (fo=941, routed)         2.332     3.359    fir_Iy/CLK
    SLICE_X28Y157        FDRE                                         r  fir_Iy/sample_out_reg[2]/C
  -------------------------------------------------------------------    -------------------
    SLICE_X28Y157        FDRE (Prop_HFF_SLICEM_C_Q)
                                                      0.114     3.473 r  fir_Iy/sample_out_reg[2]/Q
                         net (fo=1, routed)           2.397     5.870    Iy_out_OBUF[2]
    K9                   OBUF (Prop_OUTBUF_HPIOB_M_I_O)
                                                      0.868     6.738 r  Iy_out_OBUF[2]_inst/O
                         net (fo=0)                   0.000     6.738    Iy_out[2]
    K9                                                                r  Iy_out[2]
  -------------------------------------------------------------------    -------------------

Slack:                    inf
  Source:                 fir_Qx/sample_out_reg[1]/C
                            (rising edge-triggered cell FDRE clocked by clk  {rise@0.000ns fall@2.500ns period=5.000ns})
  Destination:            Qx_out[1]
                            (output port)
  Path Group:             (none)
  Path Type:              Max at Slow Process Corner
  Data Path Delay:        3.150ns  (logic 0.988ns (31.355%)  route 2.162ns (68.645%))
  Logic Levels:           1  (OBUF=1)
  Clock Uncertainty:      0.025ns  ((TSJ^2 + TIJ^2)^1/2 + DJ) / 2 + PE
    Total System Jitter     (TSJ):    0.050ns
    Total Input Jitter      (TIJ):    0.000ns
    Discrete Jitter          (DJ):    0.000ns
    Phase Error              (PE):    0.000ns
  Clock Net Delay (Source):      2.361ns (routing 1.131ns, distribution 1.230ns)

    Location             Delay type                Incr(ns)  Path(ns)    Netlist Resource(s)
  -------------------------------------------------------------------    -------------------
                         (clock clk rise edge)        0.000     0.000 r  <hidden>
    E5                                                0.000     0.000 r  clk
                         net (fo=0)                   0.000     0.000    clk_IBUF_inst/I
    E5                   INBUF (Prop_INBUF_HPIOB_M_PAD_O)
                                                      0.524     0.524 r  clk_IBUF_inst/INBUF_INST/O
                         net (fo=1, routed)           0.000     0.524    clk_IBUF_inst/OUT
    E5                   IBUFCTRL (Prop_IBUFCTRL_HPIOB_M_I_O)
                                                      0.000     0.524 r  clk_IBUF_inst/IBUFCTRL_INST/O
                         net (fo=1, routed)           0.460     0.984    clk_IBUF
    BUFGCE_X0Y93         BUFGCE (Prop_BUFCE_BUFGCE_I_O)
                                                      0.044     1.028 r  clk_IBUF_BUFG_inst/O
    X0Y2 (CLOCK_ROOT)    net (fo=941, routed)         2.361     3.389    fir_Qx/CLK
    SLICE_X28Y141        FDRE                                         r  fir_Qx/sample_out_reg[1]/C
  -------------------------------------------------------------------    -------------------
    SLICE_X28Y141        FDRE (Prop_AFF_SLICEM_C_Q)
                                                      0.113     3.502 r  fir_Qx/sample_out_reg[1]/Q
                         net (fo=1, routed)           2.162     5.664    Qx_out_OBUF[1]
    L6                   OBUF (Prop_OUTBUF_HPIOB_S_I_O)
                                                      0.875     6.539 r  Qx_out_OBUF[1]_inst/O
                         net (fo=0)                   0.000     6.539    Qx_out[1]
    L6                                                                r  Qx_out[1]
  -------------------------------------------------------------------    -------------------

Slack:                    inf
  Source:                 fir_Qy/sample_out_reg[7]/C
                            (rising edge-triggered cell FDRE clocked by clk  {rise@0.000ns fall@2.500ns period=5.000ns})
  Destination:            Qy_out[7]
                            (output port)
  Path Group:             (none)
  Path Type:              Max at Slow Process Corner
  Data Path Delay:        3.246ns  (logic 1.039ns (32.017%)  route 2.207ns (67.983%))
  Logic Levels:           1  (OBUF=1)
  Clock Uncertainty:      0.025ns  ((TSJ^2 + TIJ^2)^1/2 + DJ) / 2 + PE
    Total System Jitter     (TSJ):    0.050ns
    Total Input Jitter      (TIJ):    0.000ns
    Discrete Jitter          (DJ):    0.000ns
    Phase Error              (PE):    0.000ns
  Clock Net Delay (Source):      2.202ns (routing 1.131ns, distribution 1.071ns)

    Location             Delay type                Incr(ns)  Path(ns)    Netlist Resource(s)
  -------------------------------------------------------------------    -------------------
                         (clock clk rise edge)        0.000     0.000 r  <hidden>
    E5                                                0.000     0.000 r  clk
                         net (fo=0)                   0.000     0.000    clk_IBUF_inst/I
    E5                   INBUF (Prop_INBUF_HPIOB_M_PAD_O)
                                                      0.524     0.524 r  clk_IBUF_inst/INBUF_INST/O
                         net (fo=1, routed)           0.000     0.524    clk_IBUF_inst/OUT
    E5                   IBUFCTRL (Prop_IBUFCTRL_HPIOB_M_I_O)
                                                      0.000     0.524 r  clk_IBUF_inst/IBUFCTRL_INST/O
                         net (fo=1, routed)           0.460     0.984    clk_IBUF
    BUFGCE_X0Y93         BUFGCE (Prop_BUFCE_BUFGCE_I_O)
                                                      0.044     1.028 r  clk_IBUF_BUFG_inst/O
    X0Y2 (CLOCK_ROOT)    net (fo=941, routed)         2.202     3.230    fir_Qy/CLK
    SLICE_X21Y135        FDRE                                         r  fir_Qy/sample_out_reg[7]/C
  -------------------------------------------------------------------    -------------------
    SLICE_X21Y135        FDRE (Prop_GFF2_SLICEM_C_Q)
                                                      0.118     3.348 r  fir_Qy/sample_out_reg[7]/Q
                         net (fo=1, routed)           2.207     5.555    Qy_out_OBUF[7]
    AH9                  OBUF (Prop_OUTBUF_HPIOB_S_I_O)
                                                      0.921     6.476 r  Qy_out_OBUF[7]_inst/O
                         net (fo=0)                   0.000     6.476    Qy_out[7]
    AH9                                                               r  Qy_out[7]
  -------------------------------------------------------------------    -------------------

Slack:                    inf
  Source:                 fir_Iy/sample_out_reg[9]/C
                            (rising edge-triggered cell FDRE clocked by clk  {rise@0.000ns fall@2.500ns period=5.000ns})
  Destination:            Iy_out[9]
                            (output port)
  Path Group:             (none)
  Path Type:              Max at Slow Process Corner
  Data Path Delay:        3.103ns  (logic 1.006ns (32.429%)  route 2.097ns (67.571%))
  Logic Levels:           1  (OBUF=1)
  Clock Uncertainty:      0.025ns  ((TSJ^2 + TIJ^2)^1/2 + DJ) / 2 + PE
    Total System Jitter     (TSJ):    0.050ns
    Total Input Jitter      (TIJ):    0.000ns
    Discrete Jitter          (DJ):    0.000ns
    Phase Error              (PE):    0.000ns
  Clock Net Delay (Source):      2.334ns (routing 1.131ns, distribution 1.203ns)

    Location             Delay type                Incr(ns)  Path(ns)    Netlist Resource(s)
  -------------------------------------------------------------------    -------------------
                         (clock clk rise edge)        0.000     0.000 r  <hidden>
    E5                                                0.000     0.000 r  clk
                         net (fo=0)                   0.000     0.000    clk_IBUF_inst/I
    E5                   INBUF (Prop_INBUF_HPIOB_M_PAD_O)
                                                      0.524     0.524 r  clk_IBUF_inst/INBUF_INST/O
                         net (fo=1, routed)           0.000     0.524    clk_IBUF_inst/OUT
    E5                   IBUFCTRL (Prop_IBUFCTRL_HPIOB_M_I_O)
                                                      0.000     0.524 r  clk_IBUF_inst/IBUFCTRL_INST/O
                         net (fo=1, routed)           0.460     0.984    clk_IBUF
    BUFGCE_X0Y93         BUFGCE (Prop_BUFCE_BUFGCE_I_O)
                                                      0.044     1.028 r  clk_IBUF_BUFG_inst/O
    X0Y2 (CLOCK_ROOT)    net (fo=941, routed)         2.334     3.361    fir_Iy/CLK
    SLICE_X28Y158        FDRE                                         r  fir_Iy/sample_out_reg[9]/C
  -------------------------------------------------------------------    -------------------
    SLICE_X28Y158        FDRE (Prop_EFF_SLICEM_C_Q)
                                                      0.113     3.474 r  fir_Iy/sample_out_reg[9]/Q
                         net (fo=1, routed)           2.097     5.571    Iy_out_OBUF[9]
    J4                   OBUF (Prop_OUTBUF_HPIOB_S_I_O)
                                                      0.893     6.465 r  Iy_out_OBUF[9]_inst/O
                         net (fo=0)                   0.000     6.465    Iy_out[9]
    J4                                                                r  Iy_out[9]
  -------------------------------------------------------------------    -------------------

Slack:                    inf
  Source:                 fir_Ix/sample_out_reg[1]/C
                            (rising edge-triggered cell FDRE clocked by clk  {rise@0.000ns fall@2.500ns period=5.000ns})
  Destination:            Ix_out[1]
                            (output port)
  Path Group:             (none)
  Path Type:              Max at Slow Process Corner
  Data Path Delay:        3.178ns  (logic 1.025ns (32.249%)  route 2.153ns (67.751%))
  Logic Levels:           1  (OBUF=1)
  Clock Uncertainty:      0.025ns  ((TSJ^2 + TIJ^2)^1/2 + DJ) / 2 + PE
    Total System Jitter     (TSJ):    0.050ns
    Total Input Jitter      (TIJ):    0.000ns
    Discrete Jitter          (DJ):    0.000ns
    Phase Error              (PE):    0.000ns
  Clock Net Delay (Source):      2.230ns (routing 1.131ns, distribution 1.099ns)

    Location             Delay type                Incr(ns)  Path(ns)    Netlist Resource(s)
  -------------------------------------------------------------------    -------------------
                         (clock clk rise edge)        0.000     0.000 r  <hidden>
    E5                                                0.000     0.000 r  clk
                         net (fo=0)                   0.000     0.000    clk_IBUF_inst/I
    E5                   INBUF (Prop_INBUF_HPIOB_M_PAD_O)
                                                      0.524     0.524 r  clk_IBUF_inst/INBUF_INST/O
                         net (fo=1, routed)           0.000     0.524    clk_IBUF_inst/OUT
    E5                   IBUFCTRL (Prop_IBUFCTRL_HPIOB_M_I_O)
                                                      0.000     0.524 r  clk_IBUF_inst/IBUFCTRL_INST/O
                         net (fo=1, routed)           0.460     0.984    clk_IBUF
    BUFGCE_X0Y93         BUFGCE (Prop_BUFCE_BUFGCE_I_O)
                                                      0.044     1.028 r  clk_IBUF_BUFG_inst/O
    X0Y2 (CLOCK_ROOT)    net (fo=941, routed)         2.230     3.257    fir_Ix/CLK
    SLICE_X18Y161        FDRE                                         r  fir_Ix/sample_out_reg[1]/C
  -------------------------------------------------------------------    -------------------
    SLICE_X18Y161        FDRE (Prop_EFF2_SLICEM_C_Q)
                                                      0.118     3.375 r  fir_Ix/sample_out_reg[1]/Q
                         net (fo=1, routed)           2.153     5.528    Ix_out_OBUF[1]
    D4                   OBUF (Prop_OUTBUF_HPIOB_M_I_O)
                                                      0.907     6.435 r  Ix_out_OBUF[1]_inst/O
                         net (fo=0)                   0.000     6.435    Ix_out[1]
    D4                                                                r  Ix_out[1]
  -------------------------------------------------------------------    -------------------

Slack:                    inf
  Source:                 fir_Qy/sample_out_reg[10]/C
                            (rising edge-triggered cell FDRE clocked by clk  {rise@0.000ns fall@2.500ns period=5.000ns})
  Destination:            Qy_out[10]
                            (output port)
  Path Group:             (none)
  Path Type:              Max at Slow Process Corner
  Data Path Delay:        3.205ns  (logic 1.013ns (31.605%)  route 2.192ns (68.395%))
  Logic Levels:           1  (OBUF=1)
  Clock Uncertainty:      0.025ns  ((TSJ^2 + TIJ^2)^1/2 + DJ) / 2 + PE
    Total System Jitter     (TSJ):    0.050ns
    Total Input Jitter      (TIJ):    0.000ns
    Discrete Jitter          (DJ):    0.000ns
    Phase Error              (PE):    0.000ns
  Clock Net Delay (Source):      2.200ns (routing 1.131ns, distribution 1.069ns)

    Location             Delay type                Incr(ns)  Path(ns)    Netlist Resource(s)
  -------------------------------------------------------------------    -------------------
                         (clock clk rise edge)        0.000     0.000 r  <hidden>
    E5                                                0.000     0.000 r  clk
                         net (fo=0)                   0.000     0.000    clk_IBUF_inst/I
    E5                   INBUF (Prop_INBUF_HPIOB_M_PAD_O)
                                                      0.524     0.524 r  clk_IBUF_inst/INBUF_INST/O
                         net (fo=1, routed)           0.000     0.524    clk_IBUF_inst/OUT
    E5                   IBUFCTRL (Prop_IBUFCTRL_HPIOB_M_I_O)
                                                      0.000     0.524 r  clk_IBUF_inst/IBUFCTRL_INST/O
                         net (fo=1, routed)           0.460     0.984    clk_IBUF
    BUFGCE_X0Y93         BUFGCE (Prop_BUFCE_BUFGCE_I_O)
                                                      0.044     1.028 r  clk_IBUF_BUFG_inst/O
    X0Y2 (CLOCK_ROOT)    net (fo=941, routed)         2.200     3.228    fir_Qy/CLK
    SLICE_X21Y137        FDRE                                         r  fir_Qy/sample_out_reg[10]/C
  -------------------------------------------------------------------    -------------------
    SLICE_X21Y137        FDRE (Prop_EFF_SLICEM_C_Q)
                                                      0.113     3.341 r  fir_Qy/sample_out_reg[10]/Q
                         net (fo=1, routed)           2.192     5.533    Qy_out_OBUF[10]
    AD7                  OBUF (Prop_OUTBUF_HPIOB_M_I_O)
                                                      0.900     6.433 r  Qy_out_OBUF[10]_inst/O
                         net (fo=0)                   0.000     6.433    Qy_out[10]
    AD7                                                               r  Qy_out[10]
  -------------------------------------------------------------------    -------------------

Slack:                    inf
  Source:                 fir_Qy/sample_out_reg[17]/C
                            (rising edge-triggered cell FDRE clocked by clk  {rise@0.000ns fall@2.500ns period=5.000ns})
  Destination:            Qy_out[17]
                            (output port)
  Path Group:             (none)
  Path Type:              Max at Slow Process Corner
  Data Path Delay:        3.144ns  (logic 0.994ns (31.623%)  route 2.150ns (68.377%))
  Logic Levels:           1  (OBUF=1)
  Clock Uncertainty:      0.025ns  ((TSJ^2 + TIJ^2)^1/2 + DJ) / 2 + PE
    Total System Jitter     (TSJ):    0.050ns
    Total Input Jitter      (TIJ):    0.000ns
    Discrete Jitter          (DJ):    0.000ns
    Phase Error              (PE):    0.000ns
  Clock Net Delay (Source):      2.219ns (routing 1.131ns, distribution 1.088ns)

    Location             Delay type                Incr(ns)  Path(ns)    Netlist Resource(s)
  -------------------------------------------------------------------    -------------------
                         (clock clk rise edge)        0.000     0.000 r  <hidden>
    E5                                                0.000     0.000 r  clk
                         net (fo=0)                   0.000     0.000    clk_IBUF_inst/I
    E5                   INBUF (Prop_INBUF_HPIOB_M_PAD_O)
                                                      0.524     0.524 r  clk_IBUF_inst/INBUF_INST/O
                         net (fo=1, routed)           0.000     0.524    clk_IBUF_inst/OUT
    E5                   IBUFCTRL (Prop_IBUFCTRL_HPIOB_M_I_O)
                                                      0.000     0.524 r  clk_IBUF_inst/IBUFCTRL_INST/O
                         net (fo=1, routed)           0.460     0.984    clk_IBUF
    BUFGCE_X0Y93         BUFGCE (Prop_BUFCE_BUFGCE_I_O)
                                                      0.044     1.028 r  clk_IBUF_BUFG_inst/O
    X0Y2 (CLOCK_ROOT)    net (fo=941, routed)         2.219     3.247    fir_Qy/CLK
    SLICE_X21Y134        FDRE                                         r  fir_Qy/sample_out_reg[17]/C
  -------------------------------------------------------------------    -------------------
    SLICE_X21Y134        FDRE (Prop_BFF2_SLICEM_C_Q)
                                                      0.115     3.362 r  fir_Qy/sample_out_reg[17]/Q
                         net (fo=1, routed)           2.150     5.512    Qy_out_OBUF[16]
    AD9                  OBUF (Prop_OUTBUF_HPIOB_S_I_O)
                                                      0.879     6.391 r  Qy_out_OBUF[17]_inst/O
                         net (fo=0)                   0.000     6.391    Qy_out[17]
    AD9                                                               r  Qy_out[17]
  -------------------------------------------------------------------    -------------------

Slack:                    inf
  Source:                 fir_Qy/sample_out_reg[5]/C
                            (rising edge-triggered cell FDRE clocked by clk  {rise@0.000ns fall@2.500ns period=5.000ns})
  Destination:            Qy_out[5]
                            (output port)
  Path Group:             (none)
  Path Type:              Max at Slow Process Corner
  Data Path Delay:        3.154ns  (logic 1.041ns (33.012%)  route 2.113ns (66.988%))
  Logic Levels:           1  (OBUF=1)
  Clock Uncertainty:      0.025ns  ((TSJ^2 + TIJ^2)^1/2 + DJ) / 2 + PE
    Total System Jitter     (TSJ):    0.050ns
    Total Input Jitter      (TIJ):    0.000ns
    Discrete Jitter          (DJ):    0.000ns
    Phase Error              (PE):    0.000ns
  Clock Net Delay (Source):      2.202ns (routing 1.131ns, distribution 1.071ns)

    Location             Delay type                Incr(ns)  Path(ns)    Netlist Resource(s)
  -------------------------------------------------------------------    -------------------
                         (clock clk rise edge)        0.000     0.000 r  <hidden>
    E5                                                0.000     0.000 r  clk
                         net (fo=0)                   0.000     0.000    clk_IBUF_inst/I
    E5                   INBUF (Prop_INBUF_HPIOB_M_PAD_O)
                                                      0.524     0.524 r  clk_IBUF_inst/INBUF_INST/O
                         net (fo=1, routed)           0.000     0.524    clk_IBUF_inst/OUT
    E5                   IBUFCTRL (Prop_IBUFCTRL_HPIOB_M_I_O)
                                                      0.000     0.524 r  clk_IBUF_inst/IBUFCTRL_INST/O
                         net (fo=1, routed)           0.460     0.984    clk_IBUF
    BUFGCE_X0Y93         BUFGCE (Prop_BUFCE_BUFGCE_I_O)
                                                      0.044     1.028 r  clk_IBUF_BUFG_inst/O
    X0Y2 (CLOCK_ROOT)    net (fo=941, routed)         2.202     3.230    fir_Qy/CLK
    SLICE_X21Y135        FDRE                                         r  fir_Qy/sample_out_reg[5]/C
  -------------------------------------------------------------------    -------------------
    SLICE_X21Y135        FDRE (Prop_FFF2_SLICEM_C_Q)
                                                      0.116     3.346 r  fir_Qy/sample_out_reg[5]/Q
                         net (fo=1, routed)           2.113     5.459    Qy_out_OBUF[5]
    AG8                  OBUF (Prop_OUTBUF_HPIOB_S_I_O)
                                                      0.925     6.384 r  Qy_out_OBUF[5]_inst/O
                         net (fo=0)                   0.000     6.384    Qy_out[5]
    AG8                                                               r  Qy_out[5]
  -------------------------------------------------------------------    -------------------

Slack:                    inf
  Source:                 fir_Ix/sample_out_reg[3]/C
                            (rising edge-triggered cell FDRE clocked by clk  {rise@0.000ns fall@2.500ns period=5.000ns})
  Destination:            Ix_out[3]
                            (output port)
  Path Group:             (none)
  Path Type:              Max at Slow Process Corner
  Data Path Delay:        3.122ns  (logic 1.050ns (33.641%)  route 2.072ns (66.359%))
  Logic Levels:           1  (OBUF=1)
  Clock Uncertainty:      0.025ns  ((TSJ^2 + TIJ^2)^1/2 + DJ) / 2 + PE
    Total System Jitter     (TSJ):    0.050ns
    Total Input Jitter      (TIJ):    0.000ns
    Discrete Jitter          (DJ):    0.000ns
    Phase Error              (PE):    0.000ns
  Clock Net Delay (Source):      2.230ns (routing 1.131ns, distribution 1.099ns)

    Location             Delay type                Incr(ns)  Path(ns)    Netlist Resource(s)
  -------------------------------------------------------------------    -------------------
                         (clock clk rise edge)        0.000     0.000 r  <hidden>
    E5                                                0.000     0.000 r  clk
                         net (fo=0)                   0.000     0.000    clk_IBUF_inst/I
    E5                   INBUF (Prop_INBUF_HPIOB_M_PAD_O)
                                                      0.524     0.524 r  clk_IBUF_inst/INBUF_INST/O
                         net (fo=1, routed)           0.000     0.524    clk_IBUF_inst/OUT
    E5                   IBUFCTRL (Prop_IBUFCTRL_HPIOB_M_I_O)
                                                      0.000     0.524 r  clk_IBUF_inst/IBUFCTRL_INST/O
                         net (fo=1, routed)           0.460     0.984    clk_IBUF
    BUFGCE_X0Y93         BUFGCE (Prop_BUFCE_BUFGCE_I_O)
                                                      0.044     1.028 r  clk_IBUF_BUFG_inst/O
    X0Y2 (CLOCK_ROOT)    net (fo=941, routed)         2.230     3.257    fir_Ix/CLK
    SLICE_X18Y161        FDRE                                         r  fir_Ix/sample_out_reg[3]/C
  -------------------------------------------------------------------    -------------------
    SLICE_X18Y161        FDRE (Prop_FFF2_SLICEM_C_Q)
                                                      0.116     3.373 r  fir_Ix/sample_out_reg[3]/Q
                         net (fo=1, routed)           2.072     5.445    Ix_out_OBUF[3]
    B4                   OBUF (Prop_OUTBUF_HPIOB_M_I_O)
                                                      0.934     6.380 r  Ix_out_OBUF[3]_inst/O
                         net (fo=0)                   0.000     6.380    Ix_out[3]
    B4                                                                r  Ix_out[3]
  -------------------------------------------------------------------    -------------------

Slack:                    inf
  Source:                 fir_Iy/sample_out_reg[1]/C
                            (rising edge-triggered cell FDRE clocked by clk  {rise@0.000ns fall@2.500ns period=5.000ns})
  Destination:            Iy_out[1]
                            (output port)
  Path Group:             (none)
  Path Type:              Max at Slow Process Corner
  Data Path Delay:        3.002ns  (logic 0.987ns (32.879%)  route 2.015ns (67.121%))
  Logic Levels:           1  (OBUF=1)
  Clock Uncertainty:      0.025ns  ((TSJ^2 + TIJ^2)^1/2 + DJ) / 2 + PE
    Total System Jitter     (TSJ):    0.050ns
    Total Input Jitter      (TIJ):    0.000ns
    Discrete Jitter          (DJ):    0.000ns
    Phase Error              (PE):    0.000ns
  Clock Net Delay (Source):      2.332ns (routing 1.131ns, distribution 1.201ns)

    Location             Delay type                Incr(ns)  Path(ns)    Netlist Resource(s)
  -------------------------------------------------------------------    -------------------
                         (clock clk rise edge)        0.000     0.000 r  <hidden>
    E5                                                0.000     0.000 r  clk
                         net (fo=0)                   0.000     0.000    clk_IBUF_inst/I
    E5                   INBUF (Prop_INBUF_HPIOB_M_PAD_O)
                                                      0.524     0.524 r  clk_IBUF_inst/INBUF_INST/O
                         net (fo=1, routed)           0.000     0.524    clk_IBUF_inst/OUT
    E5                   IBUFCTRL (Prop_IBUFCTRL_HPIOB_M_I_O)
                                                      0.000     0.524 r  clk_IBUF_inst/IBUFCTRL_INST/O
                         net (fo=1, routed)           0.460     0.984    clk_IBUF
    BUFGCE_X0Y93         BUFGCE (Prop_BUFCE_BUFGCE_I_O)
                                                      0.044     1.028 r  clk_IBUF_BUFG_inst/O
    X0Y2 (CLOCK_ROOT)    net (fo=941, routed)         2.332     3.359    fir_Iy/CLK
    SLICE_X28Y157        FDRE                                         r  fir_Iy/sample_out_reg[1]/C
  -------------------------------------------------------------------    -------------------
    SLICE_X28Y157        FDRE (Prop_GFF2_SLICEM_C_Q)
                                                      0.118     3.477 r  fir_Iy/sample_out_reg[1]/Q
                         net (fo=1, routed)           2.015     5.492    Iy_out_OBUF[1]
    H8                   OBUF (Prop_OUTBUF_HPIOB_S_I_O)
                                                      0.869     6.362 r  Iy_out_OBUF[1]_inst/O
                         net (fo=0)                   0.000     6.362    Iy_out[1]
    H8                                                                r  Iy_out[1]
  -------------------------------------------------------------------    -------------------





Min Delay Paths
--------------------------------------------------------------------------------------
Slack:                    inf
  Source:                 fir_Iy/sample_out_reg[11]/C
                            (rising edge-triggered cell FDRE clocked by clk  {rise@0.000ns fall@2.500ns period=5.000ns})
  Destination:            Iy_out[11]
                            (output port)
  Path Group:             (none)
  Path Type:              Min at Fast Process Corner
  Data Path Delay:        0.985ns  (logic 0.444ns (45.102%)  route 0.541ns (54.898%))
  Logic Levels:           1  (OBUF=1)
  Clock Uncertainty:      0.025ns  ((TSJ^2 + TIJ^2)^1/2 + DJ) / 2 + PE
    Total System Jitter     (TSJ):    0.050ns
    Total Input Jitter      (TIJ):    0.000ns
    Discrete Jitter          (DJ):    0.000ns
    Phase Error              (PE):    0.000ns
  Clock Net Delay (Source):      1.273ns (routing 0.623ns, distribution 0.650ns)

    Location             Delay type                Incr(ns)  Path(ns)    Netlist Resource(s)
  -------------------------------------------------------------------    -------------------
                         (clock clk rise edge)        0.000     0.000 r  <hidden>
    E5                                                0.000     0.000 r  clk
                         net (fo=0)                   0.000     0.000    clk_IBUF_inst/I
    E5                   INBUF (Prop_INBUF_HPIOB_M_PAD_O)
                                                      0.159     0.159 r  clk_IBUF_inst/INBUF_INST/O
                         net (fo=1, routed)           0.000     0.159    clk_IBUF_inst/OUT
    E5                   IBUFCTRL (Prop_IBUFCTRL_HPIOB_M_I_O)
                                                      0.000     0.159 r  clk_IBUF_inst/IBUFCTRL_INST/O
                         net (fo=1, routed)           0.176     0.335    clk_IBUF
    BUFGCE_X0Y93         BUFGCE (Prop_BUFCE_BUFGCE_I_O)
                                                      0.023     0.358 r  clk_IBUF_BUFG_inst/O
    X0Y2 (CLOCK_ROOT)    net (fo=941, routed)         1.273     1.630    fir_Iy/CLK
    SLICE_X28Y157        FDRE                                         r  fir_Iy/sample_out_reg[11]/C
  -------------------------------------------------------------------    -------------------
    SLICE_X28Y157        FDRE (Prop_FFF_SLICEM_C_Q)
                                                      0.082     1.712 r  fir_Iy/sample_out_reg[11]/Q
                         net (fo=1, routed)           0.541     2.253    Iy_out_OBUF[11]
    N8                   OBUF (Prop_OUTBUF_HPIOB_S_I_O)
                                                      0.362     2.616 r  Iy_out_OBUF[11]_inst/O
                         net (fo=0)                   0.000     2.616    Iy_out[11]
    N8                                                                r  Iy_out[11]
  -------------------------------------------------------------------    -------------------

Slack:                    inf
  Source:                 fir_Iy/sample_out_reg[15]/C
                            (rising edge-triggered cell FDRE clocked by clk  {rise@0.000ns fall@2.500ns period=5.000ns})
  Destination:            Iy_out[15]
                            (output port)
  Path Group:             (none)
  Path Type:              Min at Fast Process Corner
  Data Path Delay:        1.000ns  (logic 0.457ns (45.674%)  route 0.543ns (54.326%))
  Logic Levels:           1  (OBUF=1)
  Clock Uncertainty:      0.025ns  ((TSJ^2 + TIJ^2)^1/2 + DJ) / 2 + PE
    Total System Jitter     (TSJ):    0.050ns
    Total Input Jitter      (TIJ):    0.000ns
    Discrete Jitter          (DJ):    0.000ns
    Phase Error              (PE):    0.000ns
  Clock Net Delay (Source):      1.272ns (routing 0.623ns, distribution 0.649ns)

    Location             Delay type                Incr(ns)  Path(ns)    Netlist Resource(s)
  -------------------------------------------------------------------    -------------------
                         (clock clk rise edge)        0.000     0.000 r  <hidden>
    E5                                                0.000     0.000 r  clk
                         net (fo=0)                   0.000     0.000    clk_IBUF_inst/I
    E5                   INBUF (Prop_INBUF_HPIOB_M_PAD_O)
                                                      0.159     0.159 r  clk_IBUF_inst/INBUF_INST/O
                         net (fo=1, routed)           0.000     0.159    clk_IBUF_inst/OUT
    E5                   IBUFCTRL (Prop_IBUFCTRL_HPIOB_M_I_O)
                                                      0.000     0.159 r  clk_IBUF_inst/IBUFCTRL_INST/O
                         net (fo=1, routed)           0.176     0.335    clk_IBUF
    BUFGCE_X0Y93         BUFGCE (Prop_BUFCE_BUFGCE_I_O)
                                                      0.023     0.358 r  clk_IBUF_BUFG_inst/O
    X0Y2 (CLOCK_ROOT)    net (fo=941, routed)         1.272     1.629    fir_Iy/CLK
    SLICE_X28Y156        FDRE                                         r  fir_Iy/sample_out_reg[15]/C
  -------------------------------------------------------------------    -------------------
    SLICE_X28Y156        FDRE (Prop_EFF_SLICEM_C_Q)
                                                      0.082     1.711 r  fir_Iy/sample_out_reg[15]/Q
                         net (fo=1, routed)           0.543     2.254    Iy_out_OBUF[15]
    N6                   OBUF (Prop_OUTBUF_HPIOB_S_I_O)
                                                      0.375     2.629 r  Iy_out_OBUF[15]_inst/O
                         net (fo=0)                   0.000     2.629    Iy_out[15]
    N6                                                                r  Iy_out[15]
  -------------------------------------------------------------------    -------------------

Slack:                    inf
  Source:                 fir_Iy/sample_out_reg[13]/C
                            (rising edge-triggered cell FDRE clocked by clk  {rise@0.000ns fall@2.500ns period=5.000ns})
  Destination:            Iy_out[13]
                            (output port)
  Path Group:             (none)
  Path Type:              Min at Fast Process Corner
  Data Path Delay:        0.999ns  (logic 0.473ns (47.368%)  route 0.526ns (52.632%))
  Logic Levels:           1  (OBUF=1)
  Clock Uncertainty:      0.025ns  ((TSJ^2 + TIJ^2)^1/2 + DJ) / 2 + PE
    Total System Jitter     (TSJ):    0.050ns
    Total Input Jitter      (TIJ):    0.000ns
    Discrete Jitter          (DJ):    0.000ns
    Phase Error              (PE):    0.000ns
  Clock Net Delay (Source):      1.273ns (routing 0.623ns, distribution 0.650ns)

    Location             Delay type                Incr(ns)  Path(ns)    Netlist Resource(s)
  -------------------------------------------------------------------    -------------------
                         (clock clk rise edge)        0.000     0.000 r  <hidden>
    E5                                                0.000     0.000 r  clk
                         net (fo=0)                   0.000     0.000    clk_IBUF_inst/I
    E5                   INBUF (Prop_INBUF_HPIOB_M_PAD_O)
                                                      0.159     0.159 r  clk_IBUF_inst/INBUF_INST/O
                         net (fo=1, routed)           0.000     0.159    clk_IBUF_inst/OUT
    E5                   IBUFCTRL (Prop_IBUFCTRL_HPIOB_M_I_O)
                                                      0.000     0.159 r  clk_IBUF_inst/IBUFCTRL_INST/O
                         net (fo=1, routed)           0.176     0.335    clk_IBUF
    BUFGCE_X0Y93         BUFGCE (Prop_BUFCE_BUFGCE_I_O)
                                                      0.023     0.358 r  clk_IBUF_BUFG_inst/O
    X0Y2 (CLOCK_ROOT)    net (fo=941, routed)         1.273     1.630    fir_Iy/CLK
    SLICE_X28Y157        FDRE                                         r  fir_Iy/sample_out_reg[13]/C
  -------------------------------------------------------------------    -------------------
    SLICE_X28Y157        FDRE (Prop_FFF2_SLICEM_C_Q)
                                                      0.084     1.714 r  fir_Iy/sample_out_reg[13]/Q
                         net (fo=1, routed)           0.526     2.240    Iy_out_OBUF[13]
    P6                   OBUF (Prop_OUTBUF_HPIOB_S_I_O)
                                                      0.389     2.630 r  Iy_out_OBUF[13]_inst/O
                         net (fo=0)                   0.000     2.630    Iy_out[13]
    P6                                                                r  Iy_out[13]
  -------------------------------------------------------------------    -------------------

Slack:                    inf
  Source:                 fir_Iy/sample_out_reg[14]/C
                            (rising edge-triggered cell FDRE clocked by clk  {rise@0.000ns fall@2.500ns period=5.000ns})
  Destination:            Iy_out[14]
                            (output port)
  Path Group:             (none)
  Path Type:              Min at Fast Process Corner
  Data Path Delay:        1.001ns  (logic 0.457ns (45.662%)  route 0.544ns (54.338%))
  Logic Levels:           1  (OBUF=1)
  Clock Uncertainty:      0.025ns  ((TSJ^2 + TIJ^2)^1/2 + DJ) / 2 + PE
    Total System Jitter     (TSJ):    0.050ns
    Total Input Jitter      (TIJ):    0.000ns
    Discrete Jitter          (DJ):    0.000ns
    Phase Error              (PE):    0.000ns
  Clock Net Delay (Source):      1.273ns (routing 0.623ns, distribution 0.650ns)

    Location             Delay type                Incr(ns)  Path(ns)    Netlist Resource(s)
  -------------------------------------------------------------------    -------------------
                         (clock clk rise edge)        0.000     0.000 r  <hidden>
    E5                                                0.000     0.000 r  clk
                         net (fo=0)                   0.000     0.000    clk_IBUF_inst/I
    E5                   INBUF (Prop_INBUF_HPIOB_M_PAD_O)
                                                      0.159     0.159 r  clk_IBUF_inst/INBUF_INST/O
                         net (fo=1, routed)           0.000     0.159    clk_IBUF_inst/OUT
    E5                   IBUFCTRL (Prop_IBUFCTRL_HPIOB_M_I_O)
                                                      0.000     0.159 r  clk_IBUF_inst/IBUFCTRL_INST/O
                         net (fo=1, routed)           0.176     0.335    clk_IBUF
    BUFGCE_X0Y93         BUFGCE (Prop_BUFCE_BUFGCE_I_O)
                                                      0.023     0.358 r  clk_IBUF_BUFG_inst/O
    X0Y2 (CLOCK_ROOT)    net (fo=941, routed)         1.273     1.630    fir_Iy/CLK
    SLICE_X28Y157        FDRE                                         r  fir_Iy/sample_out_reg[14]/C
  -------------------------------------------------------------------    -------------------
    SLICE_X28Y157        FDRE (Prop_GFF_SLICEM_C_Q)
                                                      0.083     1.713 r  fir_Iy/sample_out_reg[14]/Q
                         net (fo=1, routed)           0.544     2.257    Iy_out_OBUF[14]
    N7                   OBUF (Prop_OUTBUF_HPIOB_M_I_O)
                                                      0.374     2.631 r  Iy_out_OBUF[14]_inst/O
                         net (fo=0)                   0.000     2.631    Iy_out[14]
    N7                                                                r  Iy_out[14]
  -------------------------------------------------------------------    -------------------

Slack:                    inf
  Source:                 fir_Iy/sample_out_reg[17]/C
                            (rising edge-triggered cell FDRE clocked by clk  {rise@0.000ns fall@2.500ns period=5.000ns})
  Destination:            Iy_out[17]
                            (output port)
  Path Group:             (none)
  Path Type:              Min at Fast Process Corner
  Data Path Delay:        1.004ns  (logic 0.463ns (46.090%)  route 0.541ns (53.910%))
  Logic Levels:           1  (OBUF=1)
  Clock Uncertainty:      0.025ns  ((TSJ^2 + TIJ^2)^1/2 + DJ) / 2 + PE
    Total System Jitter     (TSJ):    0.050ns
    Total Input Jitter      (TIJ):    0.000ns
    Discrete Jitter          (DJ):    0.000ns
    Phase Error              (PE):    0.000ns
  Clock Net Delay (Source):      1.274ns (routing 0.623ns, distribution 0.651ns)

    Location             Delay type                Incr(ns)  Path(ns)    Netlist Resource(s)
  -------------------------------------------------------------------    -------------------
                         (clock clk rise edge)        0.000     0.000 r  <hidden>
    E5                                                0.000     0.000 r  clk
                         net (fo=0)                   0.000     0.000    clk_IBUF_inst/I
    E5                   INBUF (Prop_INBUF_HPIOB_M_PAD_O)
                                                      0.159     0.159 r  clk_IBUF_inst/INBUF_INST/O
                         net (fo=1, routed)           0.000     0.159    clk_IBUF_inst/OUT
    E5                   IBUFCTRL (Prop_IBUFCTRL_HPIOB_M_I_O)
                                                      0.000     0.159 r  clk_IBUF_inst/IBUFCTRL_INST/O
                         net (fo=1, routed)           0.176     0.335    clk_IBUF
    BUFGCE_X0Y93         BUFGCE (Prop_BUFCE_BUFGCE_I_O)
                                                      0.023     0.358 r  clk_IBUF_BUFG_inst/O
    X0Y2 (CLOCK_ROOT)    net (fo=941, routed)         1.274     1.631    fir_Iy/CLK
    SLICE_X28Y157        FDRE                                         r  fir_Iy/sample_out_reg[17]/C
  -------------------------------------------------------------------    -------------------
    SLICE_X28Y157        FDRE (Prop_AFF2_SLICEM_C_Q)
                                                      0.084     1.715 r  fir_Iy/sample_out_reg[17]/Q
                         net (fo=1, routed)           0.541     2.256    Iy_out_OBUF[16]
    L5                   OBUF (Prop_OUTBUF_HPIOB_S_I_O)
                                                      0.379     2.635 r  Iy_out_OBUF[17]_inst/O
                         net (fo=0)                   0.000     2.635    Iy_out[17]
    L5                                                                r  Iy_out[17]
  -------------------------------------------------------------------    -------------------

Slack:                    inf
  Source:                 fir_Iy/sample_out_reg[17]_lopt_replica/C
                            (rising edge-triggered cell FDRE clocked by clk  {rise@0.000ns fall@2.500ns period=5.000ns})
  Destination:            Iy_out[16]
                            (output port)
  Path Group:             (none)
  Path Type:              Min at Fast Process Corner
  Data Path Delay:        1.005ns  (logic 0.461ns (45.888%)  route 0.544ns (54.112%))
  Logic Levels:           1  (OBUF=1)
  Clock Uncertainty:      0.025ns  ((TSJ^2 + TIJ^2)^1/2 + DJ) / 2 + PE
    Total System Jitter     (TSJ):    0.050ns
    Total Input Jitter      (TIJ):    0.000ns
    Discrete Jitter          (DJ):    0.000ns
    Phase Error              (PE):    0.000ns
  Clock Net Delay (Source):      1.274ns (routing 0.623ns, distribution 0.651ns)

    Location             Delay type                Incr(ns)  Path(ns)    Netlist Resource(s)
  -------------------------------------------------------------------    -------------------
                         (clock clk rise edge)        0.000     0.000 r  <hidden>
    E5                                                0.000     0.000 r  clk
                         net (fo=0)                   0.000     0.000    clk_IBUF_inst/I
    E5                   INBUF (Prop_INBUF_HPIOB_M_PAD_O)
                                                      0.159     0.159 r  clk_IBUF_inst/INBUF_INST/O
                         net (fo=1, routed)           0.000     0.159    clk_IBUF_inst/OUT
    E5                   IBUFCTRL (Prop_IBUFCTRL_HPIOB_M_I_O)
                                                      0.000     0.159 r  clk_IBUF_inst/IBUFCTRL_INST/O
                         net (fo=1, routed)           0.176     0.335    clk_IBUF
    BUFGCE_X0Y93         BUFGCE (Prop_BUFCE_BUFGCE_I_O)
                                                      0.023     0.358 r  clk_IBUF_BUFG_inst/O
    X0Y2 (CLOCK_ROOT)    net (fo=941, routed)         1.274     1.631    fir_Iy/CLK
    SLICE_X28Y157        FDRE                                         r  fir_Iy/sample_out_reg[17]_lopt_replica/C
  -------------------------------------------------------------------    -------------------
    SLICE_X28Y157        FDRE (Prop_BFF_SLICEM_C_Q)
                                                      0.082     1.713 r  fir_Iy/sample_out_reg[17]_lopt_replica/Q
                         net (fo=1, routed)           0.544     2.257    lopt_2
    M6                   OBUF (Prop_OUTBUF_HPIOB_M_I_O)
                                                      0.379     2.636 r  Iy_out_OBUF[16]_inst/O
                         net (fo=0)                   0.000     2.636    Iy_out[16]
    M6                                                                r  Iy_out[16]
  -------------------------------------------------------------------    -------------------

Slack:                    inf
  Source:                 fir_Ix/valid_out_reg/C
                            (rising edge-triggered cell FDRE clocked by clk  {rise@0.000ns fall@2.500ns period=5.000ns})
  Destination:            valid_out
                            (output port)
  Path Group:             (none)
  Path Type:              Min at Fast Process Corner
  Data Path Delay:        1.025ns  (logic 0.501ns (48.897%)  route 0.524ns (51.103%))
  Logic Levels:           1  (OBUF=1)
  Clock Uncertainty:      0.025ns  ((TSJ^2 + TIJ^2)^1/2 + DJ) / 2 + PE
    Total System Jitter     (TSJ):    0.050ns
    Total Input Jitter      (TIJ):    0.000ns
    Discrete Jitter          (DJ):    0.000ns
    Phase Error              (PE):    0.000ns
  Clock Net Delay (Source):      1.257ns (routing 0.623ns, distribution 0.634ns)

    Location             Delay type                Incr(ns)  Path(ns)    Netlist Resource(s)
  -------------------------------------------------------------------    -------------------
                         (clock clk rise edge)        0.000     0.000 r  <hidden>
    E5                                                0.000     0.000 r  clk
                         net (fo=0)                   0.000     0.000    clk_IBUF_inst/I
    E5                   INBUF (Prop_INBUF_HPIOB_M_PAD_O)
                                                      0.159     0.159 r  clk_IBUF_inst/INBUF_INST/O
                         net (fo=1, routed)           0.000     0.159    clk_IBUF_inst/OUT
    E5                   IBUFCTRL (Prop_IBUFCTRL_HPIOB_M_I_O)
                                                      0.000     0.159 r  clk_IBUF_inst/IBUFCTRL_INST/O
                         net (fo=1, routed)           0.176     0.335    clk_IBUF
    BUFGCE_X0Y93         BUFGCE (Prop_BUFCE_BUFGCE_I_O)
                                                      0.023     0.358 r  clk_IBUF_BUFG_inst/O
    X0Y2 (CLOCK_ROOT)    net (fo=941, routed)         1.257     1.615    fir_Ix/CLK
    SLICE_X23Y165        FDRE                                         r  fir_Ix/valid_out_reg/C
  -------------------------------------------------------------------    -------------------
    SLICE_X23Y165        FDRE (Prop_EFF_SLICEL_C_Q)
                                                      0.084     1.699 r  fir_Ix/valid_out_reg/Q
                         net (fo=1, routed)           0.524     2.223    valid_out_OBUF
    D1                   OBUF (Prop_OUTBUF_HPIOB_S_I_O)
                                                      0.417     2.640 r  valid_out_OBUF_inst/O
                         net (fo=0)                   0.000     2.640    valid_out
    D1                                                                r  valid_out
  -------------------------------------------------------------------    -------------------

Slack:                    inf
  Source:                 fir_Iy/sample_out_reg[12]/C
                            (rising edge-triggered cell FDRE clocked by clk  {rise@0.000ns fall@2.500ns period=5.000ns})
  Destination:            Iy_out[12]
                            (output port)
  Path Group:             (none)
  Path Type:              Min at Fast Process Corner
  Data Path Delay:        1.009ns  (logic 0.470ns (46.598%)  route 0.539ns (53.402%))
  Logic Levels:           1  (OBUF=1)
  Clock Uncertainty:      0.025ns  ((TSJ^2 + TIJ^2)^1/2 + DJ) / 2 + PE
    Total System Jitter     (TSJ):    0.050ns
    Total Input Jitter      (TIJ):    0.000ns
    Discrete Jitter          (DJ):    0.000ns
    Phase Error              (PE):    0.000ns
  Clock Net Delay (Source):      1.274ns (routing 0.623ns, distribution 0.651ns)

    Location             Delay type                Incr(ns)  Path(ns)    Netlist Resource(s)
  -------------------------------------------------------------------    -------------------
                         (clock clk rise edge)        0.000     0.000 r  <hidden>
    E5                                                0.000     0.000 r  clk
                         net (fo=0)                   0.000     0.000    clk_IBUF_inst/I
    E5                   INBUF (Prop_INBUF_HPIOB_M_PAD_O)
                                                      0.159     0.159 r  clk_IBUF_inst/INBUF_INST/O
                         net (fo=1, routed)           0.000     0.159    clk_IBUF_inst/OUT
    E5                   IBUFCTRL (Prop_IBUFCTRL_HPIOB_M_I_O)
                                                      0.000     0.159 r  clk_IBUF_inst/IBUFCTRL_INST/O
                         net (fo=1, routed)           0.176     0.335    clk_IBUF
    BUFGCE_X0Y93         BUFGCE (Prop_BUFCE_BUFGCE_I_O)
                                                      0.023     0.358 r  clk_IBUF_BUFG_inst/O
    X0Y2 (CLOCK_ROOT)    net (fo=941, routed)         1.274     1.631    fir_Iy/CLK
    SLICE_X28Y157        FDRE                                         r  fir_Iy/sample_out_reg[12]/C
  -------------------------------------------------------------------    -------------------
    SLICE_X28Y157        FDRE (Prop_AFF_SLICEM_C_Q)
                                                      0.082     1.713 r  fir_Iy/sample_out_reg[12]/Q
                         net (fo=1, routed)           0.539     2.252    Iy_out_OBUF[12]
    P7                   OBUF (Prop_OUTBUF_HPIOB_M_I_O)
                                                      0.388     2.640 r  Iy_out_OBUF[12]_inst/O
                         net (fo=0)                   0.000     2.640    Iy_out[12]
    P7                                                                r  Iy_out[12]
  -------------------------------------------------------------------    -------------------

Slack:                    inf
  Source:                 fir_Qx/sample_out_reg[17]_lopt_replica/C
                            (rising edge-triggered cell FDRE clocked by clk  {rise@0.000ns fall@2.500ns period=5.000ns})
  Destination:            Qx_out[16]
                            (output port)
  Path Group:             (none)
  Path Type:              Min at Fast Process Corner
  Data Path Delay:        1.015ns  (logic 0.445ns (43.818%)  route 0.570ns (56.182%))
  Logic Levels:           1  (OBUF=1)
  Clock Uncertainty:      0.025ns  ((TSJ^2 + TIJ^2)^1/2 + DJ) / 2 + PE
    Total System Jitter     (TSJ):    0.050ns
    Total Input Jitter      (TIJ):    0.000ns
    Discrete Jitter          (DJ):    0.000ns
    Phase Error              (PE):    0.000ns
  Clock Net Delay (Source):      1.276ns (routing 0.623ns, distribution 0.653ns)

    Location             Delay type                Incr(ns)  Path(ns)    Netlist Resource(s)
  -------------------------------------------------------------------    -------------------
                         (clock clk rise edge)        0.000     0.000 r  <hidden>
    E5                                                0.000     0.000 r  clk
                         net (fo=0)                   0.000     0.000    clk_IBUF_inst/I
    E5                   INBUF (Prop_INBUF_HPIOB_M_PAD_O)
                                                      0.159     0.159 r  clk_IBUF_inst/INBUF_INST/O
                         net (fo=1, routed)           0.000     0.159    clk_IBUF_inst/OUT
    E5                   IBUFCTRL (Prop_IBUFCTRL_HPIOB_M_I_O)
                                                      0.000     0.159 r  clk_IBUF_inst/IBUFCTRL_INST/O
                         net (fo=1, routed)           0.176     0.335    clk_IBUF
    BUFGCE_X0Y93         BUFGCE (Prop_BUFCE_BUFGCE_I_O)
                                                      0.023     0.358 r  clk_IBUF_BUFG_inst/O
    X0Y2 (CLOCK_ROOT)    net (fo=941, routed)         1.276     1.634    fir_Qx/CLK
    SLICE_X28Y137        FDRE                                         r  fir_Qx/sample_out_reg[17]_lopt_replica/C
  -------------------------------------------------------------------    -------------------
    SLICE_X28Y137        FDRE (Prop_EFF2_SLICEM_C_Q)
                                                      0.084     1.718 r  fir_Qx/sample_out_reg[17]_lopt_replica/Q
                         net (fo=1, routed)           0.570     2.288    lopt_4
    R8                   OBUF (Prop_OUTBUF_HPIOB_M_I_O)
                                                      0.361     2.648 r  Qx_out_OBUF[16]_inst/O
                         net (fo=0)                   0.000     2.648    Qx_out[16]
    R8                                                                r  Qx_out[16]
  -------------------------------------------------------------------    -------------------

Slack:                    inf
  Source:                 fir_Qx/sample_out_reg[11]/C
                            (rising edge-triggered cell FDRE clocked by clk  {rise@0.000ns fall@2.500ns period=5.000ns})
  Destination:            Qx_out[11]
                            (output port)
  Path Group:             (none)
  Path Type:              Min at Fast Process Corner
  Data Path Delay:        1.011ns  (logic 0.490ns (48.467%)  route 0.521ns (51.533%))
  Logic Levels:           1  (OBUF=1)
  Clock Uncertainty:      0.025ns  ((TSJ^2 + TIJ^2)^1/2 + DJ) / 2 + PE
    Total System Jitter     (TSJ):    0.050ns
    Total Input Jitter      (TIJ):    0.000ns
    Discrete Jitter          (DJ):    0.000ns
    Phase Error              (PE):    0.000ns
  Clock Net Delay (Source):      1.282ns (routing 0.623ns, distribution 0.659ns)

    Location             Delay type                Incr(ns)  Path(ns)    Netlist Resource(s)
  -------------------------------------------------------------------    -------------------
                         (clock clk rise edge)        0.000     0.000 r  <hidden>
    E5                                                0.000     0.000 r  clk
                         net (fo=0)                   0.000     0.000    clk_IBUF_inst/I
    E5                   INBUF (Prop_INBUF_HPIOB_M_PAD_O)
                                                      0.159     0.159 r  clk_IBUF_inst/INBUF_INST/O
                         net (fo=1, routed)           0.000     0.159    clk_IBUF_inst/OUT
    E5                   IBUFCTRL (Prop_IBUFCTRL_HPIOB_M_I_O)
                                                      0.000     0.159 r  clk_IBUF_inst/IBUFCTRL_INST/O
                         net (fo=1, routed)           0.176     0.335    clk_IBUF
    BUFGCE_X0Y93         BUFGCE (Prop_BUFCE_BUFGCE_I_O)
                                                      0.023     0.358 r  clk_IBUF_BUFG_inst/O
    X0Y2 (CLOCK_ROOT)    net (fo=941, routed)         1.282     1.640    fir_Qx/CLK
    SLICE_X28Y141        FDRE                                         r  fir_Qx/sample_out_reg[11]/C
  -------------------------------------------------------------------    -------------------
    SLICE_X28Y141        FDRE (Prop_FFF_SLICEM_C_Q)
                                                      0.082     1.722 r  fir_Qx/sample_out_reg[11]/Q
                         net (fo=1, routed)           0.521     2.243    Qx_out_OBUF[11]
    H1                   OBUF (Prop_OUTBUF_HPIOB_S_I_O)
                                                      0.408     2.651 r  Qx_out_OBUF[11]_inst/O
                         net (fo=0)                   0.000     2.651    Qx_out[11]
    H1                                                                r  Qx_out[11]
  -------------------------------------------------------------------    -------------------





--------------------------------------------------------------------------------------
Path Group:  (none)
From Clock:  
  To Clock:  clk

Max Delay            33 Endpoints
Min Delay            33 Endpoints
--------------------------------------------------------------------------------------


Max Delay Paths
--------------------------------------------------------------------------------------
Slack:                    inf
  Source:                 Iy[4]
                            (input port)
  Destination:            fir_Iy/shift_reg_reg[0][4]/D
                            (rising edge-triggered cell FDRE clocked by clk  {rise@0.000ns fall@2.500ns period=5.000ns})
  Path Group:             (none)
  Path Type:              Setup (Max at Slow Process Corner)
  Data Path Delay:        3.274ns  (logic 0.557ns (17.002%)  route 2.717ns (82.998%))
  Logic Levels:           2  (IBUFCTRL=1 INBUF=1)
  Clock Path Skew:        2.775ns (DCD - SCD + CPR)
    Destination Clock Delay (DCD):    2.775ns
    Source Clock Delay      (SCD):    0.000ns
    Clock Pessimism Removal (CPR):    0.000ns
  Clock Uncertainty:      0.025ns  ((TSJ^2 + TIJ^2)^1/2 + DJ) / 2 + PE
    Total System Jitter     (TSJ):    0.050ns
    Total Input Jitter      (TIJ):    0.000ns
    Discrete Jitter          (DJ):    0.000ns
    Phase Error              (PE):    0.000ns
  Clock Net Delay (Destination): 2.102ns (routing 1.039ns, distribution 1.063ns)

    Location             Delay type                Incr(ns)  Path(ns)    Netlist Resource(s)
  -------------------------------------------------------------------    -------------------
    AE3                                               0.000     0.000 r  Iy[4]
                         net (fo=0)                   0.000     0.000    Iy_IBUF[4]_inst/I
    AE3                  INBUF (Prop_INBUF_HPIOB_M_PAD_O)
                                                      0.557     0.557 r  Iy_IBUF[4]_inst/INBUF_INST/O
                         net (fo=1, routed)           0.000     0.557    Iy_IBUF[4]_inst/OUT
    AE3                  IBUFCTRL (Prop_IBUFCTRL_HPIOB_M_I_O)
                                                      0.000     0.557 r  Iy_IBUF[4]_inst/IBUFCTRL_INST/O
                         net (fo=1, routed)           2.717     3.274    fir_Iy/D[4]
    SLICE_X29Y150        FDRE                                         r  fir_Iy/shift_reg_reg[0][4]/D
  -------------------------------------------------------------------    -------------------

                         (clock clk rise edge)        0.000     0.000 r  <hidden>
    E5                                                0.000     0.000 r  clk
                         net (fo=0)                   0.000     0.000    clk_IBUF_inst/I
    E5                   INBUF (Prop_INBUF_HPIOB_M_PAD_O)
                                                      0.274     0.274 r  clk_IBUF_inst/INBUF_INST/O
                         net (fo=1, routed)           0.000     0.274    clk_IBUF_inst/OUT
    E5                   IBUFCTRL (Prop_IBUFCTRL_HPIOB_M_I_O)
                                                      0.000     0.274 r  clk_IBUF_inst/IBUFCTRL_INST/O
                         net (fo=1, routed)           0.360     0.634    clk_IBUF
    BUFGCE_X0Y93         BUFGCE (Prop_BUFCE_BUFGCE_I_O)
                                                      0.039     0.673 r  clk_IBUF_BUFG_inst/O
    X0Y2 (CLOCK_ROOT)    net (fo=941, routed)         2.102     2.775    fir_Iy/CLK
    SLICE_X29Y150        FDRE                                         r  fir_Iy/shift_reg_reg[0][4]/C

Slack:                    inf
  Source:                 Qx[0]
                            (input port)
  Destination:            fir_Qx/shift_reg_reg[0][0]/D
                            (rising edge-triggered cell FDRE clocked by clk  {rise@0.000ns fall@2.500ns period=5.000ns})
  Path Group:             (none)
  Path Type:              Setup (Max at Slow Process Corner)
  Data Path Delay:        3.106ns  (logic 0.573ns (18.437%)  route 2.533ns (81.563%))
  Logic Levels:           2  (IBUFCTRL=1 INBUF=1)
  Clock Path Skew:        2.801ns (DCD - SCD + CPR)
    Destination Clock Delay (DCD):    2.801ns
    Source Clock Delay      (SCD):    0.000ns
    Clock Pessimism Removal (CPR):    0.000ns
  Clock Uncertainty:      0.025ns  ((TSJ^2 + TIJ^2)^1/2 + DJ) / 2 + PE
    Total System Jitter     (TSJ):    0.050ns
    Total Input Jitter      (TIJ):    0.000ns
    Discrete Jitter          (DJ):    0.000ns
    Phase Error              (PE):    0.000ns
  Clock Net Delay (Destination): 2.128ns (routing 1.039ns, distribution 1.089ns)

    Location             Delay type                Incr(ns)  Path(ns)    Netlist Resource(s)
  -------------------------------------------------------------------    -------------------
    AG4                                               0.000     0.000 r  Qx[0]
                         net (fo=0)                   0.000     0.000    Qx_IBUF[0]_inst/I
    AG4                  INBUF (Prop_INBUF_HPIOB_M_PAD_O)
                                                      0.573     0.573 r  Qx_IBUF[0]_inst/INBUF_INST/O
                         net (fo=1, routed)           0.000     0.573    Qx_IBUF[0]_inst/OUT
    AG4                  IBUFCTRL (Prop_IBUFCTRL_HPIOB_M_I_O)
                                                      0.000     0.573 r  Qx_IBUF[0]_inst/IBUFCTRL_INST/O
                         net (fo=1, routed)           2.533     3.106    fir_Qx/D[0]
    SLICE_X29Y133        FDRE                                         r  fir_Qx/shift_reg_reg[0][0]/D
  -------------------------------------------------------------------    -------------------

                         (clock clk rise edge)        0.000     0.000 r  <hidden>
    E5                                                0.000     0.000 r  clk
                         net (fo=0)                   0.000     0.000    clk_IBUF_inst/I
    E5                   INBUF (Prop_INBUF_HPIOB_M_PAD_O)
                                                      0.274     0.274 r  clk_IBUF_inst/INBUF_INST/O
                         net (fo=1, routed)           0.000     0.274    clk_IBUF_inst/OUT
    E5                   IBUFCTRL (Prop_IBUFCTRL_HPIOB_M_I_O)
                                                      0.000     0.274 r  clk_IBUF_inst/IBUFCTRL_INST/O
                         net (fo=1, routed)           0.360     0.634    clk_IBUF
    BUFGCE_X0Y93         BUFGCE (Prop_BUFCE_BUFGCE_I_O)
                                                      0.039     0.673 r  clk_IBUF_BUFG_inst/O
    X0Y2 (CLOCK_ROOT)    net (fo=941, routed)         2.128     2.801    fir_Qx/CLK
    SLICE_X29Y133        FDRE                                         r  fir_Qx/shift_reg_reg[0][0]/C

Slack:                    inf
  Source:                 Qx[7]
                            (input port)
  Destination:            fir_Qx/shift_reg_reg[0][7]/D
                            (rising edge-triggered cell FDRE clocked by clk  {rise@0.000ns fall@2.500ns period=5.000ns})
  Path Group:             (none)
  Path Type:              Setup (Max at Slow Process Corner)
  Data Path Delay:        2.987ns  (logic 0.528ns (17.667%)  route 2.459ns (82.333%))
  Logic Levels:           2  (IBUFCTRL=1 INBUF=1)
  Clock Path Skew:        2.799ns (DCD - SCD + CPR)
    Destination Clock Delay (DCD):    2.799ns
    Source Clock Delay      (SCD):    0.000ns
    Clock Pessimism Removal (CPR):    0.000ns
  Clock Uncertainty:      0.025ns  ((TSJ^2 + TIJ^2)^1/2 + DJ) / 2 + PE
    Total System Jitter     (TSJ):    0.050ns
    Total Input Jitter      (TIJ):    0.000ns
    Discrete Jitter          (DJ):    0.000ns
    Phase Error              (PE):    0.000ns
  Clock Net Delay (Destination): 2.126ns (routing 1.039ns, distribution 1.087ns)

    Location             Delay type                Incr(ns)  Path(ns)    Netlist Resource(s)
  -------------------------------------------------------------------    -------------------
    AB3                                               0.000     0.000 r  Qx[7]
                         net (fo=0)                   0.000     0.000    Qx_IBUF[7]_inst/I
    AB3                  INBUF (Prop_INBUF_HPIOB_S_PAD_O)
                                                      0.528     0.528 r  Qx_IBUF[7]_inst/INBUF_INST/O
                         net (fo=1, routed)           0.000     0.528    Qx_IBUF[7]_inst/OUT
    AB3                  IBUFCTRL (Prop_IBUFCTRL_HPIOB_S_I_O)
                                                      0.000     0.528 r  Qx_IBUF[7]_inst/IBUFCTRL_INST/O
                         net (fo=1, routed)           2.459     2.987    fir_Qx/D[7]
    SLICE_X29Y135        FDRE                                         r  fir_Qx/shift_reg_reg[0][7]/D
  -------------------------------------------------------------------    -------------------

                         (clock clk rise edge)        0.000     0.000 r  <hidden>
    E5                                                0.000     0.000 r  clk
                         net (fo=0)                   0.000     0.000    clk_IBUF_inst/I
    E5                   INBUF (Prop_INBUF_HPIOB_M_PAD_O)
                                                      0.274     0.274 r  clk_IBUF_inst/INBUF_INST/O
                         net (fo=1, routed)           0.000     0.274    clk_IBUF_inst/OUT
    E5                   IBUFCTRL (Prop_IBUFCTRL_HPIOB_M_I_O)
                                                      0.000     0.274 r  clk_IBUF_inst/IBUFCTRL_INST/O
                         net (fo=1, routed)           0.360     0.634    clk_IBUF
    BUFGCE_X0Y93         BUFGCE (Prop_BUFCE_BUFGCE_I_O)
                                                      0.039     0.673 r  clk_IBUF_BUFG_inst/O
    X0Y2 (CLOCK_ROOT)    net (fo=941, routed)         2.126     2.799    fir_Qx/CLK
    SLICE_X29Y135        FDRE                                         r  fir_Qx/shift_reg_reg[0][7]/C

Slack:                    inf
  Source:                 Iy[1]
                            (input port)
  Destination:            fir_Iy/shift_reg_reg[0][1]/D
                            (rising edge-triggered cell FDRE clocked by clk  {rise@0.000ns fall@2.500ns period=5.000ns})
  Path Group:             (none)
  Path Type:              Setup (Max at Slow Process Corner)
  Data Path Delay:        2.986ns  (logic 0.570ns (19.083%)  route 2.416ns (80.917%))
  Logic Levels:           2  (IBUFCTRL=1 INBUF=1)
  Clock Path Skew:        2.785ns (DCD - SCD + CPR)
    Destination Clock Delay (DCD):    2.785ns
    Source Clock Delay      (SCD):    0.000ns
    Clock Pessimism Removal (CPR):    0.000ns
  Clock Uncertainty:      0.025ns  ((TSJ^2 + TIJ^2)^1/2 + DJ) / 2 + PE
    Total System Jitter     (TSJ):    0.050ns
    Total Input Jitter      (TIJ):    0.000ns
    Discrete Jitter          (DJ):    0.000ns
    Phase Error              (PE):    0.000ns
  Clock Net Delay (Destination): 2.112ns (routing 1.039ns, distribution 1.073ns)

    Location             Delay type                Incr(ns)  Path(ns)    Netlist Resource(s)
  -------------------------------------------------------------------    -------------------
    AH1                                               0.000     0.000 r  Iy[1]
                         net (fo=0)                   0.000     0.000    Iy_IBUF[1]_inst/I
    AH1                  INBUF (Prop_INBUF_HPIOB_S_PAD_O)
                                                      0.570     0.570 r  Iy_IBUF[1]_inst/INBUF_INST/O
                         net (fo=1, routed)           0.000     0.570    Iy_IBUF[1]_inst/OUT
    AH1                  IBUFCTRL (Prop_IBUFCTRL_HPIOB_S_I_O)
                                                      0.000     0.570 r  Iy_IBUF[1]_inst/IBUFCTRL_INST/O
                         net (fo=1, routed)           2.416     2.986    fir_Iy/D[1]
    SLICE_X29Y149        FDRE                                         r  fir_Iy/shift_reg_reg[0][1]/D
  -------------------------------------------------------------------    -------------------

                         (clock clk rise edge)        0.000     0.000 r  <hidden>
    E5                                                0.000     0.000 r  clk
                         net (fo=0)                   0.000     0.000    clk_IBUF_inst/I
    E5                   INBUF (Prop_INBUF_HPIOB_M_PAD_O)
                                                      0.274     0.274 r  clk_IBUF_inst/INBUF_INST/O
                         net (fo=1, routed)           0.000     0.274    clk_IBUF_inst/OUT
    E5                   IBUFCTRL (Prop_IBUFCTRL_HPIOB_M_I_O)
                                                      0.000     0.274 r  clk_IBUF_inst/IBUFCTRL_INST/O
                         net (fo=1, routed)           0.360     0.634    clk_IBUF
    BUFGCE_X0Y93         BUFGCE (Prop_BUFCE_BUFGCE_I_O)
                                                      0.039     0.673 r  clk_IBUF_BUFG_inst/O
    X0Y2 (CLOCK_ROOT)    net (fo=941, routed)         2.112     2.785    fir_Iy/CLK
    SLICE_X29Y149        FDRE                                         r  fir_Iy/shift_reg_reg[0][1]/C

Slack:                    inf
  Source:                 Qx[4]
                            (input port)
  Destination:            fir_Qx/shift_reg_reg[0][4]/D
                            (rising edge-triggered cell FDRE clocked by clk  {rise@0.000ns fall@2.500ns period=5.000ns})
  Path Group:             (none)
  Path Type:              Setup (Max at Slow Process Corner)
  Data Path Delay:        2.915ns  (logic 0.545ns (18.691%)  route 2.370ns (81.309%))
  Logic Levels:           2  (IBUFCTRL=1 INBUF=1)
  Clock Path Skew:        2.799ns (DCD - SCD + CPR)
    Destination Clock Delay (DCD):    2.799ns
    Source Clock Delay      (SCD):    0.000ns
    Clock Pessimism Removal (CPR):    0.000ns
  Clock Uncertainty:      0.025ns  ((TSJ^2 + TIJ^2)^1/2 + DJ) / 2 + PE
    Total System Jitter     (TSJ):    0.050ns
    Total Input Jitter      (TIJ):    0.000ns
    Discrete Jitter          (DJ):    0.000ns
    Phase Error              (PE):    0.000ns
  Clock Net Delay (Destination): 2.126ns (routing 1.039ns, distribution 1.087ns)

    Location             Delay type                Incr(ns)  Path(ns)    Netlist Resource(s)
  -------------------------------------------------------------------    -------------------
    AD2                                               0.000     0.000 r  Qx[4]
                         net (fo=0)                   0.000     0.000    Qx_IBUF[4]_inst/I
    AD2                  INBUF (Prop_INBUF_HPIOB_M_PAD_O)
                                                      0.545     0.545 r  Qx_IBUF[4]_inst/INBUF_INST/O
                         net (fo=1, routed)           0.000     0.545    Qx_IBUF[4]_inst/OUT
    AD2                  IBUFCTRL (Prop_IBUFCTRL_HPIOB_M_I_O)
                                                      0.000     0.545 r  Qx_IBUF[4]_inst/IBUFCTRL_INST/O
                         net (fo=1, routed)           2.370     2.915    fir_Qx/D[4]
    SLICE_X29Y135        FDRE                                         r  fir_Qx/shift_reg_reg[0][4]/D
  -------------------------------------------------------------------    -------------------

                         (clock clk rise edge)        0.000     0.000 r  <hidden>
    E5                                                0.000     0.000 r  clk
                         net (fo=0)                   0.000     0.000    clk_IBUF_inst/I
    E5                   INBUF (Prop_INBUF_HPIOB_M_PAD_O)
                                                      0.274     0.274 r  clk_IBUF_inst/INBUF_INST/O
                         net (fo=1, routed)           0.000     0.274    clk_IBUF_inst/OUT
    E5                   IBUFCTRL (Prop_IBUFCTRL_HPIOB_M_I_O)
                                                      0.000     0.274 r  clk_IBUF_inst/IBUFCTRL_INST/O
                         net (fo=1, routed)           0.360     0.634    clk_IBUF
    BUFGCE_X0Y93         BUFGCE (Prop_BUFCE_BUFGCE_I_O)
                                                      0.039     0.673 r  clk_IBUF_BUFG_inst/O
    X0Y2 (CLOCK_ROOT)    net (fo=941, routed)         2.126     2.799    fir_Qx/CLK
    SLICE_X29Y135        FDRE                                         r  fir_Qx/shift_reg_reg[0][4]/C

Slack:                    inf
  Source:                 Qy[4]
                            (input port)
  Destination:            fir_Qy/shift_reg_reg[0][4]/D
                            (rising edge-triggered cell FDRE clocked by clk  {rise@0.000ns fall@2.500ns period=5.000ns})
  Path Group:             (none)
  Path Type:              Setup (Max at Slow Process Corner)
  Data Path Delay:        2.567ns  (logic 0.539ns (20.987%)  route 2.028ns (79.013%))
  Logic Levels:           2  (IBUFCTRL=1 INBUF=1)
  Clock Path Skew:        2.662ns (DCD - SCD + CPR)
    Destination Clock Delay (DCD):    2.662ns
    Source Clock Delay      (SCD):    0.000ns
    Clock Pessimism Removal (CPR):    0.000ns
  Clock Uncertainty:      0.025ns  ((TSJ^2 + TIJ^2)^1/2 + DJ) / 2 + PE
    Total System Jitter     (TSJ):    0.050ns
    Total Input Jitter      (TIJ):    0.000ns
    Discrete Jitter          (DJ):    0.000ns
    Phase Error              (PE):    0.000ns
  Clock Net Delay (Destination): 1.989ns (routing 1.039ns, distribution 0.950ns)

    Location             Delay type                Incr(ns)  Path(ns)    Netlist Resource(s)
  -------------------------------------------------------------------    -------------------
    AE5                                               0.000     0.000 r  Qy[4]
                         net (fo=0)                   0.000     0.000    Qy_IBUF[4]_inst/I
    AE5                  INBUF (Prop_INBUF_HPIOB_M_PAD_O)
                                                      0.539     0.539 r  Qy_IBUF[4]_inst/INBUF_INST/O
                         net (fo=1, routed)           0.000     0.539    Qy_IBUF[4]_inst/OUT
    AE5                  IBUFCTRL (Prop_IBUFCTRL_HPIOB_M_I_O)
                                                      0.000     0.539 r  Qy_IBUF[4]_inst/IBUFCTRL_INST/O
                         net (fo=1, routed)           2.028     2.567    fir_Qy/D[4]
    SLICE_X19Y130        FDRE                                         r  fir_Qy/shift_reg_reg[0][4]/D
  -------------------------------------------------------------------    -------------------

                         (clock clk rise edge)        0.000     0.000 r  <hidden>
    E5                                                0.000     0.000 r  clk
                         net (fo=0)                   0.000     0.000    clk_IBUF_inst/I
    E5                   INBUF (Prop_INBUF_HPIOB_M_PAD_O)
                                                      0.274     0.274 r  clk_IBUF_inst/INBUF_INST/O
                         net (fo=1, routed)           0.000     0.274    clk_IBUF_inst/OUT
    E5                   IBUFCTRL (Prop_IBUFCTRL_HPIOB_M_I_O)
                                                      0.000     0.274 r  clk_IBUF_inst/IBUFCTRL_INST/O
                         net (fo=1, routed)           0.360     0.634    clk_IBUF
    BUFGCE_X0Y93         BUFGCE (Prop_BUFCE_BUFGCE_I_O)
                                                      0.039     0.673 r  clk_IBUF_BUFG_inst/O
    X0Y2 (CLOCK_ROOT)    net (fo=941, routed)         1.989     2.662    fir_Qy/CLK
    SLICE_X19Y130        FDRE                                         r  fir_Qy/shift_reg_reg[0][4]/C

Slack:                    inf
  Source:                 Qy[2]
                            (input port)
  Destination:            fir_Qy/shift_reg_reg[0][2]/D
                            (rising edge-triggered cell FDRE clocked by clk  {rise@0.000ns fall@2.500ns period=5.000ns})
  Path Group:             (none)
  Path Type:              Setup (Max at Slow Process Corner)
  Data Path Delay:        2.566ns  (logic 0.528ns (20.563%)  route 2.038ns (79.437%))
  Logic Levels:           2  (IBUFCTRL=1 INBUF=1)
  Clock Path Skew:        2.674ns (DCD - SCD + CPR)
    Destination Clock Delay (DCD):    2.674ns
    Source Clock Delay      (SCD):    0.000ns
    Clock Pessimism Removal (CPR):    0.000ns
  Clock Uncertainty:      0.025ns  ((TSJ^2 + TIJ^2)^1/2 + DJ) / 2 + PE
    Total System Jitter     (TSJ):    0.050ns
    Total Input Jitter      (TIJ):    0.000ns
    Discrete Jitter          (DJ):    0.000ns
    Phase Error              (PE):    0.000ns
  Clock Net Delay (Destination): 2.001ns (routing 1.039ns, distribution 0.962ns)

    Location             Delay type                Incr(ns)  Path(ns)    Netlist Resource(s)
  -------------------------------------------------------------------    -------------------
    AD5                                               0.000     0.000 r  Qy[2]
                         net (fo=0)                   0.000     0.000    Qy_IBUF[2]_inst/I
    AD5                  INBUF (Prop_INBUF_HPIOB_M_PAD_O)
                                                      0.528     0.528 r  Qy_IBUF[2]_inst/INBUF_INST/O
                         net (fo=1, routed)           0.000     0.528    Qy_IBUF[2]_inst/OUT
    AD5                  IBUFCTRL (Prop_IBUFCTRL_HPIOB_M_I_O)
                                                      0.000     0.528 r  Qy_IBUF[2]_inst/IBUFCTRL_INST/O
                         net (fo=1, routed)           2.038     2.566    fir_Qy/D[2]
    SLICE_X20Y131        FDRE                                         r  fir_Qy/shift_reg_reg[0][2]/D
  -------------------------------------------------------------------    -------------------

                         (clock clk rise edge)        0.000     0.000 r  <hidden>
    E5                                                0.000     0.000 r  clk
                         net (fo=0)                   0.000     0.000    clk_IBUF_inst/I
    E5                   INBUF (Prop_INBUF_HPIOB_M_PAD_O)
                                                      0.274     0.274 r  clk_IBUF_inst/INBUF_INST/O
                         net (fo=1, routed)           0.000     0.274    clk_IBUF_inst/OUT
    E5                   IBUFCTRL (Prop_IBUFCTRL_HPIOB_M_I_O)
                                                      0.000     0.274 r  clk_IBUF_inst/IBUFCTRL_INST/O
                         net (fo=1, routed)           0.360     0.634    clk_IBUF
    BUFGCE_X0Y93         BUFGCE (Prop_BUFCE_BUFGCE_I_O)
                                                      0.039     0.673 r  clk_IBUF_BUFG_inst/O
    X0Y2 (CLOCK_ROOT)    net (fo=941, routed)         2.001     2.674    fir_Qy/CLK
    SLICE_X20Y131        FDRE                                         r  fir_Qy/shift_reg_reg[0][2]/C

Slack:                    inf
  Source:                 Qy[1]
                            (input port)
  Destination:            fir_Qy/shift_reg_reg[0][1]/D
                            (rising edge-triggered cell FDRE clocked by clk  {rise@0.000ns fall@2.500ns period=5.000ns})
  Path Group:             (none)
  Path Type:              Setup (Max at Slow Process Corner)
  Data Path Delay:        2.440ns  (logic 0.535ns (21.914%)  route 1.905ns (78.086%))
  Logic Levels:           2  (IBUFCTRL=1 INBUF=1)
  Clock Path Skew:        2.659ns (DCD - SCD + CPR)
    Destination Clock Delay (DCD):    2.659ns
    Source Clock Delay      (SCD):    0.000ns
    Clock Pessimism Removal (CPR):    0.000ns
  Clock Uncertainty:      0.025ns  ((TSJ^2 + TIJ^2)^1/2 + DJ) / 2 + PE
    Total System Jitter     (TSJ):    0.050ns
    Total Input Jitter      (TIJ):    0.000ns
    Discrete Jitter          (DJ):    0.000ns
    Phase Error              (PE):    0.000ns
  Clock Net Delay (Destination): 1.986ns (routing 1.039ns, distribution 0.947ns)

    Location             Delay type                Incr(ns)  Path(ns)    Netlist Resource(s)
  -------------------------------------------------------------------    -------------------
    AC3                                               0.000     0.000 r  Qy[1]
                         net (fo=0)                   0.000     0.000    Qy_IBUF[1]_inst/I
    AC3                  INBUF (Prop_INBUF_HPIOB_S_PAD_O)
                                                      0.535     0.535 r  Qy_IBUF[1]_inst/INBUF_INST/O
                         net (fo=1, routed)           0.000     0.535    Qy_IBUF[1]_inst/OUT
    AC3                  IBUFCTRL (Prop_IBUFCTRL_HPIOB_S_I_O)
                                                      0.000     0.535 r  Qy_IBUF[1]_inst/IBUFCTRL_INST/O
                         net (fo=1, routed)           1.905     2.440    fir_Qy/D[1]
    SLICE_X19Y131        FDRE                                         r  fir_Qy/shift_reg_reg[0][1]/D
  -------------------------------------------------------------------    -------------------

                         (clock clk rise edge)        0.000     0.000 r  <hidden>
    E5                                                0.000     0.000 r  clk
                         net (fo=0)                   0.000     0.000    clk_IBUF_inst/I
    E5                   INBUF (Prop_INBUF_HPIOB_M_PAD_O)
                                                      0.274     0.274 r  clk_IBUF_inst/INBUF_INST/O
                         net (fo=1, routed)           0.000     0.274    clk_IBUF_inst/OUT
    E5                   IBUFCTRL (Prop_IBUFCTRL_HPIOB_M_I_O)
                                                      0.000     0.274 r  clk_IBUF_inst/IBUFCTRL_INST/O
                         net (fo=1, routed)           0.360     0.634    clk_IBUF
    BUFGCE_X0Y93         BUFGCE (Prop_BUFCE_BUFGCE_I_O)
                                                      0.039     0.673 r  clk_IBUF_BUFG_inst/O
    X0Y2 (CLOCK_ROOT)    net (fo=941, routed)         1.986     2.659    fir_Qy/CLK
    SLICE_X19Y131        FDRE                                         r  fir_Qy/shift_reg_reg[0][1]/C

Slack:                    inf
  Source:                 Qy[7]
                            (input port)
  Destination:            fir_Qy/shift_reg_reg[0][7]/D
                            (rising edge-triggered cell FDRE clocked by clk  {rise@0.000ns fall@2.500ns period=5.000ns})
  Path Group:             (none)
  Path Type:              Setup (Max at Slow Process Corner)
  Data Path Delay:        2.413ns  (logic 0.538ns (22.285%)  route 1.875ns (77.715%))
  Logic Levels:           2  (IBUFCTRL=1 INBUF=1)
  Clock Path Skew:        2.674ns (DCD - SCD + CPR)
    Destination Clock Delay (DCD):    2.674ns
    Source Clock Delay      (SCD):    0.000ns
    Clock Pessimism Removal (CPR):    0.000ns
  Clock Uncertainty:      0.025ns  ((TSJ^2 + TIJ^2)^1/2 + DJ) / 2 + PE
    Total System Jitter     (TSJ):    0.050ns
    Total Input Jitter      (TIJ):    0.000ns
    Discrete Jitter          (DJ):    0.000ns
    Phase Error              (PE):    0.000ns
  Clock Net Delay (Destination): 2.001ns (routing 1.039ns, distribution 0.962ns)

    Location             Delay type                Incr(ns)  Path(ns)    Netlist Resource(s)
  -------------------------------------------------------------------    -------------------
    AF6                                               0.000     0.000 r  Qy[7]
                         net (fo=0)                   0.000     0.000    Qy_IBUF[7]_inst/I
    AF6                  INBUF (Prop_INBUF_HPIOB_S_PAD_O)
                                                      0.538     0.538 r  Qy_IBUF[7]_inst/INBUF_INST/O
                         net (fo=1, routed)           0.000     0.538    Qy_IBUF[7]_inst/OUT
    AF6                  IBUFCTRL (Prop_IBUFCTRL_HPIOB_S_I_O)
                                                      0.000     0.538 r  Qy_IBUF[7]_inst/IBUFCTRL_INST/O
                         net (fo=1, routed)           1.875     2.413    fir_Qy/D[7]
    SLICE_X20Y131        FDRE                                         r  fir_Qy/shift_reg_reg[0][7]/D
  -------------------------------------------------------------------    -------------------

                         (clock clk rise edge)        0.000     0.000 r  <hidden>
    E5                                                0.000     0.000 r  clk
                         net (fo=0)                   0.000     0.000    clk_IBUF_inst/I
    E5                   INBUF (Prop_INBUF_HPIOB_M_PAD_O)
                                                      0.274     0.274 r  clk_IBUF_inst/INBUF_INST/O
                         net (fo=1, routed)           0.000     0.274    clk_IBUF_inst/OUT
    E5                   IBUFCTRL (Prop_IBUFCTRL_HPIOB_M_I_O)
                                                      0.000     0.274 r  clk_IBUF_inst/IBUFCTRL_INST/O
                         net (fo=1, routed)           0.360     0.634    clk_IBUF
    BUFGCE_X0Y93         BUFGCE (Prop_BUFCE_BUFGCE_I_O)
                                                      0.039     0.673 r  clk_IBUF_BUFG_inst/O
    X0Y2 (CLOCK_ROOT)    net (fo=941, routed)         2.001     2.674    fir_Qy/CLK
    SLICE_X20Y131        FDRE                                         r  fir_Qy/shift_reg_reg[0][7]/C

Slack:                    inf
  Source:                 Ix[0]
                            (input port)
  Destination:            fir_Ix/shift_reg_reg[0][0]/D
                            (rising edge-triggered cell FDRE clocked by clk  {rise@0.000ns fall@2.500ns period=5.000ns})
  Path Group:             (none)
  Path Type:              Setup (Max at Slow Process Corner)
  Data Path Delay:        2.334ns  (logic 0.510ns (21.838%)  route 1.824ns (78.162%))
  Logic Levels:           2  (IBUFCTRL=1 INBUF=1)
  Clock Path Skew:        2.657ns (DCD - SCD + CPR)
    Destination Clock Delay (DCD):    2.657ns
    Source Clock Delay      (SCD):    0.000ns
    Clock Pessimism Removal (CPR):    0.000ns
  Clock Uncertainty:      0.025ns  ((TSJ^2 + TIJ^2)^1/2 + DJ) / 2 + PE
    Total System Jitter     (TSJ):    0.050ns
    Total Input Jitter      (TIJ):    0.000ns
    Discrete Jitter          (DJ):    0.000ns
    Phase Error              (PE):    0.000ns
  Clock Net Delay (Destination): 1.984ns (routing 1.039ns, distribution 0.945ns)

    Location             Delay type                Incr(ns)  Path(ns)    Netlist Resource(s)
  -------------------------------------------------------------------    -------------------
    F8                                                0.000     0.000 r  Ix[0]
                         net (fo=0)                   0.000     0.000    Ix_IBUF[0]_inst/I
    F8                   INBUF (Prop_INBUF_HPIOB_M_PAD_O)
                                                      0.510     0.510 r  Ix_IBUF[0]_inst/INBUF_INST/O
                         net (fo=1, routed)           0.000     0.510    Ix_IBUF[0]_inst/OUT
    F8                   IBUFCTRL (Prop_IBUFCTRL_HPIOB_M_I_O)
                                                      0.000     0.510 r  Ix_IBUF[0]_inst/IBUFCTRL_INST/O
                         net (fo=1, routed)           1.824     2.334    fir_Ix/D[0]
    SLICE_X21Y173        FDRE                                         r  fir_Ix/shift_reg_reg[0][0]/D
  -------------------------------------------------------------------    -------------------

                         (clock clk rise edge)        0.000     0.000 r  <hidden>
    E5                                                0.000     0.000 r  clk
                         net (fo=0)                   0.000     0.000    clk_IBUF_inst/I
    E5                   INBUF (Prop_INBUF_HPIOB_M_PAD_O)
                                                      0.274     0.274 r  clk_IBUF_inst/INBUF_INST/O
                         net (fo=1, routed)           0.000     0.274    clk_IBUF_inst/OUT
    E5                   IBUFCTRL (Prop_IBUFCTRL_HPIOB_M_I_O)
                                                      0.000     0.274 r  clk_IBUF_inst/IBUFCTRL_INST/O
                         net (fo=1, routed)           0.360     0.634    clk_IBUF
    BUFGCE_X0Y93         BUFGCE (Prop_BUFCE_BUFGCE_I_O)
                                                      0.039     0.673 r  clk_IBUF_BUFG_inst/O
    X0Y2 (CLOCK_ROOT)    net (fo=941, routed)         1.984     2.657    fir_Ix/CLK
    SLICE_X21Y173        FDRE                                         r  fir_Ix/shift_reg_reg[0][0]/C





Min Delay Paths
--------------------------------------------------------------------------------------
Slack:                    inf
  Source:                 valid_in
                            (input port)
  Destination:            fir_Ix/valid_stage0_reg/D
                            (rising edge-triggered cell FDRE clocked by clk  {rise@0.000ns fall@2.500ns period=5.000ns})
  Path Group:             (none)
  Path Type:              Hold (Min at Fast Process Corner)
  Data Path Delay:        0.683ns  (logic 0.172ns (25.227%)  route 0.511ns (74.773%))
  Logic Levels:           2  (IBUFCTRL=1 INBUF=1)
  Clock Path Skew:        2.049ns (DCD - SCD - CPR)
    Destination Clock Delay (DCD):    2.049ns
    Source Clock Delay      (SCD):    0.000ns
    Clock Pessimism Removal (CPR):    -0.000ns
  Clock Net Delay (Destination): 1.373ns (routing 0.679ns, distribution 0.694ns)

    Location             Delay type                Incr(ns)  Path(ns)    Netlist Resource(s)
  -------------------------------------------------------------------    -------------------
    C3                                                0.000     0.000 r  valid_in
                         net (fo=0)                   0.000     0.000    valid_in_IBUF_inst/I
    C3                   INBUF (Prop_INBUF_HPIOB_M_PAD_O)
                                                      0.172     0.172 r  valid_in_IBUF_inst/INBUF_INST/O
                         net (fo=1, routed)           0.000     0.172    valid_in_IBUF_inst/OUT
    C3                   IBUFCTRL (Prop_IBUFCTRL_HPIOB_M_I_O)
                                                      0.000     0.172 r  valid_in_IBUF_inst/IBUFCTRL_INST/O
                         net (fo=1, routed)           0.511     0.683    fir_Ix/valid_in
    SLICE_X23Y165        FDRE                                         r  fir_Ix/valid_stage0_reg/D
  -------------------------------------------------------------------    -------------------

                         (clock clk rise edge)        0.000     0.000 r  <hidden>
    E5                                                0.000     0.000 r  clk
                         net (fo=0)                   0.000     0.000    clk_IBUF_inst/I
    E5                   INBUF (Prop_INBUF_HPIOB_M_PAD_O)
                                                      0.344     0.344 r  clk_IBUF_inst/INBUF_INST/O
                         net (fo=1, routed)           0.000     0.344    clk_IBUF_inst/OUT
    E5                   IBUFCTRL (Prop_IBUFCTRL_HPIOB_M_I_O)
                                                      0.000     0.344 r  clk_IBUF_inst/IBUFCTRL_INST/O
                         net (fo=1, routed)           0.306     0.650    clk_IBUF
    BUFGCE_X0Y93         BUFGCE (Prop_BUFCE_BUFGCE_I_O)
                                                      0.026     0.676 r  clk_IBUF_BUFG_inst/O
    X0Y2 (CLOCK_ROOT)    net (fo=941, routed)         1.373     2.049    fir_Ix/CLK
    SLICE_X23Y165        FDRE                                         r  fir_Ix/valid_stage0_reg/C

Slack:                    inf
  Source:                 Qx[3]
                            (input port)
  Destination:            fir_Qx/shift_reg_reg[0][3]/D
                            (rising edge-triggered cell FDRE clocked by clk  {rise@0.000ns fall@2.500ns period=5.000ns})
  Path Group:             (none)
  Path Type:              Hold (Min at Fast Process Corner)
  Data Path Delay:        0.766ns  (logic 0.175ns (22.869%)  route 0.591ns (77.131%))
  Logic Levels:           2  (IBUFCTRL=1 INBUF=1)
  Clock Path Skew:        2.079ns (DCD - SCD - CPR)
    Destination Clock Delay (DCD):    2.079ns
    Source Clock Delay      (SCD):    0.000ns
    Clock Pessimism Removal (CPR):    -0.000ns
  Clock Net Delay (Destination): 1.403ns (routing 0.679ns, distribution 0.724ns)

    Location             Delay type                Incr(ns)  Path(ns)    Netlist Resource(s)
  -------------------------------------------------------------------    -------------------
    AC2                                               0.000     0.000 r  Qx[3]
                         net (fo=0)                   0.000     0.000    Qx_IBUF[3]_inst/I
    AC2                  INBUF (Prop_INBUF_HPIOB_S_PAD_O)
                                                      0.175     0.175 r  Qx_IBUF[3]_inst/INBUF_INST/O
                         net (fo=1, routed)           0.000     0.175    Qx_IBUF[3]_inst/OUT
    AC2                  IBUFCTRL (Prop_IBUFCTRL_HPIOB_S_I_O)
                                                      0.000     0.175 r  Qx_IBUF[3]_inst/IBUFCTRL_INST/O
                         net (fo=1, routed)           0.591     0.766    fir_Qx/D[3]
    SLICE_X29Y133        FDRE                                         r  fir_Qx/shift_reg_reg[0][3]/D
  -------------------------------------------------------------------    -------------------

                         (clock clk rise edge)        0.000     0.000 r  <hidden>
    E5                                                0.000     0.000 r  clk
                         net (fo=0)                   0.000     0.000    clk_IBUF_inst/I
    E5                   INBUF (Prop_INBUF_HPIOB_M_PAD_O)
                                                      0.344     0.344 r  clk_IBUF_inst/INBUF_INST/O
                         net (fo=1, routed)           0.000     0.344    clk_IBUF_inst/OUT
    E5                   IBUFCTRL (Prop_IBUFCTRL_HPIOB_M_I_O)
                                                      0.000     0.344 r  clk_IBUF_inst/IBUFCTRL_INST/O
                         net (fo=1, routed)           0.306     0.650    clk_IBUF
    BUFGCE_X0Y93         BUFGCE (Prop_BUFCE_BUFGCE_I_O)
                                                      0.026     0.676 r  clk_IBUF_BUFG_inst/O
    X0Y2 (CLOCK_ROOT)    net (fo=941, routed)         1.403     2.079    fir_Qx/CLK
    SLICE_X29Y133        FDRE                                         r  fir_Qx/shift_reg_reg[0][3]/C

Slack:                    inf
  Source:                 Qx[6]
                            (input port)
  Destination:            fir_Qx/shift_reg_reg[0][6]/D
                            (rising edge-triggered cell FDRE clocked by clk  {rise@0.000ns fall@2.500ns period=5.000ns})
  Path Group:             (none)
  Path Type:              Hold (Min at Fast Process Corner)
  Data Path Delay:        0.770ns  (logic 0.161ns (20.954%)  route 0.609ns (79.046%))
  Logic Levels:           2  (IBUFCTRL=1 INBUF=1)
  Clock Path Skew:        2.085ns (DCD - SCD - CPR)
    Destination Clock Delay (DCD):    2.085ns
    Source Clock Delay      (SCD):    0.000ns
    Clock Pessimism Removal (CPR):    -0.000ns
  Clock Net Delay (Destination): 1.410ns (routing 0.679ns, distribution 0.731ns)

    Location             Delay type                Incr(ns)  Path(ns)    Netlist Resource(s)
  -------------------------------------------------------------------    -------------------
    AB4                                               0.000     0.000 r  Qx[6]
                         net (fo=0)                   0.000     0.000    Qx_IBUF[6]_inst/I
    AB4                  INBUF (Prop_INBUF_HPIOB_M_PAD_O)
                                                      0.161     0.161 r  Qx_IBUF[6]_inst/INBUF_INST/O
                         net (fo=1, routed)           0.000     0.161    Qx_IBUF[6]_inst/OUT
    AB4                  IBUFCTRL (Prop_IBUFCTRL_HPIOB_M_I_O)
                                                      0.000     0.161 r  Qx_IBUF[6]_inst/IBUFCTRL_INST/O
                         net (fo=1, routed)           0.609     0.770    fir_Qx/D[6]
    SLICE_X30Y134        FDRE                                         r  fir_Qx/shift_reg_reg[0][6]/D
  -------------------------------------------------------------------    -------------------

                         (clock clk rise edge)        0.000     0.000 r  <hidden>
    E5                                                0.000     0.000 r  clk
                         net (fo=0)                   0.000     0.000    clk_IBUF_inst/I
    E5                   INBUF (Prop_INBUF_HPIOB_M_PAD_O)
                                                      0.344     0.344 r  clk_IBUF_inst/INBUF_INST/O
                         net (fo=1, routed)           0.000     0.344    clk_IBUF_inst/OUT
    E5                   IBUFCTRL (Prop_IBUFCTRL_HPIOB_M_I_O)
                                                      0.000     0.344 r  clk_IBUF_inst/IBUFCTRL_INST/O
                         net (fo=1, routed)           0.306     0.650    clk_IBUF
    BUFGCE_X0Y93         BUFGCE (Prop_BUFCE_BUFGCE_I_O)
                                                      0.026     0.676 r  clk_IBUF_BUFG_inst/O
    X0Y2 (CLOCK_ROOT)    net (fo=941, routed)         1.410     2.085    fir_Qx/CLK
    SLICE_X30Y134        FDRE                                         r  fir_Qx/shift_reg_reg[0][6]/C

Slack:                    inf
  Source:                 Qx[5]
                            (input port)
  Destination:            fir_Qx/shift_reg_reg[0][5]/D
                            (rising edge-triggered cell FDRE clocked by clk  {rise@0.000ns fall@2.500ns period=5.000ns})
  Path Group:             (none)
  Path Type:              Hold (Min at Fast Process Corner)
  Data Path Delay:        0.782ns  (logic 0.180ns (23.011%)  route 0.602ns (76.989%))
  Logic Levels:           2  (IBUFCTRL=1 INBUF=1)
  Clock Path Skew:        2.079ns (DCD - SCD - CPR)
    Destination Clock Delay (DCD):    2.079ns
    Source Clock Delay      (SCD):    0.000ns
    Clock Pessimism Removal (CPR):    -0.000ns
  Clock Net Delay (Destination): 1.403ns (routing 0.679ns, distribution 0.724ns)

    Location             Delay type                Incr(ns)  Path(ns)    Netlist Resource(s)
  -------------------------------------------------------------------    -------------------
    AD1                                               0.000     0.000 r  Qx[5]
                         net (fo=0)                   0.000     0.000    Qx_IBUF[5]_inst/I
    AD1                  INBUF (Prop_INBUF_HPIOB_S_PAD_O)
                                                      0.180     0.180 r  Qx_IBUF[5]_inst/INBUF_INST/O
                         net (fo=1, routed)           0.000     0.180    Qx_IBUF[5]_inst/OUT
    AD1                  IBUFCTRL (Prop_IBUFCTRL_HPIOB_S_I_O)
                                                      0.000     0.180 r  Qx_IBUF[5]_inst/IBUFCTRL_INST/O
                         net (fo=1, routed)           0.602     0.782    fir_Qx/D[5]
    SLICE_X29Y133        FDRE                                         r  fir_Qx/shift_reg_reg[0][5]/D
  -------------------------------------------------------------------    -------------------

                         (clock clk rise edge)        0.000     0.000 r  <hidden>
    E5                                                0.000     0.000 r  clk
                         net (fo=0)                   0.000     0.000    clk_IBUF_inst/I
    E5                   INBUF (Prop_INBUF_HPIOB_M_PAD_O)
                                                      0.344     0.344 r  clk_IBUF_inst/INBUF_INST/O
                         net (fo=1, routed)           0.000     0.344    clk_IBUF_inst/OUT
    E5                   IBUFCTRL (Prop_IBUFCTRL_HPIOB_M_I_O)
                                                      0.000     0.344 r  clk_IBUF_inst/IBUFCTRL_INST/O
                         net (fo=1, routed)           0.306     0.650    clk_IBUF
    BUFGCE_X0Y93         BUFGCE (Prop_BUFCE_BUFGCE_I_O)
                                                      0.026     0.676 r  clk_IBUF_BUFG_inst/O
    X0Y2 (CLOCK_ROOT)    net (fo=941, routed)         1.403     2.079    fir_Qx/CLK
    SLICE_X29Y133        FDRE                                         r  fir_Qx/shift_reg_reg[0][5]/C

Slack:                    inf
  Source:                 Ix[5]
                            (input port)
  Destination:            fir_Ix/shift_reg_reg[0][5]/D
                            (rising edge-triggered cell FDRE clocked by clk  {rise@0.000ns fall@2.500ns period=5.000ns})
  Path Group:             (none)
  Path Type:              Hold (Min at Fast Process Corner)
  Data Path Delay:        0.783ns  (logic 0.145ns (18.476%)  route 0.638ns (81.524%))
  Logic Levels:           2  (IBUFCTRL=1 INBUF=1)
  Clock Path Skew:        1.988ns (DCD - SCD - CPR)
    Destination Clock Delay (DCD):    1.988ns
    Source Clock Delay      (SCD):    0.000ns
    Clock Pessimism Removal (CPR):    -0.000ns
  Clock Net Delay (Destination): 1.312ns (routing 0.679ns, distribution 0.633ns)

    Location             Delay type                Incr(ns)  Path(ns)    Netlist Resource(s)
  -------------------------------------------------------------------    -------------------
    F6                                                0.000     0.000 r  Ix[5]
                         net (fo=0)                   0.000     0.000    Ix_IBUF[5]_inst/I
    F6                   INBUF (Prop_INBUF_HPIOB_S_PAD_O)
                                                      0.145     0.145 r  Ix_IBUF[5]_inst/INBUF_INST/O
                         net (fo=1, routed)           0.000     0.145    Ix_IBUF[5]_inst/OUT
    F6                   IBUFCTRL (Prop_IBUFCTRL_HPIOB_S_I_O)
                                                      0.000     0.145 r  Ix_IBUF[5]_inst/IBUFCTRL_INST/O
                         net (fo=1, routed)           0.638     0.783    fir_Ix/D[5]
    SLICE_X21Y173        FDRE                                         r  fir_Ix/shift_reg_reg[0][5]/D
  -------------------------------------------------------------------    -------------------

                         (clock clk rise edge)        0.000     0.000 r  <hidden>
    E5                                                0.000     0.000 r  clk
                         net (fo=0)                   0.000     0.000    clk_IBUF_inst/I
    E5                   INBUF (Prop_INBUF_HPIOB_M_PAD_O)
                                                      0.344     0.344 r  clk_IBUF_inst/INBUF_INST/O
                         net (fo=1, routed)           0.000     0.344    clk_IBUF_inst/OUT
    E5                   IBUFCTRL (Prop_IBUFCTRL_HPIOB_M_I_O)
                                                      0.000     0.344 r  clk_IBUF_inst/IBUFCTRL_INST/O
                         net (fo=1, routed)           0.306     0.650    clk_IBUF
    BUFGCE_X0Y93         BUFGCE (Prop_BUFCE_BUFGCE_I_O)
                                                      0.026     0.676 r  clk_IBUF_BUFG_inst/O
    X0Y2 (CLOCK_ROOT)    net (fo=941, routed)         1.312     1.988    fir_Ix/CLK
    SLICE_X21Y173        FDRE                                         r  fir_Ix/shift_reg_reg[0][5]/C

Slack:                    inf
  Source:                 Ix[6]
                            (input port)
  Destination:            fir_Ix/shift_reg_reg[0][6]/D
                            (rising edge-triggered cell FDRE clocked by clk  {rise@0.000ns fall@2.500ns period=5.000ns})
  Path Group:             (none)
  Path Type:              Hold (Min at Fast Process Corner)
  Data Path Delay:        0.784ns  (logic 0.159ns (20.303%)  route 0.625ns (79.697%))
  Logic Levels:           2  (IBUFCTRL=1 INBUF=1)
  Clock Path Skew:        1.988ns (DCD - SCD - CPR)
    Destination Clock Delay (DCD):    1.988ns
    Source Clock Delay      (SCD):    0.000ns
    Clock Pessimism Removal (CPR):    -0.000ns
  Clock Net Delay (Destination): 1.312ns (routing 0.679ns, distribution 0.633ns)

    Location             Delay type                Incr(ns)  Path(ns)    Netlist Resource(s)
  -------------------------------------------------------------------    -------------------
    D5                                                0.000     0.000 r  Ix[6]
                         net (fo=0)                   0.000     0.000    Ix_IBUF[6]_inst/I
    D5                   INBUF (Prop_INBUF_HPIOB_S_PAD_O)
                                                      0.159     0.159 r  Ix_IBUF[6]_inst/INBUF_INST/O
                         net (fo=1, routed)           0.000     0.159    Ix_IBUF[6]_inst/OUT
    D5                   IBUFCTRL (Prop_IBUFCTRL_HPIOB_S_I_O)
                                                      0.000     0.159 r  Ix_IBUF[6]_inst/IBUFCTRL_INST/O
                         net (fo=1, routed)           0.625     0.784    fir_Ix/D[6]
    SLICE_X21Y173        FDRE                                         r  fir_Ix/shift_reg_reg[0][6]/D
  -------------------------------------------------------------------    -------------------

                         (clock clk rise edge)        0.000     0.000 r  <hidden>
    E5                                                0.000     0.000 r  clk
                         net (fo=0)                   0.000     0.000    clk_IBUF_inst/I
    E5                   INBUF (Prop_INBUF_HPIOB_M_PAD_O)
                                                      0.344     0.344 r  clk_IBUF_inst/INBUF_INST/O
                         net (fo=1, routed)           0.000     0.344    clk_IBUF_inst/OUT
    E5                   IBUFCTRL (Prop_IBUFCTRL_HPIOB_M_I_O)
                                                      0.000     0.344 r  clk_IBUF_inst/IBUFCTRL_INST/O
                         net (fo=1, routed)           0.306     0.650    clk_IBUF
    BUFGCE_X0Y93         BUFGCE (Prop_BUFCE_BUFGCE_I_O)
                                                      0.026     0.676 r  clk_IBUF_BUFG_inst/O
    X0Y2 (CLOCK_ROOT)    net (fo=941, routed)         1.312     1.988    fir_Ix/CLK
    SLICE_X21Y173        FDRE                                         r  fir_Ix/shift_reg_reg[0][6]/C

Slack:                    inf
  Source:                 Ix[4]
                            (input port)
  Destination:            fir_Ix/shift_reg_reg[0][4]/D
                            (rising edge-triggered cell FDRE clocked by clk  {rise@0.000ns fall@2.500ns period=5.000ns})
  Path Group:             (none)
  Path Type:              Hold (Min at Fast Process Corner)
  Data Path Delay:        0.793ns  (logic 0.144ns (18.149%)  route 0.649ns (81.851%))
  Logic Levels:           2  (IBUFCTRL=1 INBUF=1)
  Clock Path Skew:        1.988ns (DCD - SCD - CPR)
    Destination Clock Delay (DCD):    1.988ns
    Source Clock Delay      (SCD):    0.000ns
    Clock Pessimism Removal (CPR):    -0.000ns
  Clock Net Delay (Destination): 1.312ns (routing 0.679ns, distribution 0.633ns)

    Location             Delay type                Incr(ns)  Path(ns)    Netlist Resource(s)
  -------------------------------------------------------------------    -------------------
    G6                                                0.000     0.000 r  Ix[4]
                         net (fo=0)                   0.000     0.000    Ix_IBUF[4]_inst/I
    G6                   INBUF (Prop_INBUF_HPIOB_M_PAD_O)
                                                      0.144     0.144 r  Ix_IBUF[4]_inst/INBUF_INST/O
                         net (fo=1, routed)           0.000     0.144    Ix_IBUF[4]_inst/OUT
    G6                   IBUFCTRL (Prop_IBUFCTRL_HPIOB_M_I_O)
                                                      0.000     0.144 r  Ix_IBUF[4]_inst/IBUFCTRL_INST/O
                         net (fo=1, routed)           0.649     0.793    fir_Ix/D[4]
    SLICE_X21Y173        FDRE                                         r  fir_Ix/shift_reg_reg[0][4]/D
  -------------------------------------------------------------------    -------------------

                         (clock clk rise edge)        0.000     0.000 r  <hidden>
    E5                                                0.000     0.000 r  clk
                         net (fo=0)                   0.000     0.000    clk_IBUF_inst/I
    E5                   INBUF (Prop_INBUF_HPIOB_M_PAD_O)
                                                      0.344     0.344 r  clk_IBUF_inst/INBUF_INST/O
                         net (fo=1, routed)           0.000     0.344    clk_IBUF_inst/OUT
    E5                   IBUFCTRL (Prop_IBUFCTRL_HPIOB_M_I_O)
                                                      0.000     0.344 r  clk_IBUF_inst/IBUFCTRL_INST/O
                         net (fo=1, routed)           0.306     0.650    clk_IBUF
    BUFGCE_X0Y93         BUFGCE (Prop_BUFCE_BUFGCE_I_O)
                                                      0.026     0.676 r  clk_IBUF_BUFG_inst/O
    X0Y2 (CLOCK_ROOT)    net (fo=941, routed)         1.312     1.988    fir_Ix/CLK
    SLICE_X21Y173        FDRE                                         r  fir_Ix/shift_reg_reg[0][4]/C

Slack:                    inf
  Source:                 Qx[2]
                            (input port)
  Destination:            fir_Qx/shift_reg_reg[0][2]/D
                            (rising edge-triggered cell FDRE clocked by clk  {rise@0.000ns fall@2.500ns period=5.000ns})
  Path Group:             (none)
  Path Type:              Hold (Min at Fast Process Corner)
  Data Path Delay:        0.802ns  (logic 0.170ns (21.157%)  route 0.632ns (78.843%))
  Logic Levels:           2  (IBUFCTRL=1 INBUF=1)
  Clock Path Skew:        2.079ns (DCD - SCD - CPR)
    Destination Clock Delay (DCD):    2.079ns
    Source Clock Delay      (SCD):    0.000ns
    Clock Pessimism Removal (CPR):    -0.000ns
  Clock Net Delay (Destination): 1.403ns (routing 0.679ns, distribution 0.724ns)

    Location             Delay type                Incr(ns)  Path(ns)    Netlist Resource(s)
  -------------------------------------------------------------------    -------------------
    AB2                                               0.000     0.000 r  Qx[2]
                         net (fo=0)                   0.000     0.000    Qx_IBUF[2]_inst/I
    AB2                  INBUF (Prop_INBUF_HPIOB_M_PAD_O)
                                                      0.170     0.170 r  Qx_IBUF[2]_inst/INBUF_INST/O
                         net (fo=1, routed)           0.000     0.170    Qx_IBUF[2]_inst/OUT
    AB2                  IBUFCTRL (Prop_IBUFCTRL_HPIOB_M_I_O)
                                                      0.000     0.170 r  Qx_IBUF[2]_inst/IBUFCTRL_INST/O
                         net (fo=1, routed)           0.632     0.802    fir_Qx/D[2]
    SLICE_X29Y133        FDRE                                         r  fir_Qx/shift_reg_reg[0][2]/D
  -------------------------------------------------------------------    -------------------

                         (clock clk rise edge)        0.000     0.000 r  <hidden>
    E5                                                0.000     0.000 r  clk
                         net (fo=0)                   0.000     0.000    clk_IBUF_inst/I
    E5                   INBUF (Prop_INBUF_HPIOB_M_PAD_O)
                                                      0.344     0.344 r  clk_IBUF_inst/INBUF_INST/O
                         net (fo=1, routed)           0.000     0.344    clk_IBUF_inst/OUT
    E5                   IBUFCTRL (Prop_IBUFCTRL_HPIOB_M_I_O)
                                                      0.000     0.344 r  clk_IBUF_inst/IBUFCTRL_INST/O
                         net (fo=1, routed)           0.306     0.650    clk_IBUF
    BUFGCE_X0Y93         BUFGCE (Prop_BUFCE_BUFGCE_I_O)
                                                      0.026     0.676 r  clk_IBUF_BUFG_inst/O
    X0Y2 (CLOCK_ROOT)    net (fo=941, routed)         1.403     2.079    fir_Qx/CLK
    SLICE_X29Y133        FDRE                                         r  fir_Qx/shift_reg_reg[0][2]/C

Slack:                    inf
  Source:                 Qx[1]
                            (input port)
  Destination:            fir_Qx/shift_reg_reg[0][1]/D
                            (rising edge-triggered cell FDRE clocked by clk  {rise@0.000ns fall@2.500ns period=5.000ns})
  Path Group:             (none)
  Path Type:              Hold (Min at Fast Process Corner)
  Data Path Delay:        0.803ns  (logic 0.208ns (25.863%)  route 0.595ns (74.137%))
  Logic Levels:           2  (IBUFCTRL=1 INBUF=1)
  Clock Path Skew:        2.089ns (DCD - SCD - CPR)
    Destination Clock Delay (DCD):    2.089ns
    Source Clock Delay      (SCD):    0.000ns
    Clock Pessimism Removal (CPR):    -0.000ns
  Clock Net Delay (Destination): 1.414ns (routing 0.679ns, distribution 0.735ns)

    Location             Delay type                Incr(ns)  Path(ns)    Netlist Resource(s)
  -------------------------------------------------------------------    -------------------
    AH4                                               0.000     0.000 r  Qx[1]
                         net (fo=0)                   0.000     0.000    Qx_IBUF[1]_inst/I
    AH4                  INBUF (Prop_INBUF_HPIOB_S_PAD_O)
                                                      0.208     0.208 r  Qx_IBUF[1]_inst/INBUF_INST/O
                         net (fo=1, routed)           0.000     0.208    Qx_IBUF[1]_inst/OUT
    AH4                  IBUFCTRL (Prop_IBUFCTRL_HPIOB_S_I_O)
                                                      0.000     0.208 r  Qx_IBUF[1]_inst/IBUFCTRL_INST/O
                         net (fo=1, routed)           0.595     0.803    fir_Qx/D[1]
    SLICE_X29Y134        FDRE                                         r  fir_Qx/shift_reg_reg[0][1]/D
  -------------------------------------------------------------------    -------------------

                         (clock clk rise edge)        0.000     0.000 r  <hidden>
    E5                                                0.000     0.000 r  clk
                         net (fo=0)                   0.000     0.000    clk_IBUF_inst/I
    E5                   INBUF (Prop_INBUF_HPIOB_M_PAD_O)
                                                      0.344     0.344 r  clk_IBUF_inst/INBUF_INST/O
                         net (fo=1, routed)           0.000     0.344    clk_IBUF_inst/OUT
    E5                   IBUFCTRL (Prop_IBUFCTRL_HPIOB_M_I_O)
                                                      0.000     0.344 r  clk_IBUF_inst/IBUFCTRL_INST/O
                         net (fo=1, routed)           0.306     0.650    clk_IBUF
    BUFGCE_X0Y93         BUFGCE (Prop_BUFCE_BUFGCE_I_O)
                                                      0.026     0.676 r  clk_IBUF_BUFG_inst/O
    X0Y2 (CLOCK_ROOT)    net (fo=941, routed)         1.414     2.089    fir_Qx/CLK
    SLICE_X29Y134        FDRE                                         r  fir_Qx/shift_reg_reg[0][1]/C

Slack:                    inf
  Source:                 Iy[0]
                            (input port)
  Destination:            fir_Iy/shift_reg_reg[0][0]/D
                            (rising edge-triggered cell FDRE clocked by clk  {rise@0.000ns fall@2.500ns period=5.000ns})
  Path Group:             (none)
  Path Type:              Hold (Min at Fast Process Corner)
  Data Path Delay:        0.804ns  (logic 0.202ns (25.135%)  route 0.602ns (74.865%))
  Logic Levels:           2  (IBUFCTRL=1 INBUF=1)
  Clock Path Skew:        2.070ns (DCD - SCD - CPR)
    Destination Clock Delay (DCD):    2.070ns
    Source Clock Delay      (SCD):    0.000ns
    Clock Pessimism Removal (CPR):    -0.000ns
  Clock Net Delay (Destination): 1.394ns (routing 0.679ns, distribution 0.715ns)

    Location             Delay type                Incr(ns)  Path(ns)    Netlist Resource(s)
  -------------------------------------------------------------------    -------------------
    AH2                                               0.000     0.000 r  Iy[0]
                         net (fo=0)                   0.000     0.000    Iy_IBUF[0]_inst/I
    AH2                  INBUF (Prop_INBUF_HPIOB_M_PAD_O)
                                                      0.202     0.202 r  Iy_IBUF[0]_inst/INBUF_INST/O
                         net (fo=1, routed)           0.000     0.202    Iy_IBUF[0]_inst/OUT
    AH2                  IBUFCTRL (Prop_IBUFCTRL_HPIOB_M_I_O)
                                                      0.000     0.202 r  Iy_IBUF[0]_inst/IBUFCTRL_INST/O
                         net (fo=1, routed)           0.602     0.804    fir_Iy/D[0]
    SLICE_X29Y148        FDRE                                         r  fir_Iy/shift_reg_reg[0][0]/D
  -------------------------------------------------------------------    -------------------

                         (clock clk rise edge)        0.000     0.000 r  <hidden>
    E5                                                0.000     0.000 r  clk
                         net (fo=0)                   0.000     0.000    clk_IBUF_inst/I
    E5                   INBUF (Prop_INBUF_HPIOB_M_PAD_O)
                                                      0.344     0.344 r  clk_IBUF_inst/INBUF_INST/O
                         net (fo=1, routed)           0.000     0.344    clk_IBUF_inst/OUT
    E5                   IBUFCTRL (Prop_IBUFCTRL_HPIOB_M_I_O)
                                                      0.000     0.344 r  clk_IBUF_inst/IBUFCTRL_INST/O
                         net (fo=1, routed)           0.306     0.650    clk_IBUF
    BUFGCE_X0Y93         BUFGCE (Prop_BUFCE_BUFGCE_I_O)
                                                      0.026     0.676 r  clk_IBUF_BUFG_inst/O
    X0Y2 (CLOCK_ROOT)    net (fo=941, routed)         1.394     2.070    fir_Iy/CLK
    SLICE_X29Y148        FDRE                                         r  fir_Iy/shift_reg_reg[0][0]/C





